IEMG,MAV,ZC,FR,MNF,MDF,PKF,WENT,label
1.9352465823520764,1.0144070246797332,43.62767366200286,1.2495053655935802,159.49974664849555,52.93191749862552,188.48457662326956,0.06484533678883483,0
4.758500101408589,1.2099173654688027,39.962088660826296,1.6201201587688914,77.67679933980673,48.5055221423228,158.07971710081284,0.013501312098678775,0
3.6867703148758855,2.1436411133453417,25.853852125257404,1.3440001709844998,101.99595415548293,124.58687310411297,243.96474922686994,0.06510343067890612,2
3.0334265725654794,0.8830107458467359,64.65400030913392,0.6249538746676946,149.49209552867273,175.25628514898568,117.22633666732048,0.018070174608770466,0
0.864491338167939,2.1806417277898196,52.8961744457766,0.7783703551753332,122.313401678672,110.38098325366136,179.9355907198199,0.07393098146668725,2
0.864373149647393,0.2659293558928942,87.91308930916033,0.8289922760463787,160.78565579523408,47.212131631502714,199.03570254833784,0.04510698819228376,1
0.38460969962417735,1.9531561711611454,12.889862243385242,0.8867963804672674,194.18118518342897,70.97061185084387,220.34596318871488,0.08539268424116668,2
4.344263114297182,2.1264917009841042,67.94811347996136,1.3481050879257563,67.48200315727962,74.2710068982079,149.1850751727612,0.09482763207386176,1
3.0454635575417233,0.49545324945147995,78.66539906604051,1.2559486697380902,156.43515745970916,87.29999807917301,196.77672430177185,0.047539930731904816,1
3.569555631200623,1.104349004311891,78.35379122694764,0.8047400575463134,84.55162334481719,46.10447370206977,131.54425013532807,0.05144997659263716,1
0.200864022049432,0.45547444792595626,89.74665703859726,0.6013322651835307,112.17150911113538,166.68497806970828,154.03093570150946,0.06311328229115652,0
4.852558275593772,1.7811801160358336,75.61303685465447,0.7571483067120771,54.92940886927097,112.17895226100933,232.25661230457786,0.027741944967224548,0
4.178968939922067,1.361602031751059,93.50290554829267,1.9765719689279049,70.38610734390484,133.93031101357525,241.48429358626223,0.09345995567455252,2
1.1404616423235534,1.6065421994353866,39.93909398388023,1.2028204246872085,97.96659335733494,49.404197165301255,202.19894897763498,0.04896999338512355,1
0.990942339314793,0.5313930690427173,55.28884750763888,1.8010182570531688,101.29787079319775,47.57616549251092,143.63982143195145,0.025013830232440658,2
0.9986820982818257,0.5687773620284279,11.267169695460161,1.773128700003265,184.93778246931436,122.10548808567661,219.40982429569289,0.07864586500769956,1
1.590786990501735,0.1516684474992706,10.62618285729621,1.2672793361943104,161.27193638997727,164.22144147058913,84.39740389332142,0.02972362351995867,1
2.6713065149979656,0.839065461229538,31.61139584063679,1.5600315626908152,195.82744522805615,113.98748013433658,97.46680479170158,0.02291763475646695,2
2.2165305913463675,1.4213744202675038,19.072647742517674,0.7891280156190684,139.86072655028607,162.89468415981003,192.4335351838114,0.06065848679446065,2
1.5270227869704056,2.1519405392934554,33.41902311421782,1.5325950573903624,86.2570598136977,153.5387782277335,129.51225779590976,0.07043457297624318,2
3.0980791841396598,1.6839722462737678,25.933896507555765,0.9085768688949343,99.14825448824644,50.6195300112889,241.73565712808121,0.061260646659842474,2
0.783519917195005,1.116720992329391,12.566802235478342,1.748093145131226,97.97538849379507,68.27404641399659,154.1303040556918,0.0690859584052627,0
1.5315087778225691,2.3851442802656377,91.83737317654445,0.6255861996633649,98.97414914948774,132.07949368174795,152.9920194661601,0.020397161107697,1
1.8951730321390896,1.8121507414107882,10.740081825000237,1.6597080093279162,150.94462596677235,102.09019355700582,195.27351673245832,0.05284162340956967,1
2.334742922663476,2.3289047470132473,76.24739299033769,0.6499053598529293,129.62118921356245,80.69797391056888,210.48665559205224,0.04213167796796872,0
3.947362210825767,1.342590534516806,23.69330982275649,1.8217838553414634,107.81362671299664,98.60873984671707,160.8449854812732,0.09760317546161097,1
1.0784015325759628,0.6843154732431921,92.100665979964,0.9563067772025056,72.36346530930749,102.3279504778888,116.3801532909931,0.01446615407615207,0
2.619748748226697,0.17942538159356886,90.35163456308972,1.481590047245862,53.320874441321884,167.47731511502352,211.46246926335567,0.03684647827539308,1
3.0028313874240085,1.828907886135434,68.85110317323316,1.2312534179304198,82.82520163815389,54.48415971869342,134.4597167285167,0.09476759746825499,0
0.3276070223279889,0.3471923451135586,70.50107348205447,1.0494547178935085,66.12071059530219,79.1623045530661,109.76883077995579,0.09851465648658966,0
3.0769697743170483,0.7917990642663196,10.480522777271968,1.4681627497752447,167.8167546278359,115.25907432157994,187.37883228725224,0.08424114469544201,1
0.9355682060677285,1.3545537243155488,98.63844095022418,1.921284470826857,66.8746936720828,137.76016972828285,95.37712338835956,0.016839841961476837,1
0.41875280562786965,1.432820640060382,89.0049343218233,0.5619046210619327,158.6342355960254,128.2892204542941,245.12995476462933,0.06052195255091864,1
4.749539132541333,1.5214288326184835,90.55956031570828,1.8782792838246565,107.84880346641239,171.82998328323524,187.5075349500633,0.04601106934034205,2
4.8315969620653405,0.45732555935676655,69.33200833457848,1.4136224825315202,61.00675846156639,151.38524947472627,247.6022385566985,0.08258073109258615,1
4.06114700577066,0.9803566418130395,41.03082357890828,1.7109714511535785,171.90950741473785,117.99075787642025,137.61188199136814,0.014952181201419997,1
1.5926074689495167,1.5621258564365685,90.42837841814327,1.0758124301514163,136.944585535492,70.05557683429106,245.10487740236763,0.027741587648023196,1
0.578593358631281,2.4260562183527727,36.23652353360731,1.2077644622564205,85.36422692953596,103.12239239631357,104.745582113866,0.05402755596003665,2
3.452741829909569,1.8326962873642374,60.64403890079826,1.803276127701746,184.2021761499002,137.07351418722683,86.91811129899483,0.024188289665304428,1
2.2567472193240468,2.3103792048801965,18.975787510949417,1.1222719547147346,56.788747080582716,157.3147044770519,85.60729027728243,0.07234436284248685,0
0.6979873507394163,1.917419542869734,92.97600671194752,1.3019893501236275,80.27294122966444,174.36307141913423,159.0279630018686,0.08386904990258184,0
2.526366859545224,1.4997065737863813,22.6693411994092,0.5302923846264993,162.80703917087914,124.76338725930847,94.11071357136112,0.07340679042648791,2
0.2685037534645701,0.5204572543840442,30.240712515736654,0.7378970087570634,156.4066895464834,113.76871142262054,167.0685403084923,0.04962553422759841,2
4.555669970186032,1.6833798471366572,60.23207423153935,1.4625297619621995,93.3907540586717,42.476869236960766,135.67508559651307,0.08905488996273817,2
1.368021909840083,1.5772799366017725,78.76837001916834,1.5754653515958157,59.30373130291747,50.09386968102519,137.05692872059964,0.022391751854794757,2
3.346359193334512,1.526049467620303,65.74161753426691,1.373901405176749,178.71171083374156,61.85469966923604,188.05352941267887,0.0334304725509108,2
1.6273842728381138,1.24997537657119,30.892052152014056,0.7149650544134161,97.05464571048539,47.66639036654793,107.72666104577543,0.054058571672707306,1
2.648333303771273,1.3452086797737253,10.08487382747413,1.1681081428667524,79.35701223923978,96.1208534326897,210.31407295775426,0.015520473899132678,0
2.7788803687820707,0.8693841914393551,78.14355222766953,1.0326421495447846,127.40927335414656,87.1629963194421,178.9452563623679,0.018611720340989256,0
1.0057868320750827,1.322316096973643,98.66865933199844,1.2434920160526324,186.5340798923671,129.229582101575,235.54058690407686,0.04576990345501349,1
4.8509646760463365,0.5340119689122718,82.89218082754813,1.8054935518311415,56.5319866765063,114.99311511067638,142.02291114047898,0.09494976670610987,2
3.8981508344694618,2.0226772735329233,51.41859563409538,1.6637921579879777,164.87061320463317,123.43590631430035,247.06154865141133,0.09175723239493003,1
4.703544813664527,0.5051535390118341,91.3390535259196,0.6259842520837384,135.87098419080633,106.07680841127157,177.89069994138396,0.05193773724505701,2
4.48465401709548,0.25816741022919276,46.886290580651504,1.8354637966618466,113.81736748277254,78.883200797596,245.47833255188075,0.022794269005965706,0
3.0297098961743174,1.1188027645750356,57.24406758191208,1.2076507267247354,161.612066615759,173.39554409250678,84.60031118800961,0.026029689036259206,0
4.617183751613273,1.6628532267898517,52.941679065611496,1.6157932173289977,194.87366366624485,52.097282366419456,203.75597481010595,0.04397914491482146,2
0.5336132600544056,1.1224062210871764,50.28614853989725,0.7100588468965282,84.38093167440366,171.444739925143,218.82565912976517,0.028906677557810324,1
1.0603160258538116,0.7280476232807062,79.76716923645152,1.506079288560572,71.54710476081794,83.57332656106286,89.03945873500288,0.017467803495134007,2
0.32161371566163655,1.4175194005315799,57.40920165425428,0.8544890264141869,186.93226178340456,111.77260235142164,178.42484288276177,0.07063997351679975,2
1.6941186207399954,0.90015572175989,38.50454098226945,1.1575713457113972,150.34296161859555,55.23792519585646,216.33018991020623,0.06233037740134254,0
2.004518719478462,2.335525840810251,33.23423508926305,0.5252943051231567,115.6979032342949,49.9303495719413,175.37658328792236,0.03621670821802766,2
1.4296102556920902,2.3104805920287514,13.397258527069004,0.727415956895714,135.98893553964245,100.1363628206044,90.84831036892933,0.08010535442970737,1
4.1608137948444535,1.280810958931634,62.48756456947414,0.6381207396854296,161.8420857764366,143.83763269315494,197.88603095271293,0.0798353998935251,2
1.8480913007985877,0.8533157853447335,30.696527386093077,0.8596162594073877,165.95478480585757,77.71106885679686,90.30147549446247,0.05419017731914857,0
1.4765790974681658,1.855974414193766,23.332052981474476,0.6500271350364835,187.98412712284468,118.7287044509448,218.96971215279456,0.01868792999607045,1
2.7592108074754176,0.1399467115335133,68.84469674449099,1.537865039929343,114.0264183343434,79.01104767319457,87.31581116213805,0.09266224600912219,1
0.790528702376337,1.2131840648069456,71.3088332039394,0.5435598533138291,94.01163650290925,94.40582852502571,103.35755477176303,0.07017944711868743,0
4.030765205694794,0.8739923159623173,77.69394030318993,1.426610750937497,145.9496400184763,166.90248458633545,126.76829038895565,0.03223457372367559,0
0.46529815403087704,2.305312918501259,55.32192067047323,0.7110617462383614,112.35918489192954,159.81754756928873,187.672014684336,0.06494090923308041,2
4.935745989342535,0.07940741681807223,90.46491446834979,1.9177421857668453,139.1897680923467,112.24245607846818,245.98104693732202,0.046451934624486726,0
3.8839993695536217,1.4043964455099553,94.2708478058405,1.8996411096647814,112.99786976839252,73.33478784609102,100.02988494538886,0.06718146757623622,0
1.073706839517445,1.864625773613234,82.66338458132405,0.8382546537814439,72.94936800172617,67.0457477826232,104.26030376636614,0.05264838061579188,0
0.12705837390565178,1.238294069433901,67.20341338073685,1.4216319473345442,120.41401274884376,173.572229425,142.70796743916665,0.05369249352157602,0
4.095760999428688,0.2592374238986681,37.33488582320698,0.5420079792086876,153.63767329115493,68.38032351149626,222.15725341840442,0.07622938827166234,1
3.5636009848533243,2.4325304055683605,98.4650429458199,1.8976828145767612,169.8925711501475,153.14356352775548,159.4292619676384,0.06523531714575782,1
3.6721351234008384,1.31912555687144,34.67225504727445,1.2844809622875646,123.99894151948203,91.65582933497521,134.67380204348967,0.01719574221198031,1
3.8792246987611345,1.554756298581578,28.239122979138795,0.5648347271266685,74.78568353156014,177.99237865815337,175.4046514755064,0.01588362134016733,0
0.4628187934970428,0.629693967633393,49.79387024079245,1.0137499895122062,112.20315644741473,91.5418036507903,124.28894356577752,0.03745083137470528,2
1.856482069866936,1.2345703085116695,15.115651364114962,0.6152741927918512,167.94408932625475,89.21232748750165,148.19718423207854,0.048722139688487175,2
0.6677583916731357,1.1014162552978888,98.06450182046117,1.0894166590600398,111.92889059256092,129.24490804286722,136.54287536944713,0.03477003032613575,2
4.329206786790408,0.23349481290486018,62.959020077478236,1.5048895132419846,154.47961904063334,174.6123529277547,216.7039738104898,0.06863138722629263,2
3.1541608214550343,0.3100928661912947,60.12568824977577,1.2048348620621594,126.08205225171346,176.6693448115006,237.12347349446014,0.02755971385530597,1
1.7214003217779812,2.1018076730659976,69.02166519097479,1.0755832620791816,86.1834687664095,139.00886050537792,209.12727266667503,0.07337269867565528,2
0.4114359164015159,0.6375588829061462,54.7321282999486,0.6787355683106973,169.42257620346115,145.6448911890895,154.6442079250972,0.07958356677000372,1
1.623813376406745,0.5276477651716449,12.885716538508742,0.8674085685404844,62.632018110603056,118.87630463622388,165.73694617443283,0.02118873768360855,2
1.6933982779310608,1.2870330555628413,65.10801599563571,0.6502149316075267,128.73354241327257,145.80860347852646,101.26252796800406,0.06857256190266893,2
3.675070273856514,1.933430471838157,74.45564892607875,1.711248097484991,81.33365513651074,160.3691516958695,206.96700089287143,0.09652923783101028,1
3.224031609640545,0.20176897051852044,47.507415456164786,0.7028597419770839,60.05984428120635,108.05334244730325,181.4008654971575,0.027354143553701207,1
4.447342438624,1.4631794031137269,78.15660148640737,1.3930600498233403,125.44009056248733,126.78071679621442,233.4147993433642,0.0918372548004539,2
2.413853133293552,0.34206558495940476,30.430116940457854,1.0141106203832688,124.93432339023853,115.22433733262667,114.10389440777604,0.0645443154346615,0
0.6860118050976783,0.13932957452276523,29.914893195956562,0.8389675769827752,156.03513525135813,118.7458858940148,209.15344072854407,0.06318503805985408,2
3.594899457392676,0.17922268279743264,24.527528891881655,1.4592026592381555,161.71260395778575,164.60670738235171,196.39418249226225,0.014673041408878046,2
3.8278467382227976,2.0937020651106812,43.479528381024565,1.185503464065411,159.1687233039345,89.78635622877982,125.19374074765787,0.07734702505477585,2
2.8502582680905317,0.3390325848887508,86.23108318501752,1.1002182009268386,111.43380993751325,69.14576358408739,193.45436872194028,0.053044574738325245,1
3.877739181777349,0.1606208428101153,84.51208559341579,1.3892780073383324,144.7534680839844,103.87921543830808,237.14347469803042,0.07490569526516207,2
2.5195984221855148,1.1228547235001352,44.45417871671534,1.2369014427350011,136.54178639659403,69.13192666737712,236.1341179034102,0.08282629931019454,0
2.661390863971771,2.1177840062579607,63.02068623822129,0.9552263128273412,113.23426341753793,109.77605959268269,202.33651766774403,0.057141673603505076,2
2.1949509899568933,0.6929005223987899,74.87346848274241,1.3385919316478776,139.58190412789898,166.4911347499882,88.17242913079022,0.03372798819504828,0
0.22455372104606644,1.0831959129384952,31.70860971652207,1.5042478648260418,192.08718150593938,126.44069286754689,228.28493734442745,0.022741524225353204,0
0.6286679922671918,0.1478102047811905,25.132697730527237,0.5400397378802815,78.9340615522066,159.7605994624309,191.8223631907718,0.024445281513917286,0
0.25400300986499785,1.150242359630446,97.48863938910799,1.198807593361513,185.86581436782896,63.26672874617165,132.77382304106484,0.08802411885512189,2
3.2184110151925243,1.4651520475609776,65.58015818886567,0.5865249268753157,58.018327097479755,166.12230295520476,111.83256148996888,0.021122028606734983,1
1.640344307274001,1.448722281692755,98.32741496502975,0.7796081211021666,96.2583819352491,124.25020301699621,99.75465670954391,0.044622466574191166,1
2.5919963867070437,0.8644453958271947,40.398038841900615,1.3407631011169596,93.22178729172924,44.446370423667176,88.54027287381936,0.04008471816601278,2
4.547075722237856,0.8230562926246822,73.27285299767183,1.799283372898371,143.95476618213587,128.63665373990517,208.1975521516286,0.08789101000650733,2
1.3215319228294875,0.3112278663946648,30.034327288711395,1.8242085187827273,69.68374276659355,173.1955738765285,120.09330982035681,0.05299241506248625,0
2.110876322874586,0.9486558855833577,33.508015414652164,0.6049160152079469,182.35214177596305,51.08338006655069,84.12299912735337,0.09968017756133239,2
3.8022005788609388,0.29376193873876344,56.07119091426616,1.1286576294300599,174.2827112697562,121.5438582657401,147.53601081313818,0.07633492716728303,1
1.2211110109089502,1.9281600645445267,38.76563129572641,1.374509724506827,147.80987295279166,168.16700440176007,162.04320370069763,0.0865831217863857,2
0.47720155816108567,2.4173720294830554,25.0859407456526,0.7206048568255151,118.76207476882966,41.35732356681244,108.76913925302158,0.01888050394240074,2
1.5197821192774634,2.426682418833432,33.65926317903934,1.6481483251171576,189.94340632131176,128.32780970521526,87.48821714763346,0.03277920297384064,2
0.8899843075446217,2.1694241934697147,13.217355501927818,1.6163528876558582,174.6119832080834,106.48632085633477,112.1513321266717,0.022190157601464543,0
4.655518496478608,1.521940765882067,73.3981259329738,1.855011520560192,124.89727221218673,88.57850461080548,195.44746951221765,0.05172597751605038,2
4.059789859865643,1.767120958247506,54.290499137727544,0.5127290181251645,155.2810031681467,127.85510859235265,93.98142513270508,0.07464587393457188,2
3.203678406901075,0.7487542165670146,18.481875976407306,0.825026365983504,135.03949282695268,47.37829324223837,174.35629519468895,0.025215721138270017,2
4.370156891919817,1.5953875294229207,25.45245938156421,1.7407800713679826,138.1913357582397,145.428826480236,104.89003794438834,0.021715169011276493,1
4.037993176805661,1.1663413961276998,19.22810843013796,1.5058700762404031,99.6464104156207,40.62712676875907,113.26715950867128,0.06531478739023963,0
1.0141932885415756,1.2309424824534847,65.13335274482888,1.841584780547736,119.31269069373451,82.97100413092932,146.8232401553388,0.030728147838708163,0
4.473539092600891,1.906552572919137,18.47893272512444,0.5857694817953998,61.71821461846163,110.55420927585497,97.14030712913433,0.053139256457836695,1
2.742776985386689,0.7406999712132666,77.88540997316944,1.3954459485746642,103.60230374968887,92.78311507931724,109.44459547297619,0.014600595495494596,0
4.056456760303907,0.8291970486515738,11.845982738835206,1.3535698623405112,154.3742773043228,83.04663092878155,139.32190994673022,0.07125515308607185,1
4.490847369625117,2.3153723882651596,32.44382091963029,0.5535116245407985,192.98240457592794,156.31692036553346,136.04373093472236,0.058718474347784835,0
1.6582170273621333,0.18774952238488202,90.16000083027164,1.2702831153687253,194.45961691445305,170.87656039806726,207.37615256487442,0.06826806090627696,0
0.6392544301856161,1.2398040311126841,74.66781863100215,1.4142804669648863,133.35843036873376,162.3197758868244,92.71299187149214,0.034786574205377147,0
1.2168822964555144,2.2863619609992614,16.567149963311895,0.7869397613031608,140.99333777143733,113.14038382699995,226.27662506327837,0.035074267782537805,2
2.192828164268656,1.5453893691544849,83.90134940366617,0.9099943746869944,77.85817782514513,163.78298452708762,218.75946902570732,0.08212244797816824,0
4.108272353020216,1.3886973318197238,54.37316093861843,1.4605210194466056,154.2962162140296,168.92061912541612,210.21857874762952,0.07467060816863436,2
4.3175798579560825,0.6618732391119203,86.21047244519463,1.2024514213999375,60.598818901157934,97.29337558664469,132.59330161873254,0.06217557860787532,2
0.13406543960283446,0.8910249482078983,64.06657970053541,1.7870204863524903,92.70285286991668,79.68242033076237,219.88990354193388,0.06653291282038726,2
2.602661782630072,2.1375186187214976,71.36497288295729,1.0135726490137826,150.25450209281632,53.757128813864846,111.07635364917773,0.01846397615509949,1
2.1453139154290173,1.4200844228327225,99.41514043561374,0.8999894875823018,96.5465197315234,107.07286894689207,101.14956499535481,0.08705541740061283,0
1.1883282713065784,1.3111183747041109,30.910199133161637,1.977298910517264,57.477031117168146,172.4815688613818,87.64257669321285,0.07929163297104964,0
0.6873402999350458,0.2939702981730709,66.15510172852495,1.866703655195125,174.78056140264457,118.52705392985195,239.68276171094791,0.06314423804411029,0
1.7543143398777772,0.08926898331505165,51.42892510516585,0.5434891174984697,96.54950107018445,133.458694250064,132.36185260989652,0.09267356179908165,2
4.720257549171344,2.41102871228327,13.550675763042229,1.656092922959849,59.46578372880177,55.80373458885866,235.995039630244,0.025177411692945982,0
1.6836943669017008,0.9736161098527621,11.302357735257853,0.6655021607378044,61.21822467542978,60.09275297991587,126.34430545828604,0.07179916474307502,2
2.6420740465424943,1.5278720021437857,20.73057200360728,0.5412277922440565,87.76381981831304,105.02625667435416,234.28621308717942,0.09666835998869448,2
3.5447928985863717,0.24530192930884825,68.41825664846934,0.9105432739495234,76.70239208322894,173.17707185772161,233.667938983835,0.03790080681129288,2
1.8817850516585408,1.7236300000214642,61.0446779122053,0.9040188185916564,166.1450176670226,90.50984982281405,237.0249276518212,0.011376308266075857,2
4.861732205332707,2.334788436329604,59.80866050473547,1.728978143520447,98.25260700005516,162.84776578445468,164.34608467831293,0.07613807202722198,0
4.815991745216345,1.4603798698436783,12.867108627543407,1.5660008689142528,170.70436775597489,56.84040307959961,227.21086875581165,0.010628229201051435,2
1.3337332495442846,0.3589825398197559,52.237269672400636,1.9724141409980214,76.07689967347292,126.38240897071941,241.63020234844444,0.08852802842639504,1
2.536517678872689,1.4752177423100181,93.21605360582757,1.5672693504677278,123.93187693161256,124.08581676747255,135.1848801225205,0.015067112689321286,1
1.5743037181021715,1.9275506721063984,45.7832682379582,1.1273833298840719,153.20557003296932,160.38246500983757,151.20864896603436,0.06874882568846895,1
1.4957184224495914,1.0457205146063457,66.24302228096107,1.5483914914178252,147.79862807987823,40.46433861668621,202.27083184707647,0.04394657299808354,2
0.2807460420372107,2.2056024824565963,80.18368080608292,1.9991886007796031,140.16941148954032,66.5904334076601,131.06116969296116,0.028300658834505957,0
3.086865236501495,1.639273235725543,80.55327512276989,1.5652128238437921,188.72324028967546,70.75626756012744,208.147582515152,0.09084325598684462,0
2.5631272138214216,2.2531598498085463,56.73520741557442,1.6425220339704774,84.27877215601166,172.99525233270322,92.56166468630077,0.0771621266734176,2
0.3522458811249478,1.5775880125559762,87.21567508621027,1.907547522785389,124.05788066931581,61.5171118777853,168.9947253290522,0.040639650952893416,2
1.4653676747593962,0.3716555314118194,45.224028402737225,0.670476891967525,182.5988825108613,45.17472903087845,100.7932922942367,0.035573778357150254,2
4.550502841236603,0.8087446922077134,89.98238933063185,1.5571764401715904,61.68406483927356,114.82460926385312,129.864990994235,0.07624110647450254,1
1.273853264268165,0.5443976232185195,31.620444975599078,1.7762089369511735,58.38324023796129,113.99818474071543,123.96631672270024,0.08529136863456975,2
0.8099848732469932,2.276624919406313,35.219476629151394,1.9315679003313395,84.99534313374372,158.16657515150098,222.61845250565324,0.07442654178662285,2
2.498318525360059,1.9129801648543328,14.780856177910099,0.816453934567549,144.95318293070278,172.8403510248923,112.89793341905357,0.06759903025321673,0
4.929687225141944,1.707176003829515,81.60236528880546,1.2558935115863663,88.98194396747104,115.39636189961834,217.4361464270502,0.030513225266978396,0
1.2860708304063522,0.7873674830974732,47.5349712609435,1.5208322714667228,78.53598257131985,170.19918553875178,214.97325880434673,0.0867523584948825,1
3.393464182288805,0.5009096915230232,30.620495252025915,0.8712015942520062,118.82034730374382,141.52228118197615,164.81011944472908,0.07746957851125374,1
3.8319361151107163,1.9033051655728341,30.861124985492168,1.4007092948754112,142.03971031541172,77.0382779193819,119.75335345134204,0.056554686078977304,1
1.2644239655627585,1.2116869674037454,91.12599471063099,0.886368173746999,87.28365605251106,169.97889953214968,118.57237779255786,0.05604289860401027,1
3.6682601081981123,0.6031844027690414,85.05249404149332,1.000185530797471,95.1036780085613,133.44204466546245,159.03719000969414,0.06122557250266118,2
1.902137350324341,1.560723846504924,59.8177796821465,1.1622780447662975,142.03389572172708,97.97343058396874,81.49753125689777,0.08454487547607965,2
3.19829856990854,0.14881793773920735,65.4499720374149,1.2937851481198503,191.8607632984179,135.2338918323703,170.32962828393227,0.07680335939538017,1
3.2042955827283843,0.8491171226142212,52.68930134952619,1.174048807437726,151.21125911571323,96.18379588412512,241.9725193803994,0.08706204945512949,1
2.725295951966317,1.19796463674828,45.249988859092795,1.2397932796818938,167.435621537684,55.9857275183143,106.30016991664141,0.05565544944928502,0
0.5424198732666007,0.41249791856804435,92.39291930964983,0.947883134432439,105.02151421332032,140.65702460476598,177.4687556508526,0.06621841531164314,0
4.192982228387266,2.462403470097557,21.305143316827184,0.7384476410339459,90.83815390766992,155.37226570390413,243.50237706955767,0.08691146262063816,0
1.6718223183615057,0.562288543244555,47.66021107446051,0.5710249659902591,118.14016148039337,142.03286786271428,226.28876371357202,0.030908805415904385,1
1.0139407009592858,0.3693651686060006,41.01057171890878,0.7939680837375016,171.06992430675103,72.07605348593472,224.56461978482784,0.049961861223060164,0
0.2997981936183432,0.5486604410228962,54.83356482260335,1.3729154622586746,118.44494626858338,173.92890188686582,219.71448816735213,0.06585870132814484,1
2.995375421622385,1.9341997762413246,51.186868709065756,1.6791731717046985,177.00881131847916,43.53563863676183,132.53401302955155,0.09236316316222913,2
3.420065373027184,1.092488865216015,56.700057848597325,0.7538713961643417,198.31579710426905,86.57594163258969,231.4048613153581,0.011425240994151249,1
0.18128036174649514,1.4352690523937184,22.592707950429467,0.6628330366589728,60.80399985955045,76.41294083488538,240.02785970963907,0.02913158423559048,2
2.609255985666477,0.10147243461658384,56.182735136194935,1.6239355408238754,56.81152341255555,46.73767186607914,164.28471196083672,0.03110054569851614,2
1.2098292984698962,0.13435670600462069,31.81769324984898,0.9577374958059346,72.43845543700428,96.80215701841358,140.277078034108,0.03939514122356148,1
3.2613466730063045,1.1422725970761898,26.589821408937212,1.9272491588410288,107.65545136015193,127.23607762278843,150.41893265299552,0.03536079583786111,0
0.9543955021244581,2.0508053458439774,15.83507969075721,1.5714769559155597,69.65633137181486,163.55740088791418,136.81509511131515,0.06311249070060149,1
3.4855949167020834,2.218835252833535,78.63873028805268,0.9901340708645463,180.5996716428134,178.5565602668058,116.11113514417181,0.08970582378292709,0
1.9950031968726336,0.2624310906093186,48.4697728770904,0.9343141216905574,53.47193765405957,153.13254209661574,185.1362399429912,0.06732800569651505,2
4.689976944809999,1.368989600147506,66.39793149805826,1.2855475794069635,97.36890745037337,105.61527261979548,175.6414706617049,0.03173739030589233,2
0.773852626315367,2.2874127313842125,75.4834008974269,0.6187170024173141,77.7041944241308,141.3186196353843,158.63946207667686,0.08773775650630761,2
1.771225120146267,1.0005332482748217,71.13849987821982,0.6765147689679485,189.73089952362986,158.1073304025497,96.2937157364214,0.0668841210232762,2
0.6560202540788864,2.0824362869995032,52.345064718071406,0.7637868219742887,150.4221507335042,105.14300749861539,215.47180400001997,0.029706591248911146,1
4.630998729564958,0.3775543532786187,44.91086760565568,1.6620853899568404,186.80453846770618,149.90762076356998,109.73870566763416,0.042549988344985294,2
4.398962831566807,2.3417164996861066,43.836391867659735,1.2707860389036836,195.849306546559,107.57133856380274,99.47554737732818,0.08109683260658043,0
1.3639139758042627,1.8909871279516917,67.60439172370508,0.5158506841616644,124.56473655160538,94.10943872274117,185.92213723210108,0.07650380633384028,0
3.3339218255674776,2.356269262327909,54.531491944768604,1.5102747912081635,85.14786620720395,113.65271728972657,147.76954141041296,0.06189241325550784,2
4.104388780985958,1.707712222203641,86.42190231896595,1.1355352679907456,79.0593179294884,134.61966326780026,90.16744080989601,0.023029075246650564,1
2.8204839768373655,0.9403396333985963,88.72317858940409,1.266278547445697,83.43782925287607,141.76348788460365,140.4466203433799,0.08229603675830538,2
2.695287833944432,2.34854387268557,25.35043402058666,0.8211743651194033,156.28899614330044,89.9430776448951,211.20265988844366,0.03767882756974733,2
1.2850762254122134,0.7251386019574874,22.26102863911531,1.3276733425911553,56.06685921845011,119.98483521784487,184.59236488690658,0.07944381450992462,0
0.5562035622489062,0.8638226790512448,66.73608334323995,1.968729859627233,57.70416095490723,167.3819223712626,141.67362390778945,0.0682809729186033,1
4.496357213971301,1.766980624104264,37.11031732560515,0.6101670365086422,141.2214413574725,176.68380601548958,112.60681457787997,0.03377532534791664,1
4.51204848010032,1.9250249338371965,11.671364688858898,0.925876099496646,146.308572010611,71.81473276575363,187.40525553681147,0.0291132305319391,0
3.2021971406390133,2.327038535430427,89.97784024266596,0.8644963892912447,149.789438648369,66.9963631998678,230.8844011608804,0.02178189309319469,0
1.7612459761386334,0.5517659021877134,30.421069051942744,0.8728239661267694,105.78207568828869,134.7359886800108,189.86636206270535,0.03177516129293042,0
1.8111269156020386,2.005095186287099,93.63525865172282,1.0680595363480658,170.891733307123,98.05574401528213,218.19365529053812,0.0242046120204226,1
3.6571828264641733,1.8594378308225605,74.56910057904282,1.7271646771162512,130.04368815899264,43.39112737853918,168.65973255424308,0.06553461230089762,0
4.4958402737676275,0.2062966628213148,78.63881409203358,1.869288034946581,65.81984450141292,88.56066189061977,202.0550881459749,0.06389048070795282,0
4.446723478899075,0.9986966959650072,28.13153462138444,0.80332263118846,169.56489606010177,152.9442640861153,232.3585515423199,0.06275548541195175,0
3.921390174702357,0.7427753697972417,31.077498305513164,1.3144249069221692,192.96016794056874,151.63977025364557,211.44042630397138,0.06777008283023546,2
3.2459550661560104,0.7960015396673745,56.914097844165916,1.4553484582482206,59.0054469503538,109.25592083432146,234.67517207768478,0.08333060805681097,1
0.5122858284757393,2.458219854909017,25.488986738487597,1.2827412115457673,108.70270080508699,106.16091088425495,153.29373235973017,0.09221974403948231,1
0.8919806990636076,1.6248046630258235,37.48885234147291,1.1511145912953793,123.12740672521214,121.13104194081285,233.71744337159961,0.030733798411158593,2
4.502915523782688,1.8083065865940742,38.93162301530241,0.7879632587888568,71.97061401174754,70.71553947890064,185.6664298618903,0.06289970411520332,1
3.071502392331991,2.4427132114217724,24.36669399274877,1.232329038798858,180.15634216743157,113.64610748473376,227.90829023388793,0.017050259912254433,0
0.1450655529214853,0.9741443670212149,28.466455005564466,1.1018222415669934,92.62244673350659,41.546490407930776,86.69401017443202,0.020812819452003563,2
0.5972105600435573,2.0145084127093744,80.96966578074309,1.6933450437534046,167.451280990724,106.57833766963873,191.83490492530115,0.06889053816652514,0
3.351158668629474,1.1146008600960138,25.047626909254156,1.6454065387444927,150.6491723042474,87.04714647508297,224.15576340924278,0.05379225055214058,0
0.12480176084647157,2.1803574959467005,12.561165265953024,0.7009980218085061,139.70687337005353,134.48174482651234,109.61434571934396,0.07824988781509905,0
0.8879594519457434,0.49261097621269284,66.64194483660447,0.6327785788446014,78.82142730448317,129.36950178136786,192.50377868903695,0.048310973289151425,0
2.788795567896272,2.371831133807485,97.8384807453205,1.8622309148412546,83.10552808263586,93.31702322559326,220.24230141682736,0.02148385661496443,1
3.4902864686941975,0.5859906856066552,39.809243316080924,1.3032625834467466,57.102260711985394,41.01821740700282,128.9513928375483,0.0884848288447743,2
3.2946101715627427,0.8492402421032823,20.679013287662706,1.786701405923886,86.10686446733996,75.31830811529446,148.89187574408663,0.017459962403079007,2
1.198919616356743,1.9026709735616123,61.33485928307777,0.5872266808496017,101.81654141907711,128.66869902648273,176.81801214486728,0.027006817828184385,0
3.589678184602926,1.0147000968352464,91.57187899860816,1.2897734247824455,174.9717955793638,50.13226802245063,168.25850711037555,0.03492791793656659,2
1.2625205287343204,1.5401178730777945,80.5655601845631,1.3091397718643545,104.95890000722079,55.06993905668494,86.66219681631306,0.09957525463588841,2
1.6944585209804122,1.1392050776201,66.02642815714444,1.7910530488132248,163.19326741484096,130.5849034393922,96.77425667452029,0.04751738381583855,0
3.7578078850783188,1.8688063458699657,38.355084694683946,0.6464149973445612,115.91634219432314,145.80743613290093,97.07931848174142,0.05515376774303035,0
3.283201205331352,0.6094115683030966,58.769215594859794,0.860668345513864,167.73024679908326,85.01695912177969,124.58554393485974,0.07927270758764816,1
4.261194711421472,0.1932220687303487,18.21203571738298,1.1098074708305197,196.44074006555599,108.55422917231866,121.79689917641637,0.06727740268049325,1
3.322303172271683,0.7848270238090124,71.10508818526029,1.7987622131299132,85.97623370863701,172.3995910977122,206.17780524375593,0.08572786227472001,0
2.884712156343811,1.2120562289276542,75.25864170078857,1.9083249726058504,179.35124179458143,172.37609870463572,177.36654562274458,0.053779011272910446,1
0.5590063623576532,0.4616491278720625,96.85284606189269,1.9890869293904418,143.2736129458662,83.05038842488023,209.875934389691,0.09749599187438998,1
1.9018074349912244,0.9192533596581524,33.43576228705645,1.9387902296877824,172.59413923829823,153.39830250239265,91.88232975984792,0.08171311254276772,2
1.3994916016404548,1.029958394819243,11.661077713872038,0.5089126337665316,147.73788534017078,123.15216739296024,162.4864203701721,0.046122884948193874,0
1.2955492525575096,0.19061001703627023,59.104761798443555,0.5715625121808081,113.59242609112252,176.5678290690532,135.0418484750958,0.04431446406507232,2
4.867751718286983,1.4791027580513012,73.6111453957133,0.721410228736383,84.21124091626855,106.8658997595535,224.48968282847687,0.0936542072839796,2
2.026178850867126,2.2166413985296542,81.13667282946892,1.0232931451554097,60.50528379967476,148.4589615221786,200.32415667468356,0.07159740722332456,0
4.471028120367855,0.42177013673497843,27.436503972232956,1.744877046480438,130.32775466910755,147.53919814608196,227.77394004055537,0.06592902710730748,2
3.1925792673865887,1.5146296328337094,33.55775821333213,1.8389842930032207,198.54891417902985,109.64060146863066,87.89261080903022,0.07820475736904298,1
3.9945753873540775,1.6786110520315736,56.13318327405667,0.7802516094418745,160.70627075213093,151.3882160016231,202.53999322632208,0.06047504453005404,1
2.5629217562154416,1.0773699670272565,39.75407289730016,1.429496227429563,99.10183120985249,76.54564666297951,171.80141986712826,0.024325009577715405,1
2.92682903466916,1.7676890890424617,87.44603379287005,1.8760429775979148,174.0807200130103,57.11542508063204,220.2500049326462,0.0387293915870588,1
2.5133366997124336,1.0562922815529796,52.63841383648482,1.195597603896981,165.34760002646098,99.52292425174429,166.21730045738957,0.06021503773380729,1
1.0566906402104181,1.2863613555447155,81.96207796918027,0.655315357929176,92.24536900301851,172.10829192870185,171.83554324332454,0.011635103883445026,2
3.640015364781376,0.0680149591583461,62.255778443411835,1.1867204751269373,52.146123469135205,110.10424514835402,88.80045476015107,0.04936156344669051,0
1.4757845759601935,1.7447142796299877,79.57811274554008,1.063692353432086,67.72439578009244,128.93627941056977,193.64888705611435,0.07802225913483431,2
0.21914823551412382,1.670289563414575,39.94056878772915,1.3664869940990105,181.59592854680864,127.38274382710254,126.43377885285851,0.024781060406464515,2
3.2628142499451225,0.14408214944954417,84.827495973728,1.1579880266106555,175.48445529573075,58.56020141773426,83.34796677039948,0.015810305514121516,1
0.9678423290945398,0.9522127631180761,34.71150839959194,0.5260188902805769,94.28135013175437,94.64156353280944,91.2943176260251,0.08524262266549287,1
4.70824706332928,2.448628009939585,59.148892720296175,1.9909966001205066,92.77931394266307,138.97145620906247,242.73855352422436,0.06555464816170258,2
4.774250027312678,1.0808045782931113,29.26064018564868,1.3153103565958564,168.92974806537066,176.07861380130169,138.833139228574,0.025892107524051758,2
4.582835512080198,1.2797662425730123,52.7973869463574,1.2104461332269143,190.6606204843133,63.52248336158366,227.57285686559703,0.08256744825248742,0
1.9137776312516777,2.2793288874913102,38.63576885578328,1.931926057256081,166.87058851964,97.46186464747628,243.14512979177348,0.06923165243384911,0
0.1757374209914504,1.8072915958711033,34.00330875734928,0.7337905513806157,140.83680155461423,53.31313197238211,240.35542210234487,0.04007073426835944,0
4.648760956679855,1.476071821254348,97.02865162252337,0.7838564038178724,86.40070254977067,73.93270435089585,229.8932909189014,0.043857664476556535,0
2.1981023267548405,2.004621469285628,24.406669493805758,1.7120221235941753,128.8621871142891,92.74630806566103,232.12346511842117,0.024029934686834353,0
4.836608613313981,2.1676973528171346,80.85932537116557,0.8912466200375131,85.0267787889897,115.69005471332906,129.13136753796175,0.08517300347878663,1
4.821737887737339,1.169375775756304,98.57484635348935,1.6988406594372905,171.20171301451603,72.27936351347134,105.74988134426091,0.05581059864793679,0
4.279746331790064,1.2140154940829968,11.791133536607004,0.9073002243627538,108.04416192766058,71.85877256501601,188.67463555494703,0.06013171689792946,2
1.54279957114097,0.9958247923469978,72.91246726378856,0.5497814453375023,175.05458254910394,148.89619707962854,162.97795061770006,0.0895142723677973,1
1.986978870149434,2.4184300430452286,32.76206250006584,1.275522085830074,107.2413826974088,174.76983281256338,96.78694217817907,0.011424755480778453,2
4.270569690432599,1.7580573230113585,13.6439041895474,0.7950296511902921,173.62241077998368,85.30581548520387,195.18202372380983,0.016023075627096286,1
1.6529178252657608,0.25389651220977716,46.260062106096775,1.6367694393987067,99.99767227478628,136.31888260899524,175.6862012724115,0.024542108367383353,1
0.9305144587618532,2.1642510771168952,94.16960291537875,1.4617994498482223,116.01990569265048,76.13126459010891,226.72145813777465,0.0127034031779331,0
2.828326186045916,1.2273718550488568,11.058858493029792,1.8854040019668767,142.32326290139864,169.9133156951885,183.56124526702777,0.06923405409619596,2
4.6871583933878265,0.21844707073509428,62.90971227368035,1.674482535898604,60.5431421044878,134.20633042315575,177.57085055269812,0.06704915213694887,0
3.510546003707368,1.3968072751501122,55.12568307357919,0.7711639322610903,192.23105927231967,152.3747596492598,154.92779296654675,0.02897217126360871,2
2.8932997334378885,1.07205248349047,88.60457479339428,1.7002373549971945,136.04086791857048,46.909566047883075,158.67380188110795,0.02344658003980253,2
0.5761648194767659,2.200486041913431,17.560154306856308,1.462605567221035,126.17300220362034,123.79083555368744,242.24480858644972,0.023111623124794606,0
3.113535410825932,0.5497867788429991,71.33734268979853,1.5034274626409374,175.90909566798683,113.86572639017352,103.53582159804068,0.09579172719867782,0
4.9512638655108905,2.0748382932558482,71.20987285899496,1.748394328955223,179.86440948452415,81.01956696761448,155.8571991589718,0.07241540757622675,1
0.7864116746589678,1.4163372934043592,70.21720151760549,1.3607361037834105,128.3390606793524,76.74019790802453,191.4906297675633,0.06268859456185714,1
2.6398152965823103,0.1837952428729992,94.81010454415333,1.1990052715295194,189.0893488690456,121.20347232437577,153.6118097503679,0.03902381846245849,1
4.399128052446982,2.4310209882474374,84.07787761061924,1.454961553038092,59.710664911472094,138.90798890101152,128.14665659692884,0.04897388781179107,2
3.729766226995602,1.30590734805284,13.777545361915541,0.9469361434375386,66.98386883768264,44.64418598492645,128.85075302968534,0.01804652930792869,0
3.5153771308768134,0.7626482928673772,52.39745656340619,0.7738956966306489,139.51823450216602,119.43622146931861,119.72152786381167,0.09983366992495013,1
3.542172011536836,1.2000467628736824,45.81577505812001,1.4248817571068697,103.10987926903755,63.86433405252801,138.46354409912524,0.07795769172144713,0
1.8615066409768006,2.151751569617848,37.91324989817218,0.8507725536282165,119.63377492837982,59.650782394054076,228.1847118492064,0.06593078411454051,1
1.5386000368960178,0.7970126547434057,50.62030526386876,0.6198726640199101,99.21188268457499,127.23672833325584,165.8881735549092,0.0628990475705094,1
4.065869661844717,0.5220571713924158,44.577476643337974,0.5008312768778809,110.70879671674035,83.52181641044623,120.84058377322913,0.05538829348298553,0
4.069555633927986,0.3662245549806596,48.91005098907988,1.4124791021001006,173.39695207194492,101.72323263888097,145.36954189451052,0.03316846849072263,1
4.348654361042508,0.7797555260560176,98.13356790477782,1.0432231752203553,139.0214299781457,90.39983332156821,97.99117005335657,0.03037513631137604,0
4.574878707526709,1.9611178132481066,17.976967727462267,1.628466456010184,199.60168239252474,130.7670848213533,233.68607575558545,0.059457921147030204,1
2.6055777544185954,1.2054845947283912,93.00077828548568,1.0627645974696538,168.03187967314443,105.81676724930564,149.39363145554344,0.016318073310215654,0
2.5574298439672782,0.607329929049173,53.221304212392404,1.22900517235734,91.04993811527399,174.88421268531266,246.66650478082286,0.016702371898168214,1
4.011646376937199,0.45715324904388555,66.13680209495871,1.1106274592230774,89.65176765900443,89.33358627490514,139.08159145462827,0.06047322428443152,1
3.2848232608110495,0.8651872174504289,84.71646699559244,1.4758621866640191,100.38474051755107,143.63980763679695,222.18052802861058,0.09278308433892153,2
3.5396376985627467,2.3528147135699866,42.441672623433,1.0342087430224522,176.4889220971614,76.02095946162623,123.58550325954704,0.09228446660168692,0
3.9993840802368954,0.8904154458455599,48.73797172791702,1.9456514749134635,54.09314759758484,111.22543296766057,92.94599187419237,0.01097454705947131,1
4.461026174906075,2.4709039860888566,46.856663225084255,1.9042204798977953,84.52719183068865,117.35976526627398,85.39467148454612,0.01966547940827048,2
1.7561762685725257,1.2388146166251228,43.725792028218386,1.772041853985922,185.73776305164003,86.07529934878251,183.0486325296132,0.06247699243828256,0
1.940356467935726,0.48895159981086966,93.29763894822054,1.880450405859122,145.9844654124878,106.04927404776808,132.96752418451018,0.08636281496255478,1
0.5605115052202582,2.233293224894098,84.60369020737109,1.1737095326890865,84.02706432515846,79.09900930578891,155.39837968089083,0.09590041779911458,1
2.933572690881253,1.177870664180326,19.809999087667848,1.3046455951842382,82.87174523488704,40.84010943435748,219.16999605213522,0.08745240034412013,1
0.2761171416040362,1.7886947915860851,19.731101722938643,1.6131388888373666,179.39271526391457,70.19076222930302,122.17837456811637,0.07098518217668102,0
2.381430288849055,2.460093378862422,48.50825633676921,1.5442188874078115,184.06362624155696,138.0089841490481,132.47092104493527,0.02804725698303122,2
2.758958710067126,0.1729296082839363,18.879163905952815,1.836017893408206,88.4196636443173,147.93482342795278,223.70715145997343,0.016535932658106614,1
1.5040521354285938,0.2869016714795395,65.71837857440076,1.5744965408850429,113.07655371147985,79.22840139944879,163.7695864683957,0.014276420441708026,2
2.995082976788153,1.8151190165837527,22.932244653556054,1.9968270623426907,175.1893607942476,97.12601983453007,220.70307839892288,0.06508691061628703,0
0.2494512247013422,0.7404712580739065,57.013593757012096,1.0227586997473865,165.65111579148282,45.23119241940555,143.6609205892738,0.013256974361382196,0
0.2830061248711506,0.5015384225277427,10.649795230334597,1.7494966133591268,172.08741598491267,73.18880615367527,147.72289674060846,0.07653159608189956,1
4.1307427472323255,0.14643660555833726,38.493671357138204,1.5464522342489964,127.75972861819531,149.0906996721219,108.41352150230357,0.07412236636158723,1
1.8649341429151884,0.10352444436619443,70.94716513053899,1.5370796678225278,186.73235724577597,124.83807783710802,235.7787951111443,0.017164974229901105,1
0.7225965119942355,1.9474897276434877,53.56350462050636,0.9887533922674984,98.89273159316528,68.807873073612,232.4532279821436,0.09159601285331152,2
2.6589919742685417,0.3793618970553975,98.04425373990892,1.6784026886345338,73.5008201521277,76.0418793171405,247.3168924760115,0.056973635976277213,2
3.8729684101831934,1.1959155091293199,88.66934164595897,1.8505640335213989,156.30984988472972,154.35228321853842,148.41601161885097,0.09139947106039585,1
1.1575230347345318,1.5344471971897335,42.31637011388361,0.8278226922808445,130.90316240103445,69.27178841228611,219.16454009896916,0.091144905056949,0
3.1521633315131017,1.0994619113936734,14.093788732504713,1.4382452556750562,178.18786532142215,86.78208161859837,150.54213438426015,0.02773306574984065,0
0.5182025784694633,0.11641129822377112,86.10636701035169,1.0882022436541627,62.17388736870724,133.0102168316502,157.23079411656536,0.04425198651426564,1
0.35324043372617775,1.9695786813403768,92.01108792832042,1.9843221789423156,176.55386051571003,118.55573399913101,221.09989691112017,0.022116370015343466,2
2.7036376946839256,0.07575740012705105,83.85646540771332,1.2182492237475224,93.99419798132334,104.521828732734,110.15235105068795,0.07974802091226887,0
2.7491120958895223,1.916630241224836,21.515494682778836,0.842480260695414,148.22835007522747,165.9637527371642,117.45285885849789,0.055371242398407634,2
3.2234065173412123,2.238596009780901,99.81236209710589,1.0727864378327487,56.01931836173837,70.75946478010724,133.50380086728856,0.09359268178554837,1
3.657847535241042,1.1104578065900723,33.27257993974965,1.4807575847249392,141.43719444554011,143.79878472081998,213.9904355250098,0.028739369338864965,2
4.88167518936642,1.362079059089606,75.1784421527533,0.6141340570243644,157.5907533781004,62.26893768654567,143.35076339257407,0.07195308953673035,2
2.6298717066758575,1.218609311913252,91.72313887021494,1.4054028803318563,105.31253217584305,126.20273668750032,140.88859540772947,0.0990313144995438,2
1.6824867174121054,1.0035611156274251,31.21184028976385,1.8968371387683471,82.31160578932104,161.88729887758385,249.7987786933911,0.06988431356388923,0
3.9964123543666483,2.2241901116573826,91.74326992093594,1.7755441814867756,130.64460149053176,104.1062499669393,145.24704432691152,0.01618965395476414,2
1.4270780311841638,2.240137101141477,37.85334212753803,0.601510304986975,174.97862066534697,141.40123100678605,122.12099117364978,0.06295819147256715,2
2.250959961457617,0.8727500933717597,97.87719001456506,1.9900848181086022,98.53210374449762,154.85506941985835,185.94632529416037,0.026185847471311308,2
0.4844362685771032,1.5569208973360102,35.31340183424271,1.5480903855558186,87.87039462819193,59.04369948286438,216.31959183235014,0.012745249967738386,1
0.22421864273574182,2.320923527257367,95.80922422820517,0.7434212364710355,91.84029629565316,138.8157653394954,91.83333173293707,0.040146462757469276,2
4.8169772319218325,2.4070433224063112,14.819018580340742,0.5186241337541353,192.36982293749966,168.77774335841468,185.21167929354075,0.03394936747486592,2
4.196302590509808,1.2969496490340167,73.83448105028317,0.756923954438227,103.89153736468396,120.6918853797762,86.07502749963821,0.08098938089341788,0
3.5102736098591203,1.1594207729466008,57.890002045330334,1.7572638810286079,50.54063598324308,66.05711423402585,169.47649966651807,0.04363124869702904,1
2.1038694276299226,0.7328010740248883,53.00893694104576,0.5324589874177457,167.25218119394296,57.77195442245201,123.68856583882757,0.07596629023466768,2
0.9491421683471444,2.3992360893165046,30.114488283025597,0.8497209554271299,154.89121930030853,76.3629462653447,132.12908860444156,0.011461509275439829,0
0.8665415090883216,0.39989504595852504,73.50362107988428,1.6359583930023132,69.28523969044534,54.49185766233556,159.40631387700506,0.011333092009005195,0
1.3261902010065172,1.4705824613169265,27.17285423016764,1.3791658038472026,197.73563737023687,111.87517002190664,237.6082683267498,0.01263821117928014,2
2.7912106570599904,0.7422481554206654,59.75576163862914,1.6741035655402878,141.20934279576667,49.75865557894284,200.813442119939,0.029742259760432245,0
3.601520021230306,0.7335703113521018,32.79208267362257,1.619225755740182,125.11692364109022,71.2766474490717,239.26375136836438,0.043658900652570554,0
3.3349671459168837,1.0421730390716617,96.00592418032205,0.5759020806827071,107.33289014343366,101.58746214771,192.1950707749752,0.06470612228051692,0
1.4716760950351202,2.4970426927483538,12.576807445208754,1.8387671286412273,184.8009133345457,106.348065056283,81.20831700493615,0.09873224972442755,0
4.778839875249651,0.18466745175756405,27.97554521001129,0.840547751423403,86.59452221278448,119.15578792057502,125.14948354910518,0.041896861031289936,2
3.715694891809266,1.4674274545986523,31.807954574870294,1.3300886603446456,92.86533503298529,138.7860947851017,233.98133821246356,0.01500930160814496,2
2.8163348573058635,0.2523017871864291,47.266104319103476,1.4664322347916683,68.36162100298503,46.61200955316546,189.3857385645166,0.027541014549926385,0
3.097431656548326,0.4285760334767715,30.945721768304818,0.7529423163276431,163.867864337639,51.286933304609654,246.88003021694672,0.09080666504333759,2
2.156040305896171,1.126929207343602,54.22141812419067,1.9643468850514616,139.332392060878,48.52028125266931,106.51388326711026,0.0729441271132938,2
1.3138818485556718,1.3006273217987814,88.5218970932685,1.2322339341309636,141.35992538817476,99.24104416508744,130.4471316281083,0.08111807416347039,0
1.844266125391182,0.6840414004930839,74.08570792682536,0.5864640433960902,82.77056465291955,45.8587122836108,141.60250211789617,0.02117513851055134,0
3.813445941275409,0.8253199706423198,62.196578248159994,1.9058930671667604,147.6752583690626,144.45137735638568,135.5148290884428,0.022148828983675713,0
0.17052809428580376,0.263069199627036,18.010286018441167,1.3794017647899022,164.81876708702958,71.2200253453869,122.83856012547972,0.02010214067904064,2
0.6687559384838896,0.7928884704184139,72.4592897550348,1.5487897969720645,103.68327960885338,171.48974906059422,155.38917167865225,0.08714522478785725,2
0.3254129459065885,2.418068176482333,24.97728558798459,1.287763684901336,170.20207159425684,108.0965257135956,189.1906809727931,0.0288970847824244,1
0.29957113136295366,2.3645330850975803,80.77306473655281,1.7521069321654514,102.31858827980315,102.48560534190823,132.91367689073832,0.06788365708417496,1
4.291756861653935,0.8704518108356134,32.50510826591379,0.5497001932898163,163.72076922639314,149.27541696953006,93.54898696342346,0.05645497295649332,0
3.5479235109621166,1.448592143882966,47.53438554888108,0.9025675479157216,55.05951611865785,139.84155774501875,200.45052957183776,0.05899509206864684,1
2.4234517625278937,2.2785087082218136,41.54231820861351,1.2044725346040384,132.6746902210479,125.02326573274,158.03281448281567,0.027589182255214145,2
0.5793873871899072,0.06515036547019686,87.29325232073711,0.6149054244705651,195.428984095983,170.9205388750518,174.60199203531073,0.06717214841085906,1
2.5089177880724787,2.0361747473271,21.38900128420673,1.5588600039899874,197.1866901023586,99.11629653819078,157.41811171786557,0.013879048101249807,1
2.420011676824772,2.3735054043328514,60.90803941463098,1.0904951210834612,92.26288675126109,153.1944346081201,231.36077558733476,0.09941250486318659,0
0.9486891625590744,0.27374804911721484,22.7855448498756,0.909001985402216,116.20986366205332,93.2130124044146,174.9866495182846,0.012408301584345615,2
2.225873081266068,0.44554683078065654,73.4316252518968,0.5050682702126184,59.44668619799496,157.36839440145468,236.95706277479744,0.014514088664427598,2
2.05267319854713,2.4038284417898206,91.45703150150331,1.5797454676249305,181.00119614068996,76.3264480552356,166.79780806452004,0.039218267790251324,2
3.117665480455861,1.3669733519188485,49.11468884805281,1.7507139633092925,135.28582297103213,80.49739019704455,129.73998758084792,0.08484628201925845,2
3.211958889251455,0.08478175445572307,53.92830342384783,1.0925608035222476,107.76510184107755,134.90173476244354,140.42523981995342,0.033147029059906866,1
0.32198964788301815,0.6811983969706465,93.4680552834486,1.3463269655500483,66.91558377337296,69.77986129325149,168.76197990941353,0.05247415124121954,0
1.9356018116697091,1.1523620019587062,56.889224978442144,0.8415299388943976,192.01509282453338,72.08158618356003,170.09820442685145,0.011617959805857364,1
3.1667135869997587,1.7476268320106811,53.88385942446048,1.4332964694201995,129.53285717314907,82.73674006243806,196.8474092633213,0.01709913848352798,2
2.56536766704243,1.8462429264351592,62.049619243387376,0.5182061874728008,92.43918936243558,135.05002775245262,118.16412827172724,0.06471694436866364,0
4.296800221822779,2.4887827066673673,72.03067627266567,1.2329658456481376,102.53226951972643,164.51433293925248,192.00329299413528,0.027492262250448575,0
3.3275987949328307,0.7544024384902097,19.619503757832824,1.4663082227610384,90.60457713832216,134.43947115777814,212.35996142472789,0.07248291067175729,2
0.8983786926990055,1.3686392495777644,83.89994749673644,1.877287659844601,140.27147132854708,155.89399420817753,195.02063820938832,0.08068520575154595,2
0.4457868622621063,1.3566426922560324,49.195452470793334,1.0720037256834263,189.49453636707648,116.09848255722576,161.91077866899045,0.0865300779525055,0
3.2478544632109467,1.043830885645732,16.511365890773696,1.6477853044715447,178.50407049898467,49.64925098832034,248.58571068986177,0.022041940419939038,2
0.2299054216539469,0.4644466399139295,80.75644022783918,1.3965305449152512,119.05713131389662,54.06526961119009,148.81823705196678,0.05099576941287325,2
2.9703003482399706,2.444768579800414,43.925497451764485,1.890518169387621,173.97490434515117,117.61487697136816,98.12040447857096,0.09523733049134611,2
4.707128182982292,2.140627107333136,19.033074558554855,1.097566513489146,113.46582219144948,85.89213560989535,219.6557166192483,0.0794875188199877,2
2.919823471591807,1.2709159193208812,67.04011355889256,0.978643009809482,87.8460711137957,70.87953030917197,116.0742072096711,0.02052643436615335,0
2.0020326384119573,1.5279512855758732,89.21182180902775,1.8307129980412156,197.51226728996417,105.27596982236692,201.25854739341514,0.05522502205165549,0
3.252112270367531,0.6067895812211728,89.89781584725877,0.5738666021124337,95.58313519562327,133.30954372660221,110.4259680615714,0.09301425236549549,1
2.345439163408432,1.38227832245978,96.18971273280759,0.7045780894005151,98.55863464803626,93.89887268302019,82.8691564458497,0.04960349249708673,1
2.7735222676480813,1.752676826147616,88.09349137900192,0.6236066518760667,198.45393016797834,152.3559160020278,107.16576264413436,0.08536758479568719,0
4.713177563004973,1.3121592195471428,10.19268274109277,1.764664934864604,70.08912397484823,143.3932545199951,144.08807841788973,0.05462593490697016,1
1.991902925223794,2.4761986679331063,44.22170497720512,0.515911135055479,164.08009820145426,142.88808350233936,98.12510201206571,0.019613050952117836,2
4.809833762737179,1.5477870578069293,83.66883219149527,1.7924857332455721,190.371913772409,177.9265565548344,113.60544432006594,0.023306943345355664,2
4.536218145584712,0.9588855958508142,42.96277053986268,1.1769016930569003,126.7692491413128,81.33219683202887,209.9864672063468,0.014200817752736173,0
1.0593765604675527,1.9417724676588035,64.13936557417355,0.5060379182809561,50.378264255423005,130.26158208772532,210.88021335611222,0.027578326651800808,1
0.4398703742883108,0.46763315337502304,64.56852526370788,1.1024677658180628,106.25884161696594,159.7669676224439,218.97299862246604,0.09042526898833908,2
0.5938122067493906,0.9920637435803531,42.852277363494075,0.7802012615675533,66.73534885772406,121.13342074794754,222.99639021309073,0.0685178241348931,1
0.1892869456925937,0.9000494284250854,91.40265345531589,1.4366007312082445,112.42814914005436,150.53030465615495,151.47410208433843,0.076497124139462,0
0.5627705077040491,1.1079273830140544,55.29055108475058,1.5190381848824699,168.5040142463427,98.02330601758771,227.48344231789983,0.0659495312553995,0
3.446733189740149,1.9653605735253796,51.83057853437507,1.2312913556074998,115.80673233257008,122.66878839167265,169.40926875238733,0.044788536292451296,1
0.44882437745512205,1.2362239288003485,99.77623710957063,0.560779288159505,114.78876820188837,47.79329499260596,160.0015098791214,0.02951750195164015,0
1.6629805884394306,1.9953354031516088,54.4150327665355,1.4841932065508028,133.518421537827,178.00746481547387,202.1511759292819,0.09330531256088477,2
4.239889023750328,1.4623978126926716,26.055842673572293,1.7630581754082817,137.253587712152,152.00258740277843,116.34912993118422,0.056334680340221946,2
0.21403248510554676,0.8880701149110107,56.17624805770942,1.5804864159896022,178.4444463198457,161.63327002840293,214.21455406067025,0.053298989308714545,1
4.090895564685786,2.0344479220245075,83.2615061967937,1.744936878432978,96.25331588434273,137.20119894001243,153.00919051625453,0.09964936797341913,1
1.48108839638966,0.6338096928550745,79.91742942084532,0.8007642853263313,173.2506896552024,66.04700459321793,101.64022038063928,0.044553698954962896,0
0.6790076553461156,0.5997383005094991,80.9723588597624,1.8333319094847238,134.8900623038071,44.343981938524514,100.28302529788448,0.08687127834030152,0
3.5140121102843387,1.2860321639343477,73.72214055981206,0.9832901759719441,95.07943245757204,161.0519250830419,108.03414645393902,0.08761096542851705,1
3.181819949221432,0.6890806526071179,32.87960461600194,0.5201072213779865,94.26890660091158,95.48629152305723,231.397364821443,0.030940318932201602,0
4.39961286628256,0.07226323563048,87.58756772562083,1.765087469493606,104.17062756585867,76.94108264558879,248.45942978403806,0.018535572311514592,1
3.7018481146390405,1.638328941882064,90.40991188386386,1.91273190344709,143.40398639299633,118.63421423745221,140.6855458642182,0.09780581041442779,1
4.037056558885758,1.3021798626073753,27.473742695669415,1.4833372961260232,84.62175970399238,98.92579314660071,129.6644548749006,0.04833071777220103,2
1.481969405599402,1.1415186455082451,21.74100728962545,0.847154945695137,188.05003425084013,131.233239396258,117.19106534103734,0.010199828980917596,0
0.9694537645206418,2.4190728608148726,97.80444717302008,0.8776166964237956,136.23688762668507,107.73105262763191,220.04880111843173,0.05491160504460628,1
3.7780122830402063,1.4494380007091388,88.14915672853311,1.1998893101534294,188.00236654940102,137.6126396616379,115.56527201120895,0.06573703273727054,2
4.053490222409594,2.165407365583992,90.3912532488952,1.8467466194021291,56.96065378687321,159.47925773128003,237.09532208814585,0.07984794227032307,1
4.953475195803299,0.39165307870264243,89.77387461619557,0.7243964842213375,101.39170556922102,67.37798153381047,193.44956442511807,0.09486479064012748,0
2.12182661686599,1.444555834667098,58.751814163035554,1.7389605043752305,53.42114910314346,86.12060327916815,232.51172458376308,0.09236535660509167,2
1.9228886203846378,2.176550085490712,68.17615629992197,0.9369542130577255,90.83777226469547,101.15418211988944,174.18167524700488,0.09461222380493817,0
3.904423507635785,1.4786091053357502,59.08265669202775,1.7128792541436468,179.30097084028822,174.68818272386935,197.41557657102445,0.01289126334335255,2
1.7699373472397877,1.8091347364111539,14.608571427129617,1.880406796402308,55.491457376330125,91.14670589664794,185.30787711181028,0.07405967204474209,0
4.660710895457467,0.9615067411399082,77.09527768174954,1.1412408079914802,115.42206498736172,93.35397894296813,221.30322757504547,0.0303272166525118,1
4.306222484030758,0.2765013167408132,55.47988300022922,1.0475759811582963,67.63506057098417,131.48615321433857,222.09633790159978,0.02687974184850886,1
2.2020707341375902,1.1718557230613251,68.29381673112067,1.7033319784569527,112.52609888905516,98.68795938459289,180.26480997367128,0.08202867117393253,1
3.7792682321783375,1.016474507555201,55.237582447798175,1.294224323569091,175.82773763965662,173.17132438954474,187.52630038606128,0.047541672025559194,0
3.797260083014944,2.174297446828421,54.263019009021036,1.5266735726947958,143.46065501037788,165.22562646656215,236.7189064846311,0.09249400682041023,2
0.6053069572960698,0.647788490763557,25.461019852999016,1.4342438554417694,160.5134517997135,111.87722888859422,238.0773022740448,0.013819158171613596,0
4.5225092427298765,2.4184988574610147,35.084234362703405,0.7293332684671945,102.36561731743714,130.26853275269897,192.92246326218088,0.08219627465384469,1
2.5757366249945,2.3974383935210155,24.29674227495602,1.7671855404343426,191.65965425152123,48.124278663706875,81.3182272894378,0.022315097015433612,0
4.1496415839279335,0.6566975255250249,27.609966606280818,0.7936626671197042,156.389314066925,137.40227392453573,97.74990650816997,0.0258919481408486,2
1.6682430450499979,0.9027272909194353,97.56796423782744,1.8984232161061712,113.26982289267963,139.00812221286452,225.85023040165075,0.05296165439720491,1
4.488063819631383,2.244111565141018,23.78021011949786,0.8758569371332218,113.96972003405824,90.28790139004913,94.40139978303625,0.04560309467855196,0
2.0070882257973994,2.418224441195463,34.23433818746869,1.600821459910613,187.80262669149465,70.75560370753817,116.29826074536129,0.0537555075515804,1
0.15310449225346198,1.136425801948308,63.15306919647264,0.926983090240388,136.46070401530875,168.11097625438234,119.1929356376808,0.09460238698279497,0
4.536371684454392,0.8364427618201997,64.91607186129777,0.9766781128802958,155.95688148545625,99.73868611271789,182.03991086258384,0.0691650042007216,0
0.5473047162520545,1.338930332466278,23.857671676944616,0.9650027791734579,112.55528367697562,131.51885467223948,178.02757564023992,0.03612784436578006,1
1.6646368241930332,1.7350345555960505,81.43456832066911,1.621838381039125,83.55391471470712,44.66603129667583,129.20097898146804,0.025561784108606052,2
4.755303638548944,0.7200125626687006,80.66825811215425,1.3352226769540896,158.5338937991628,97.96940332075708,115.29393214663529,0.047804164761784035,1
4.757975019994025,1.8543592778167286,31.358593378350196,1.8244286837712458,141.17356582120817,154.4162335419432,209.9704450757709,0.05064769245409639,2
2.909845651804102,0.17656052493087054,35.97996724079144,0.9610590788060673,125.20143206371691,94.2606400561001,239.02754645301596,0.06411649689095647,1
3.1960023396320167,0.1707715072728203,94.41890789135472,1.5379887830851164,143.60314099916957,124.44256241916275,88.97696558579457,0.033940243318579116,1
2.297383057693767,0.9964048776065859,84.31043013815302,1.629422899494666,81.24283790963504,69.37981206783553,102.64067865982668,0.07907583223871352,1
1.5367327813205165,0.9160093205487655,72.80173297562715,0.7272231695449373,169.09080597979346,98.31359083753833,189.16787807997025,0.018861422093144342,0
1.7104562723125885,0.8233013776495232,17.400989935954048,1.1008840359797167,192.22442075304588,169.86928052744614,216.75504678414237,0.06044080272405891,0
3.3953404347774887,1.2529984185388297,47.64376728123182,1.2242262415256167,183.66547162515542,119.3032449581452,214.50207369198793,0.06611784879197002,2
3.7866351942446324,0.8357972766633496,60.33716848691443,1.0335310848415615,98.21536179605258,166.2704042730104,202.34613602405716,0.02861484229586308,1
3.978737314256658,0.5210319002468252,26.867015918539924,0.9831688939537071,110.90086599231138,166.28270192853606,230.86275226467563,0.0843410215449659,0
3.9691288996933145,0.8082003952670723,50.34039238974021,1.5296298409964628,171.26034496963416,172.18069205942714,116.94930952703818,0.06538889126869098,0
0.5469099049385828,2.438515468385076,64.09232897398209,0.8237995964892328,139.26756962369058,165.35483241121474,98.23946090363101,0.06811499931831756,1
2.5226594930426494,1.0572278716373793,39.46390121038593,1.5640861178766932,132.1871665514974,40.45935806144209,184.6117049155326,0.05479691551870947,1
0.382037924081557,1.1395463033029227,80.28503370554384,1.9025662945860957,188.9962951300168,170.76208482142357,219.78690155898352,0.09186347954587047,1
2.7926915233863046,1.4625352253802932,85.64046234749249,1.3477962817666267,130.4037441465576,59.244321471952695,178.94740834169744,0.07245348233388621,2
2.2634994567295474,2.459184882614855,39.124852249066365,1.417151355109211,127.24080193809648,45.58967515556108,243.70957286801405,0.04436520084061864,1
4.449750495515668,0.6419231272676195,85.47914390432115,0.6033990531861336,56.30278868995395,47.7543948409274,215.24595843660418,0.03147452990056776,0
1.8194835615051859,1.719141170804463,19.321890949271353,1.7967153554267423,60.412543788520644,88.8482673247007,199.13460615457433,0.016395550734113855,0
0.6736283804952687,1.8041624991772243,85.39561887603907,0.9281716807997983,51.11304618209753,126.9125719376311,90.24373944819472,0.024882475346232363,1
0.8006592420588957,1.5379448211430116,23.747538850085494,1.4225767482928473,186.98663386754504,96.32356751265965,98.31618058438596,0.09934146568752938,2
3.8314020954156143,0.267016932109778,17.463443725875344,1.9686682546172034,111.2579990026551,43.577599850913124,213.42239754050303,0.04660902063924762,2
3.1292685102496796,1.7083370757775624,67.75978639969101,1.3932539008592117,120.28420642001188,106.70756878446007,113.700447348095,0.0908818504549666,0
0.5955011130016722,0.20703204203862996,52.47436291797649,1.5870642311965664,176.8080421388693,101.89830391785321,84.9019799334284,0.0253512421196738,2
0.5121233499634875,1.5105494913972477,91.71015403715495,1.1679794273356279,141.3869465563667,145.95889717023056,234.82931657698404,0.048282478420676476,1
3.534748744149688,1.8619738841932696,42.68702764817643,0.590548765272586,141.42523945858716,79.14580577956137,231.4369135292098,0.09644666203301039,2
0.45653873118454835,0.5668762320188786,35.84370370938658,1.6963990242346827,94.48016440322186,70.4543643312114,117.14225062935361,0.018201902627736993,2
4.127114290522745,2.1119739184797965,55.066141552977854,0.5524982618959785,175.08625608867789,75.83145407472767,212.6350638724023,0.06345858554312525,0
3.5605869130668317,0.12436682355586046,51.03515671917952,1.5509867433317812,74.87449640592406,82.52357516817872,88.15654240598137,0.0927254710626672,0
0.4986090251453089,2.11734151596285,40.998524159546946,0.5343823597244555,57.972438825942184,123.88308227140331,128.45986064995472,0.09547150356588256,0
0.5157047990174405,1.1778061740747745,72.43671688284957,1.793457854865006,78.74050362777984,106.01356796329118,186.02337440362624,0.08614067294005982,2
4.93453393465576,0.5830904528325291,78.36056505225174,0.7364540537494708,90.1605828161847,87.1652391250681,209.74042934692554,0.08703409891241345,0
1.9339268992049898,0.3777564552352216,86.7685572127123,1.2714072431638268,92.346658678131,92.40398215971499,81.76786209399222,0.0686964658705719,0
1.9161465206277657,2.3856025605768125,97.55709442393086,1.395726056724721,150.57703979281513,91.92931242225666,135.4554642565365,0.02983807972854933,2
4.082717879561763,0.22803068957383393,33.9990572919254,1.1863181110601182,82.67368809929653,176.13693725944444,116.43874521082458,0.07576106900364278,2
4.741518029180908,0.5377788788430179,74.44841342409654,1.011145234023331,151.4987456742477,72.61957832741336,249.79266897728303,0.09805460180128509,2
4.931405212732067,0.9021647512109627,45.48324119461707,1.2017214442714574,63.66982598506996,154.5286184381162,194.06697950548994,0.05733401632055298,1
3.7915531077688143,1.5695753799547454,70.93737747559973,0.9671236308217381,72.08036916468635,139.1495172623462,148.96414698955647,0.03346276231692111,1
1.9436719691014874,1.3847626589264412,52.83835213142983,1.1571835206212948,126.32321727364925,40.779800784497084,92.86094233671645,0.06161239609884981,2
0.509153511823477,0.35782655641016925,99.43957924911385,1.038369486497046,188.2843703864964,179.04467053756832,181.77394377618384,0.07215493206165548,0
3.9080198880444406,0.7598335601586259,75.6011922211675,1.349307235260718,178.9351383216671,145.9015118887003,189.0892500591309,0.028745227848197184,2
2.836180823705445,0.6349418391607591,95.72421703908921,0.8568862433674752,195.31301636642047,135.5429420891108,218.78900767553296,0.07472704128484803,1
2.178687845310184,0.5731799935013364,85.14725945330672,1.9829848323710189,147.57185979172561,96.74545907472923,129.0580649962918,0.06286895729959527,0
4.541136486964207,1.0573036243759684,91.2610910047034,1.2513049300732484,151.3722299624138,117.72843244800055,246.8427736816164,0.06511149182332471,1
0.6448676633001416,1.7748770588495595,83.29772774932074,0.7912431161217645,143.75344983972383,75.45792539344583,154.70917568337143,0.03753891367658507,1
2.5138630110252103,0.5827596839322281,51.32432173383202,1.2156001243509087,143.4228384287296,44.96767672039765,130.31043829211393,0.023974012910008106,1
0.15563285936035345,0.9483632552723046,32.660960801219595,1.7996226942872364,72.06805176013769,157.0430321824362,139.23638678024784,0.06611049057750913,1
2.396437145771219,1.0077476957608476,43.328815790547,0.5327101896865933,131.56084342458928,165.50782911536402,168.32962900441106,0.06276096902373147,0
0.375886050841003,2.442318497116755,11.82126093759554,1.5193311786609331,107.91019001775886,62.745889125993585,239.23926596621163,0.04042109689424245,2
0.6822077897135524,2.388932574353719,57.15938507182005,1.321951695190892,116.38058236659401,150.18785341840263,204.9769956462981,0.036630430079129854,0
0.675878609207814,2.010337077742586,55.455202024336785,0.7543369915552033,128.54008595888558,143.76137425999224,178.10864040884297,0.04125200154960557,2
3.2811304803687116,0.6420643560070037,57.27254183474394,1.726214658957381,69.25942577033774,64.97250027105267,107.67776595657651,0.054089500464893824,2
3.7556199084005746,0.21669141952459076,97.66281024748575,1.0533269335610085,103.92316007781798,99.05603236047114,105.39006285144819,0.09773377616000452,0
2.9585069489760825,0.8264151374155307,92.03086031093554,0.9407030432232611,59.51743413149054,99.18610891677447,165.37347534830587,0.07872081598235857,2
4.814645487525255,0.7036466461128856,24.55415004970972,1.7421877877853515,196.95021956335987,146.3949961627348,203.88047978228036,0.08665657652489396,0
1.9368658396661502,1.289518210358665,43.19942694003003,1.4577875692874969,67.77920432301892,157.27252680864777,207.67206936836874,0.055508461201317805,0
1.4999892227811178,1.9554333796660932,48.15605615169357,1.8473886255122367,88.77871078174317,53.26851699479194,118.40544525896394,0.057351125060089936,2
4.356135728128355,2.152891200253202,42.4479626066483,1.444825555506799,183.69393900550958,118.81569288658841,97.01691718403305,0.028389219529332495,2
1.1956196087453181,2.119917009255746,81.86463672435218,1.611226486898173,122.40650693587128,146.64478957004394,145.3583681731442,0.07489412526709706,1
4.819790443258995,0.9312051249965161,57.16339028808282,1.7546688443894194,70.34558022809455,150.0666831691222,236.08933235149263,0.04794256052115726,2
0.15955692598010007,1.7337241414786733,61.48898352744625,0.5821094538649054,107.63458070590234,60.71909342025725,172.71243295379497,0.076820217293594,2
4.852406250867431,0.8164437839343391,86.7712203089133,1.6640734383040705,67.38019912870787,113.57072004111117,134.41696036140164,0.04681498431813629,2
0.311483568557823,0.19921858092619765,82.53353380738227,1.4205597227743652,80.03239956267527,160.0582188907784,135.01840361765068,0.019766546849251734,0
4.466601257120549,1.7688349007272088,21.899037053826973,0.6042616947727899,57.804477042476755,84.59260072193979,102.45479768777145,0.025574831900729515,1
2.6857354345228694,0.07407750379598023,74.25231256752708,1.2628668828030727,115.734124182365,99.5163658476516,160.44803513804686,0.0830413070267215,1
4.965527500984572,1.052497339273297,49.1892516011832,0.6236871169759308,170.99541825878896,152.61019158708655,214.53165534752253,0.033275484060303936,0
0.4616031672034544,0.8569792097900857,36.51840127562504,1.6039208025848335,137.89537680498432,52.50473296572672,244.65497755964802,0.033791898031036244,2
2.813885993566472,1.7487749693711887,14.501693881196772,1.3197525708468245,140.95179582269176,160.32906058445695,165.27114999285584,0.09364312810020982,2
4.849582424533585,1.9273014082629285,53.852460431090584,1.930360306118446,80.08760451248605,83.56194034231326,108.42653569325704,0.06918720605801647,0
2.6631794364337296,0.7950318581296455,41.98930126520783,0.7747030573576548,101.58407648785497,40.203044322757805,196.10156796648698,0.02028767984959207,1
3.1840533268627866,2.0384861853898912,32.636173570876075,1.4090501787805676,176.7863155761248,72.78228030789015,208.6545282667002,0.022922674311874083,0
3.5091685760246243,0.7700960632370878,72.52045566372618,0.817373201855737,63.17842764897718,52.53008972537091,92.18895740192737,0.03451306894482515,0
2.327251217362089,1.1434995819670752,79.25368485840283,1.4210974770910976,178.68959805028007,52.93388697947418,224.5236520373089,0.06345961190439696,2
3.175034592411911,1.8311953911846284,32.03105671264824,1.5839745535412848,122.55350393971784,136.99700277996283,220.98480629929577,0.07775429229151055,0
2.9631401284231913,1.7476545616007322,14.450269301141253,1.5834564939943079,175.5721146987676,69.95668698946908,160.33197918665005,0.03470467991078773,0
4.515674251405846,2.46905275716489,86.38774305087115,1.722610986023915,97.70096290916004,170.86393081677755,175.27182816469764,0.08835778336734681,0
0.3226872636731436,0.6016445093290331,10.896376708387299,1.7803253419374752,100.82644273745312,112.30223652278256,201.27937083085624,0.01982621609957337,2
1.4767196290019287,1.672678888171977,94.34012445293249,0.6159075894007655,162.74073024847144,104.41375611368859,195.0471812606861,0.028683925123886164,2
4.757016271975138,1.5437206752756547,66.48578865844354,1.0149007356086062,167.74942600883304,100.79969255082123,82.81111629284554,0.09734184290285898,1
4.46229254106549,2.291991213500573,38.966197168118825,1.5306837805397087,84.44670169852202,136.96226955402847,100.81400165424259,0.022127037728829194,1
2.332718088649994,0.4330872470299439,32.18301186190626,1.2478794310868182,195.93069872328581,103.31678675330518,107.64039448281177,0.08993001769514299,1
3.1386497292275304,1.891905500787986,10.810509783802772,0.7860139201321872,62.673515636724346,58.00404987152686,208.4649011422568,0.07335415678636859,2
1.4591677966075502,1.4422581098584826,31.192427530978943,1.329064355250047,60.27544446531964,163.2241052897059,154.81420569170461,0.016577838157753606,1
1.0217936826464304,0.7229313809803684,22.3955471365427,1.1111534791492157,139.32563229291543,99.97534884959222,172.73544648576026,0.053533614600994955,0
2.372122184205913,1.2123655396605766,65.0949598650831,1.0850574164814577,158.4111151657432,50.36064059793034,211.35686427223231,0.05670814178303258,1
1.831425917327659,0.8677526628210047,24.989102973442115,1.7146305761534957,194.13291938374607,114.11123824968655,137.96698574089544,0.09389256682742539,0
2.9599149480692732,1.4693178368317292,57.576685378295736,1.111397500748272,110.74186711982924,130.62856018379847,207.31133864419144,0.04789941337694519,1
0.4808997211284257,2.2280514964959313,63.11047801100237,0.5396817582206362,53.793711348444965,78.5815449820862,155.19087668702514,0.050208725391784836,2
4.874534557564216,1.444797211809895,36.82375285122231,0.5870950083366369,140.43445091696105,152.0476570743379,144.12063192161511,0.020123537930774045,0
4.932432647950054,1.597719924900131,13.155845411684684,1.7843660625374305,93.45440308981577,133.7686184452309,136.61633488930582,0.06752553070938963,0
3.5209923986967517,1.3209322254310383,13.352849255277649,1.9409012150187819,114.94206817931034,131.04776369702068,244.0406186337051,0.028980727830018697,2
2.72687219508619,0.175355490791416,12.371259897452585,1.5326140046835612,123.27042233749029,98.91549340149119,211.2354798205264,0.016977993240133615,0
1.6166853198030062,0.620503464346431,76.52122004228916,1.0465524411501204,59.67689161070507,174.6681421975803,83.43330993149999,0.09972271000637146,1
4.087595596564048,1.255404237108603,38.62087343328683,1.9079004736920913,122.89726768461541,78.38648351289467,242.7606327080943,0.03426666651665247,2
3.455182745514009,0.8100764451745268,81.66701673708972,1.4942046295636038,113.94795002064721,120.87877014216336,211.82473705353448,0.022694784861592356,0
0.8968230027899674,0.4953208145149259,48.85595414585642,1.7665003237990065,156.88163979298898,83.26772204616645,105.35970145722345,0.07295413371374587,2
4.563543204019828,1.285125462700174,50.769829074696744,1.6487784560555139,146.8498866818517,144.27266541601756,92.97748131992391,0.08395139403297117,0
4.130432490323528,0.8408839939472333,56.15943422586164,1.0687089736588886,77.78235772258415,46.690807741817004,132.39299592210708,0.0157669743813712,0
4.754019575130428,0.6823637257748661,74.17283107375935,1.2180533012761783,80.92083773155954,46.42514150250689,186.1108599888305,0.019485397672280837,2
3.656025591102964,1.1867642727289331,34.615257924673635,0.7791982315521493,87.65092681615599,153.52053573263078,184.81293715540946,0.018115644122384127,0
3.1057344600853707,0.37654643230132423,20.942861458017422,0.9380211506611011,76.8425660445766,100.79754254891395,126.89452127536748,0.014226337299026007,1
2.149390877824033,2.322977046034748,60.045160167231536,1.6671884919297826,148.58197995027007,87.76520764404981,155.76474637176102,0.06935108307708555,1
4.670369568434665,2.1758701399021354,39.427986091846535,1.8409675878246623,199.16452688004057,125.05376070454739,116.02132647133503,0.06294818707654277,0
4.343713058552001,1.7836704350643118,49.824218230123364,1.5866906348771177,147.8162510773905,138.2659081416563,88.59837647834537,0.06965259909039398,0
0.3215714835203281,0.3102238775917177,68.22520375035748,1.1977605449849575,141.00223192869367,68.16818855821693,167.8849794625694,0.055510044694676304,1
0.22919817503653483,1.950899273450748,54.471316702714354,0.6297639034096213,111.48919000266088,65.96037379666242,138.98849282284647,0.08357569168650235,0
1.9446704977024432,2.0294954538670966,65.82509353907585,0.5854219230476723,96.88703882896411,174.14110468638341,172.2900134906481,0.059200147224871796,0
4.071711320830981,1.9310233134001276,58.9780001902265,1.0614883469192806,186.6610635359719,122.5530028938397,240.9062448199768,0.09268722413196624,2
4.937653033643228,0.32921642344214086,76.58167347424893,1.1957325781514947,195.35028112132295,94.61630682119754,104.37295298820459,0.05370836792535941,2
0.8370427664072881,1.6275744948160238,73.5342955940458,1.4136809333199454,124.51642633815916,152.2018372537309,80.3335431128624,0.08115927950904389,1
3.0112405052254623,2.0940957495860264,58.07709026277573,0.5097342820804958,93.53007432598362,113.52225422890841,93.06929625796128,0.046662431831527074,1
1.9663651974920056,1.464515832988186,71.10127187737362,1.9845843356994595,165.51833115046514,73.8327934524414,158.66041033727691,0.049170150529879865,2
4.852580549291556,1.6336980693088181,88.62036420453515,1.0459083251060644,69.86851863003177,68.94294278982034,200.178445066395,0.08640928407141252,2
4.2263827233649724,1.1729905245944503,48.90441590093517,1.7721419957016822,164.83823564655222,95.56029726377504,178.72981256392214,0.0196893851821897,1
4.207810653084575,1.345332933715929,47.14867654739143,1.3024500584981067,172.8422561467008,160.38542043638313,164.132083253537,0.06084259794848873,1
2.3965964829953545,0.1342233029617268,78.78210587671421,0.6956591818000197,68.73559169407511,48.60270824619625,140.17373228571012,0.07537028210009071,1
2.1326155614545597,1.6154594038345473,62.42984533377946,1.6963483288017829,196.52922031948458,70.59364010566684,132.69560916035516,0.07753785538753483,2
1.4396946524604608,0.24954567158334007,16.39061022003297,1.564740612379814,197.82684355827178,165.04125463936282,143.9686497678466,0.06323441744529779,2
0.3762399335895429,1.1157857561335474,90.29008141219732,1.291154127393842,190.50792189910268,57.04283965569507,183.97794218154212,0.05032580357435625,0
4.337139643649761,0.7670049892851493,12.770479201387612,1.27182963700067,124.40522141093965,128.14760055698358,108.51817249714115,0.0334704199480082,1
4.083214944737381,1.386298478018697,77.35567205887688,0.631219408626392,86.91112134152426,69.89159153694351,211.13155411928636,0.09184836118187101,0
4.99861659910204,0.3768700220318574,78.29147284338816,1.483773422860811,137.30139213228694,124.82135865166437,177.79305081582874,0.04328091527691929,1
4.983520501662136,1.7445263348346298,95.77999767537374,1.8668677336314496,112.99007577071535,93.63458335819249,125.7565841939427,0.08190928796800112,2
2.821615357452875,1.9977782654747527,14.872096756208869,0.6398673788320375,80.89229670757956,54.23476550033886,165.19600367791824,0.012849905166637265,1
3.8680383343845017,0.4502184018707334,63.71711747060419,0.8952671759733574,113.55146144267714,121.5465094575749,243.6723769064783,0.030895229321794823,1
4.729352076423897,0.3055670640121113,48.50565135643477,1.8534619601631481,149.58347535163858,135.62598459184204,83.48355995468299,0.04110263135957103,2
4.263272214319316,0.40651293282902995,39.756965937358785,0.9265158647296899,60.63699661789866,135.2381666552124,113.91884895320896,0.07044166569791838,2
1.3120056985416686,2.198962526651329,18.12867042691657,1.4809155082698895,100.01270021690249,129.18481727017934,156.22464078355728,0.038739772644570195,1
2.3076662630194584,1.3440636913030728,60.638870770417824,1.3022272474147163,52.66923350192378,110.0314693309764,188.53475270257078,0.013722742073737642,1
0.7328811342423255,1.1947894402183814,53.11366531071523,1.394491407505793,162.42432581925135,112.7261663603056,116.07880526853248,0.025648076444861445,1
4.7748500335677395,0.311443956800768,19.409901233592183,1.1236833523658798,146.10369014250512,128.98961537311436,238.33867122395336,0.03332488171323934,1
3.0702557088093125,1.6414122165545566,65.1240556387375,0.9499872058305667,59.40082020529488,136.63631064452974,189.23724211218916,0.025844273194223714,1
1.2203497469669675,2.17659900014297,76.41578082276446,0.5728001760945034,194.71063394029517,131.6827434363939,229.1634313225932,0.028335210412702004,2
3.3913333535886983,2.0790553798424596,79.05504709482834,1.6164214089412463,53.3932335690651,122.17237908788324,135.98404814255414,0.0792061246606019,1
3.1288283782436896,1.5838340370029633,91.48358694361846,1.61914019329134,138.49409697141328,61.817457872576576,220.92216883212703,0.04708302795554142,2
1.8549973183609187,0.2344328557966004,46.85236676998995,1.5060886101180848,166.45511926985836,69.48631538900065,144.29726687290588,0.04646613202011327,0
0.6564322017781822,0.3253727165812318,95.77654917599233,1.4654506821794309,168.18444695670843,76.43136294494877,122.96780131840484,0.09699457029935375,0
3.3907086584047184,0.17080701841907048,87.88864645744175,0.8655756982512893,55.14277033898057,168.75263199225031,234.9814076578448,0.05020316541497803,1
2.6495077344285876,0.6808240804065498,36.68514139215451,0.5335174006494368,185.9622698960659,146.3153128515753,95.67714086540528,0.09348923192791554,0
3.884360119504633,0.3823705945429255,24.335473361451264,1.7130730953281597,187.76775078906832,117.40135473516295,240.2910953295887,0.03691567883950123,2
2.648801155448768,0.6871176986184632,49.18504565152121,1.2367078035437404,134.2085559731559,75.28796999616655,157.94758499749292,0.04605636339137559,0
4.275689351560847,0.9933922365114563,46.170883716037,0.9602571960539275,122.31247983307192,55.52481325418397,248.74633049259648,0.045665502046071595,0
2.8043435099949794,2.3603078209742825,61.814737479808386,0.652897860170855,56.73011945938997,165.82629163719645,171.7310911349549,0.059147094908318,2
2.848596060523393,1.5454213464651456,62.50476090949732,0.5940823863520825,134.29312137648031,164.9732422152084,208.77298925399154,0.0625822561768557,1
4.3956026530258905,2.0956857749232576,77.49882859419778,1.0233000826927658,111.40686226553461,55.49738339739682,81.20207277746069,0.0323312526138042,2
2.0770660444407456,1.7903611767452141,55.89009533850491,1.7071055971504108,165.92096111129842,151.61033325350945,164.43335939322807,0.08142258253754069,2
0.7566746194081396,0.3256326697902478,19.4340376846689,1.8780856240007457,110.58253503291317,102.53030970338777,205.3670901750796,0.05468733592091133,1
0.24103511393536098,1.853004995616175,87.24622019977954,1.845127046919597,152.53712499870647,85.35537059627562,213.08059339293635,0.010633919816692674,2
3.8001725528007335,0.7239922598198549,37.87881248666683,1.8800012521244822,65.21122193562962,143.474635069219,106.86825904227166,0.06322065699850123,1
3.139516801631977,1.6158142251370307,97.41677142759329,1.861588014694014,69.94284061489503,126.00613574850227,151.22506156507237,0.08182534973762229,2
3.5499908636861957,0.885356835425322,20.607409781179314,1.2908371274005939,70.95652859737375,149.20421506306724,151.2422328802876,0.03254200640339121,0
1.1435243913936628,2.494297044998415,96.2426055009253,0.8291234578353557,56.82882496996153,50.4060404886112,97.6189374448395,0.01340839084257334,1
0.7682202303751718,0.6957011247671058,18.19106261942653,1.6970698742552306,131.19932889047055,84.6021827940439,155.31773630754935,0.08264607900856505,1
0.17126886177262146,0.7338696533969608,30.79325241523535,0.8205694622788685,169.0951589065454,84.704359058343,217.20580297832092,0.09786490443744644,0
1.8178790381523253,2.3301470261278756,14.192194787788743,0.9008109151348536,141.56168055404993,86.16543292028717,131.0307253952278,0.01689072531984121,0
2.9905966655877023,0.11037879135899055,73.46018319750954,0.8498814827338227,136.24323283292844,110.34718217013277,153.53766872196013,0.0944233126593149,1
2.0219958209886886,1.7568880202893324,86.52688629146127,1.2724736055437087,152.09358926041045,79.62193243133262,243.36297646056425,0.04233469707784559,0
2.243627117916273,1.8270496573029016,49.066397363438234,0.9827412622536198,100.94679846080223,102.21370541225275,85.39037290156557,0.09472956477292788,2
4.530377603019367,2.0991275146554784,93.56698675381867,0.7312340744380121,104.29311074723434,91.48886303615822,180.5587005422105,0.06839553916022022,2
1.806451788414172,2.4373763110642646,63.12691645800396,1.1797601178408237,97.14051473313839,142.94144672287158,206.38413560219695,0.0901219881203572,2
2.618548496883073,2.4402247019337984,66.7006421901871,1.8108608581777506,156.81633992803634,124.49011139450701,209.35001378530032,0.08072497225462721,0
3.9398997624316014,0.20992805603783654,86.08772815306929,1.3558292824249583,74.24605035061614,131.50812052442416,201.70946423028755,0.012519796853856416,0
2.0430596333742237,2.063506340744611,36.7120184546655,1.8175034088313806,51.95379204693866,69.48174517157022,203.49674538963419,0.015889825209254853,0
3.1482248311165804,1.6334593374605844,41.88391491948632,0.7938082776187061,139.42946700837388,85.57030314576451,90.03215316441847,0.05731701446066897,1
4.325582172859051,1.6359882292140735,91.53567272751799,0.7504608105088311,191.35720471013082,42.9631626656904,170.80322525317658,0.02166571178604214,2
4.752651055922446,0.36445732020600224,91.08671464348875,1.3633656885476304,141.41118754944569,55.172459021043785,213.1047421817335,0.05149308152414364,1
0.8206600565522859,1.6429585577918508,97.88344985807838,1.1949933523194096,167.43824794113425,77.10759247844422,95.99105833634603,0.09591672687080209,1
4.640279363291323,2.4570823224730574,91.1654484797504,1.4902589624704352,150.9186064199045,49.16492098228295,82.04848680576754,0.03652815587990359,1
2.511369836089737,2.283955495371645,21.46348324300248,1.6919401865401724,124.61549802845244,124.36853604965835,218.47551137194188,0.054002144243416685,2
1.3653975026648961,1.1258701189718838,84.13518575232887,1.6269609434782648,157.7588602675769,179.73821622933553,201.0900458863032,0.044583366706126254,2
2.3497652055674805,0.14787253455093113,46.885463029863466,1.9133917604878417,173.61561857828326,54.11412996915439,150.07509087545526,0.06668442678234236,2
4.902159618898837,0.937619050500502,99.17212203513441,1.0973846137355174,83.70974662575469,154.9722297736971,239.86739353760922,0.0274460437586403,0
2.5138286605650615,2.0746562634213603,52.5052867895921,0.8095801133722711,100.41957207247182,56.6342746171206,210.32167609075012,0.0333945361120855,2
1.7108828904087905,1.7686727985896569,59.84524742519986,1.3263689599218287,83.55885987549257,133.78796263150105,244.53636007311817,0.08728910662276092,0
3.203664186151957,1.1753919562051933,57.67974237311187,0.6661146802867783,117.82594333856615,130.0420644282624,237.98359412306945,0.08302026014743046,0
1.2767135320131462,0.18499876113913621,38.956332687245,0.9332766849974472,182.75968263750013,166.3803708735679,161.8199125064822,0.08102707199835764,0
0.4717303077324533,1.0958920831670915,16.751988000362637,0.8118320828947168,101.78106512529985,55.95238591527173,208.3005263694062,0.07938276483861065,2
0.7315106373621812,1.1991111023088148,90.60861073617266,1.0948455751956214,106.170033369583,84.16222525146569,193.7625360972986,0.051349374411542116,2
0.727424610893085,2.324961055590633,82.24082312736581,0.6668248625033231,179.05508520078976,52.709166449655996,217.94568571572356,0.07560016952789875,2
0.8443231982102424,1.6206609537762908,22.557410250370232,0.5477626168221468,127.30614961170129,97.03366561262074,213.90702838266864,0.044848433608490605,2
0.7802531459821097,0.8135496458038899,79.90914442150655,1.4851910069450476,130.31734994711516,167.62304429804226,106.04943490564855,0.019063862217053217,1
3.240286249535752,1.3370297479042674,66.3261999445549,1.4153734674347072,179.12018049983195,149.41324114865984,119.73504040745289,0.04540371774840032,2
0.9912124135558097,0.2118355041642922,46.822940912586006,1.5625384040579917,123.57901055382098,141.20601406234468,125.17436812018644,0.024279673980513783,2
1.7937696882869298,2.432792177341855,32.86190341860065,1.490579660407016,152.23363019440927,114.62385068077828,219.1447550668918,0.045176651256925875,2
4.494263208539458,0.9321467597302788,87.37559051520093,0.6714420217135753,62.84669988110911,163.6880039269732,217.8260896679621,0.03676826938265979,2
2.422412037288075,1.220775019537183,73.01694333646478,0.9366183220634694,76.79475696903279,102.92185175378597,164.20700897970517,0.06392446003611325,2
3.3710329187530337,0.9204457368804605,59.29659185222232,0.6942899148505286,110.65643010743685,60.955993394089354,178.7414840728266,0.042538637394858116,1
0.9443673688879862,1.7221537387846906,64.86116805086178,1.7644586030728449,124.22586017298123,157.2619312369091,220.57676600462798,0.07350306970412605,1
1.0422161921624868,1.672468787907503,18.195956387396286,1.620355483033285,194.86005518543442,79.14936592724176,133.14091211521634,0.05609320129428845,0
0.30025621970574645,1.8025396607963824,52.65277848200727,0.8022905043773636,195.5977449571685,47.50869574342273,88.53039207578176,0.09275430506638599,0
0.9277818090536063,0.7069509125492062,27.43302635071318,1.01196386073484,177.67956312181425,57.64532429363079,162.04139450745842,0.01819228918153483,2
1.4650926612565975,0.8233877788519618,28.754531110794282,1.9499224883963213,97.33982529283618,125.26824826718075,235.3319144542742,0.07189382697771991,0
0.9673513729560594,0.3568655161857095,69.51735660581801,1.3912390368194771,194.60424362486594,124.99147494896415,214.3796043632124,0.07051571898130357,1
0.5346424154095726,1.655999431022976,92.01305366508593,1.7017333959517358,153.4011297014319,76.42564395148483,142.32494152844257,0.09555638926714306,2
0.691115768392944,0.14750296197234875,46.33809494305119,0.8968865521530938,108.94101917261005,141.80522071243706,91.01113128208225,0.04343966803392873,0
2.3578159633603564,1.514321722032475,28.697434571097133,0.8150793802689578,155.25123754771494,148.3096217559348,188.27631591502671,0.03748941727409461,0
1.1110352201883835,2.180754917886503,68.38722435129888,1.6758753932698225,52.478409467978985,168.87036765870656,221.86343529798842,0.02551540997922909,1
1.88492231913557,2.232538763309602,88.4068341715286,1.5288086828471603,71.92320234113204,121.89124981495317,193.04125629728856,0.03387596638197643,2
2.566744627188799,1.1501425129064062,77.34869210102417,1.5214668938176454,174.45285673345518,149.1192709806602,152.26269300971336,0.05517016954796248,0
3.4829346602838904,1.1752940361220308,88.18815074829284,1.3289518727437908,146.83604553097567,145.43395516802872,100.97011424044213,0.08539416657639795,1
0.2926294852213848,0.23857449836964256,58.28992039097194,1.3453675141648231,104.62920519378261,76.093266785407,234.83162150335033,0.035585794313257715,2
4.017110954654309,1.6933743123354377,77.66886199322718,1.6035462579593807,125.09999603340782,83.43162991127231,126.9129153780751,0.024196790499165153,1
3.1767119085054483,2.0620855799134716,22.60581034230428,0.905003721681793,185.77132244686504,106.987535405402,118.12879620380309,0.03449156239667519,2
0.5006192565494724,0.649404883781547,41.344715382687234,1.0291526987854336,144.73671642186298,42.66545545409479,218.7160331536412,0.019083427752563616,2
4.380535258123208,1.0821871600017434,45.059424803337016,1.8074551557800826,109.72239259014954,81.6356882420813,246.8073895830557,0.09340258746771965,2
4.612274762605884,2.1051563750749125,56.01661716214311,0.9632978015182366,68.04899860963025,106.34360226819331,192.22724398660927,0.08853617368200226,1
0.39928200328883245,2.1989451457726057,93.61687242311413,1.3194643570689486,94.06202024383416,55.129701339360125,186.2177831341736,0.037764254528663714,2
1.4567004759212985,0.6457909516473537,88.68669041999568,1.553959196010026,196.7510349194875,57.67862428851756,134.30324776758064,0.032228903433868035,0
4.050386270986,1.3988980546263425,22.10729430602661,1.9998872402497647,115.60445942776663,104.85314300322776,83.47028661647198,0.09148575826584242,2
3.7664724828799265,0.5216082190577763,25.55106866942169,1.152936997242998,120.77591957672912,142.33510442203038,112.60563718986063,0.010159475618886039,2
1.004152994846249,0.29960297214191356,42.18764946300202,1.1421393149374157,124.7897048595523,156.72485032889563,179.35317421461724,0.0640519775192212,1
1.1258116843498807,2.282245228410296,36.16694793016065,1.7638825691505011,182.61560344223167,116.4839456506648,105.72379850872774,0.09244033848511035,2
1.9153133036777719,2.0602433853686675,65.3293857840636,1.7082546668897949,140.5892426577965,106.46485825654236,230.2520871783256,0.055770174001571755,0
2.4741626274360047,1.9120855094177762,91.24984429880904,1.5966138226018227,154.05155546778832,93.79927958436573,111.98459693499048,0.01026702636396705,0
3.1294483804984505,0.16947748109219404,96.60623875053281,1.1948444561135434,108.4120313823656,67.01285894126487,168.75775701202326,0.029698428644664016,2
1.907676833891885,2.1171355421401308,68.82426572817039,0.9859086802410737,54.36314278834615,60.51868039401106,167.04225178069515,0.09301974345027407,1
2.366420109052425,1.1232079859681903,85.4343281260978,1.413095723877273,189.64593713642665,150.86550323265314,182.67075712204058,0.011532018176184633,0
3.7626075968554074,0.8888680520748562,57.26819802077174,1.8143349396974613,192.36915213746096,105.10092850972707,135.66379185206662,0.045530178945688136,1
0.27974769416392975,1.3888670845121724,28.749425217403576,1.8256661873128799,192.37295800220767,150.64483436716566,228.5008141811036,0.08107702536996804,2
1.3369410272857019,0.2738154446727118,57.221957088412964,0.6627475176056576,191.5530629970075,138.57162502608816,155.53126111576182,0.08542818943165031,1
3.595412970834307,1.9037840459133772,59.957434129388595,1.142525425719726,172.28629116043416,67.14542801367304,199.02610838521758,0.052984713936580316,2
4.486513504667276,1.476965938376325,76.82118077922009,1.1970829342981242,152.689407517449,111.4430169895716,188.10484636433955,0.030923537655956727,2
2.6072194663667645,0.5071457373392605,29.78946907366142,1.9664230512856298,176.67648774009285,102.1623282591753,99.91653413034956,0.06397342459175431,1
2.707356077800047,0.5111688894341617,43.147934387805854,1.5169970228638767,140.08193585015545,99.34229085269754,185.84868995944393,0.03374002284015714,0
0.6251428555649027,0.5014091963530519,42.762472229310966,1.110869625893106,70.15544208380354,115.95994688853393,173.6194552567863,0.03297378321963247,2
2.292320597434928,0.1896558495022383,96.34956361670484,0.5390868289783894,108.68272475621316,177.4914661505613,232.76269075350402,0.08268397870573119,2
2.709824605629614,1.4901062009606278,49.9550464294047,1.3480777401487938,195.6942367959406,153.80608367390434,229.74902820243358,0.02388392517669518,2
1.2881054678101755,2.108853035091845,77.95845705683318,0.6441139634575341,102.67067203934845,166.5197404282548,105.66231385997989,0.010496933056179172,0
1.419291831651967,0.09287062426910207,77.57302432369951,1.7516749360216446,180.17418705970542,44.149541644645254,93.8864747497233,0.040309769530526424,0
1.9486923992126512,0.1700613801796202,33.89897663229172,1.628777990855543,63.98172061623043,59.64709135095083,130.0806772658477,0.0541876559495527,2
0.19834886911085922,1.4532871778830174,61.46827204345589,1.1907637398622681,100.12757635632045,51.86691243143889,247.7241856363325,0.07345723527057914,0
1.6781879113575737,2.0577644291958284,90.48726039867833,1.1438161693125495,102.64299870910693,76.85234070913873,83.66754198907384,0.08030037318438597,1
1.136095234283069,0.8505102818931524,52.76779475112545,1.8460084483531531,57.740381466347024,101.86494887533107,194.39168072738906,0.06971672900202672,1
1.704737025671782,0.9065552770789194,95.06057566082914,0.9326875256271926,67.86414952801324,129.88745467182454,183.44733475296613,0.0663857992285234,1
0.686834445914331,1.5110489188671012,29.301240639174544,0.8735299431601562,78.97478166826565,110.11637728012428,189.91830767782886,0.06991738500874917,1
4.463583675625485,0.7218215783541602,16.674319519662767,1.9087961492386432,175.67233862151693,166.44574808783955,117.10860126102605,0.03443738658229892,2
3.008603022414839,0.11519049689032614,90.23084858302744,1.7138687551302239,59.51029849097096,171.57983424514092,118.54194878597448,0.04441251906681111,1
3.4276013638079994,1.8513098693489105,86.2913078165995,1.730938389600792,94.80513520165809,62.892933167644244,153.2091539695502,0.06547928508996081,0
3.966939069175958,1.5828422867065604,99.33308883404602,0.7927907214138883,51.526250388390125,159.40780883706992,96.29582720138258,0.015901359431857557,2
2.542366774752381,1.4728521976863649,71.14541393011834,0.7149439871464016,154.34416181045373,107.44110856186214,92.68424553321984,0.03657928150610701,0
0.5259094116283761,1.8671261160299668,94.30191340004346,0.5390443247257024,143.04546350650696,103.4661259844338,95.02110709263653,0.04657770502818878,1
2.7318220549108845,1.7043155520269921,84.42541225756997,0.85556226337802,146.7473393079713,149.89150878783954,177.40645912206384,0.058009661456854246,2
2.975521478302308,0.5544108710368869,85.99836998080782,1.6612857375714871,106.1574177071928,53.039671266282724,147.61611567264194,0.053783389662486504,2
3.7526534235032174,0.9135785650112104,61.22274134088414,0.8600576281462247,81.24017319013535,163.54903783868053,129.9148527117365,0.07463186903385943,2
2.2151317765254293,0.35896984711263125,44.41281381250398,1.5936549253923142,158.048031992905,133.92086963666605,133.68929454072196,0.0526084007874815,1
0.7251434836982624,0.36814968287380856,94.11022652889537,0.8778623980511322,171.66768091110427,162.5366250721197,115.23816199434253,0.09137169854424901,0
1.4905019384137501,1.7066795785735214,48.8905458054305,1.0929387469260075,70.79022471473027,179.2268608790672,149.95590700472894,0.044228650793717565,2
1.8791032523533122,2.1535702621071207,58.493743052470215,1.9747434348671127,123.0244141906132,112.52062333001547,114.51987176399444,0.05728345355585408,0
3.2649944825248465,2.4086948304597904,50.1502876412669,0.8672175969262034,87.30735229682938,53.056707707250055,198.66782719088653,0.010288935064182412,1
2.8968136928776684,1.589450437996139,60.83364825641774,1.0645559409474015,75.21602918092006,63.31334081032411,101.06852715116915,0.037943016080157044,1
1.8448739568994468,0.5010482422343446,52.34545710930945,0.9516307706978204,160.14879702424986,85.3065539576034,241.2011543787439,0.08799156795825931,0
4.9339247190856,0.30884334634988025,14.317080272152829,0.6644374794950034,130.71454032092555,54.49741189885934,95.26921982163798,0.04002187551366625,2
3.068296614848747,2.0414848802650565,89.38433674069287,1.2348412131962374,82.42779985680016,154.14785565928779,240.38832142757892,0.03278676999992158,0
1.262411279506373,1.4679533670819984,49.99544370241928,1.0680359949995033,96.50000168173176,81.56149914458759,221.66014515846913,0.058918326619799954,2
0.5987341158399784,1.5647983014836138,63.004928365661385,1.5423306287109202,194.99805069916135,176.62406632278115,195.72106050427465,0.01708570885978652,2
0.849009782003227,1.9645821174490379,22.526902248218832,1.7263918204273194,177.3019347062835,138.3628004704598,235.0912814461322,0.05784446184853594,0
1.30519286908409,1.7730292079445067,10.304906318437522,1.3163745717434578,181.99201143096926,64.28025183577807,103.66719489795406,0.037329921841796954,2
0.8873387289718229,2.094422719497437,32.07610842792786,0.5482946331310052,119.0018145621062,106.64597057215164,109.9735116117756,0.044479260088694884,2
1.0141784178513984,0.1877240683767023,73.41274289200152,1.4283835343520823,143.57108958813126,105.36379102866495,122.86594064999869,0.08122285039034303,2
1.496966326599851,1.881425560028937,18.927507710159073,0.5830860950314087,106.51516103066174,108.95163216670873,121.61795955020145,0.06957676167527066,1
0.9495306169442986,2.134589255439134,91.79986963478211,1.4245344853985373,61.65679635333358,114.99676389001098,132.8442060576172,0.05014954838114587,2
4.4941505806694835,0.7510308540228702,29.35203124205661,1.5275449239037826,110.16039659851738,44.36423152448232,177.85725270642587,0.06197646817764456,0
0.4931453537420468,1.6190958212834696,28.413425286259823,0.7966514414262776,139.0971129810717,136.0821576041073,84.78934392186778,0.07901728797882063,1
2.670105808894248,0.8196970564005818,26.335716545934595,1.7290192230826564,93.0716406152197,108.20684854038205,144.9863411567959,0.07712053706765695,2
2.1109444522493415,2.3970291128820125,11.258354167422826,1.866627697361073,177.19258620911236,150.73515584161785,121.8854717417414,0.02667895394960606,1
4.913655222852172,0.1318877524669842,79.46249216304112,1.7196304461707295,72.66502387618979,154.14894025646026,183.12707416896274,0.03708272997992843,0
0.6489906206234565,1.47049246739074,88.75310781207327,0.9576637853181232,105.06936341553799,72.27491707884045,247.47878627876105,0.04134132378694228,1
2.049492435324134,0.457933690271312,65.2746432354579,1.3799645186684517,68.73558579863044,46.779212499748894,168.00128407117336,0.026878806100450403,1
4.850405123049307,1.794939502684039,26.937998351187606,1.8722227237868416,110.7248200977838,138.45273985572516,152.36649065013376,0.011094530860567378,2
4.340984916880504,0.4809311943757221,35.675019724679174,0.9809970893342749,55.94919574614057,176.8867903849424,142.60140267466974,0.025657054190993102,0
4.103653147651472,0.6266889916509761,52.833402762846696,1.7300417333981375,90.88240925924681,102.53211812132615,213.44136720957582,0.08274198943733385,0
1.3637238525202053,1.2612084870621074,95.89113564609707,0.5142126968925448,110.11028826705255,76.34579334310341,92.23675838062358,0.05913284062532241,1
0.9373491782113226,2.291345627492351,32.26162346359685,0.5054700541770144,121.72480449150373,61.934065241687335,243.16098745822066,0.04074922242884628,2
3.3763517776297123,0.5687002117625286,75.84813135278992,1.6395674905084512,131.55445377127128,80.24238363468191,151.04604061796775,0.06475100010665183,1
4.65394234672517,0.40338805173935366,49.55034009636283,1.6421713731906817,91.24866946848783,85.90873719200297,133.32912339026922,0.07658507128121125,1
2.8281381757682564,1.9094932380423753,36.80626135240196,1.6834657817784406,128.45620019223085,99.34246408082504,245.5915797879492,0.041898500471877646,1
2.9009021784025095,1.276517854218131,51.03243433199024,1.8950402568322435,126.35069323430898,131.7569972500421,239.099406751344,0.05194673573814771,2
1.4718975589353926,2.28387352533534,16.40860457871093,0.6768594677304263,97.42670763143127,78.2428278512318,189.12880376017256,0.015779189500310403,1
3.870515372640491,0.4092056650416136,81.88186338373262,0.8479774774755325,174.53004959847175,47.136746885614635,83.14625372456823,0.06373814825912313,2
1.0165143679318647,1.6325233379064465,31.897173518467042,1.8555873805607113,131.84616898903477,92.25900562018074,207.25094595511723,0.042076638599696625,0
1.6860282583807942,0.620553908071947,75.28709108736734,0.7658542966585302,99.84045781198175,159.7881462622706,137.04475800714022,0.04901712828407089,1
2.1846385492204425,0.4340630501965163,16.151353430337526,1.523343901364876,192.10077681211646,109.76921151926373,146.00763924522437,0.04803405561522323,0
2.58729085555383,1.7244020671353129,95.95887005491174,1.295694500061223,176.76686196067413,175.06972608435737,106.98616192615606,0.06691683598682885,1
1.2878076888338934,1.5045273187763966,27.371348686512874,0.6247905152772608,197.38817173277013,110.50701435242244,168.9878742570329,0.061521881405903284,0
0.6627004412220974,1.8993272729877118,89.44678685863724,0.9278954929122993,153.83508119681312,78.6258343690587,206.57394135464025,0.04798954429989113,2
3.092038207964,0.8081833122931469,82.8525888653891,1.2805583246614518,106.73343582590704,67.06395961433005,126.41189007582163,0.011525951934165583,1
1.5142897108772535,1.1475305581363655,97.10739316732743,1.7785251750257511,92.12910000185184,137.2334295499807,239.58459436737377,0.06588663531682414,1
2.9480672849708003,1.0434056070095252,53.01015948511746,1.5613077344220105,149.49767655117216,115.0933800088411,113.10526552050223,0.08916197266308944,2
0.8563773048435913,2.4610191867179596,75.46575644613564,1.4328247421823996,197.12248737429556,124.5598500593618,91.26459790105368,0.0792596414434508,0
2.457586499088606,0.7660099440115005,43.36395913340056,1.2440493349121222,144.00726201557734,145.71775050677837,189.54185846948315,0.0983454069025074,0
2.709688219502771,0.772302233949579,26.593141421772444,0.9480259757212015,182.24224114847573,141.62648499708502,224.38418441960795,0.022516780421864203,2
0.3539353304298919,0.9186431116300882,49.876833964010395,0.6788673669788918,99.36551465716529,46.070862023551776,242.03258608227708,0.030026804750906834,0
1.749360963150211,1.4332554991612878,24.91741138496094,1.1136140518491433,111.04306737113833,152.36006674130397,210.4190717878082,0.058534071869978124,2
0.7586319170009738,0.6681907234461759,98.38401605077455,0.5427777408669389,185.94128593840298,114.5784629872396,113.94050195603229,0.031229353210942584,0
0.410537355316562,2.292460353929221,18.662184202664474,0.8165838339002759,163.53000529367282,94.83919431406817,246.20240141663416,0.013109480315352086,2
4.950805138710732,0.7009296339223456,63.02905511073584,1.1487250638089899,197.21154805518586,115.25271967752985,236.30409892490326,0.04620594485475516,2
1.6795338403761428,2.244748542322477,66.38174697286503,1.1279077785078726,166.21463145983628,125.7432027840255,107.73846186961606,0.03588802607385843,2
4.068384784687711,0.3035139059341324,58.42715885866488,0.5664431464954887,117.27735608273477,60.93088338233158,174.99359057560514,0.033738476109299455,2
1.347739208342443,1.6585786208791484,69.59672971406502,1.383590230287937,129.66020297335444,98.4381553457023,174.4379624082664,0.09578555353218238,0
3.4393633388972535,2.272114520173697,20.456269751070185,1.3245263837798542,185.0773238694705,86.98206942634573,155.23091228201002,0.03146087046389046,1
3.8251165134594647,0.46343612407566237,59.9516671784762,0.6171564560313693,132.74701041470718,89.05725227452538,247.32782614414708,0.021648931406865805,0
3.0186298289784372,2.422401052243175,35.84913140146254,1.914744578690659,88.30960612466677,52.78689137702315,90.13578032063761,0.021278733211706605,2
2.4107233238957764,1.1595642330180038,94.6158456970951,0.6490741684262902,115.34297191549241,62.378088320032255,186.6255144354094,0.08256916661396763,1
2.118020479321616,2.36700201568051,78.58644880957532,1.7822512268560042,127.44739832736768,62.656489462070994,114.90161585539772,0.07433632670740663,1
1.8094545060606773,1.7082091068936154,97.52630339437684,0.5004645978725089,64.50797503266944,92.2514640510307,169.64630480426314,0.0216537576010356,0
4.654692806814347,0.7888878311902013,13.380046276617058,1.8234216425680747,161.56440113793354,165.2288162824708,212.5559312038782,0.029777780697470772,2
4.170035098159873,0.5113411860469108,35.66198576626378,0.5295795983064688,66.40309000324595,68.84383206893197,121.94355653865287,0.07726087075991774,2
4.828631862265912,0.7941508632514936,27.588032797451408,1.636718047838174,110.73765700532084,98.26695107447264,146.87112290213526,0.034715475805115276,2
0.7090563950791692,0.27789265269355373,11.003912858064744,1.0425362169503793,170.69336623106068,83.6253181418793,241.63057262766785,0.0983387867641617,2
3.6812506284978572,0.40247651754115793,31.80931572216893,1.6073252002044798,120.13555424199454,150.23366375718734,209.45172541245262,0.0586513059958818,2
4.697868238423085,0.3064180788488788,71.0898385168386,1.1026178081374678,176.30232795777619,47.01770052491426,177.36294136701204,0.027280717336907942,1
0.9880420242117348,1.0862116821668166,30.79800299211117,0.6063618834977627,101.28219830841725,67.51607537502466,117.73955592714185,0.08729276090614599,0
0.42583171009720977,1.9991670218310869,55.81031009343564,1.6512600430930462,193.6454440997653,69.48981592967121,152.30192437118913,0.038752799130751164,0
3.7314911815212897,0.39638970783003347,89.90363034684988,0.6068790279820475,81.42026477078534,179.01479204385237,211.59042423848686,0.03599266195579401,0
2.9149182545815684,0.36928506127222294,72.43821283141676,1.883180653941827,55.739621748395194,119.9085025152825,219.49232327869595,0.039469711010634866,1
4.224961006115533,1.6264009263174606,45.516616291542874,0.5764610536874921,180.86398144856278,59.45415701369255,121.58305368420781,0.07913775234007339,1
0.7848846454688185,0.5330983058217624,43.52220450208975,1.2189879166572732,162.83040739256123,78.10787949871917,192.55023577089327,0.025589165474435335,0
3.9968098281134625,0.28914459336702947,51.016223260763624,1.5845516462761935,84.79757556010591,63.4950931772094,96.15050866097798,0.044360720223484425,1
1.0879738682339484,0.4587790166036652,25.933729695391573,1.0898696971880566,197.71124107050107,57.444639746722714,83.94609226657896,0.01277494955059694,1
0.9019141200419521,2.3131419198981016,67.06006906743893,0.825850211888652,125.34201939027918,151.60548397710494,173.27456698361362,0.08439639556146471,0
0.9049024098618654,2.0626045693016675,42.77375371941449,1.6386364420940405,192.65981602162452,109.40536801244969,118.14457522767287,0.04066468896763048,1
4.091416129133773,0.9174581777699806,86.71288143358393,1.6764420571830896,125.7543157080499,128.36941915882937,93.41504531116259,0.0323355627827537,2
3.359466381411381,1.6567608799521125,78.08973940520346,1.8840424759315508,120.78118801569366,86.37517457887944,204.0708131921891,0.06219039181379494,0
2.663020581368685,1.3663254004866934,64.94618476829442,1.0642476656466164,117.37078057166975,117.51731204942612,164.65568002198967,0.07344926953762378,0
1.8582693722051624,1.7089544455322818,42.77820003845645,1.2593776017459903,100.23129141994252,76.05966455331759,215.36709186293658,0.08316064334646489,0
4.398282649984231,1.7225443235337605,28.893864850613596,1.0446926642691081,130.05522457648277,83.12507848995287,192.87052074569468,0.04130064509491612,0
2.0229810263709136,1.590398336896983,79.85366776950606,0.8856227327770523,117.88319929228518,131.31331221134263,204.0668397856333,0.08310707651341627,1
4.101337253410728,0.7019483529164061,53.776818909197786,1.6265494423064129,55.51203149353312,61.04901762869223,132.25129882030296,0.05183929003343125,0
2.2517610519940705,0.14556573086890442,30.227503435962177,1.0094777675254332,89.06528501352537,126.41106028344466,124.75689036615017,0.019102804079070244,2
1.9470277041820474,1.1661386158757667,27.56571535360056,1.1422241629885281,81.96842001583376,159.31287429923782,182.1487316561944,0.08616767344442014,1
2.367130949781072,2.2328860174922243,24.88608140512231,1.1055104864360419,180.11534034815998,56.85925166530767,114.01396386767433,0.0592871303894153,1
1.5767515834042964,1.445268283370511,79.94450765850355,1.5689918384701187,139.8304965840262,165.64457927979706,218.6200596574436,0.0642222614752647,0
3.763285962863631,2.089358052169674,30.608846677028055,1.8766934391660197,164.5524650674591,51.1223952418453,168.89642872562055,0.0943742142725262,1
2.563329911453148,2.479479640255009,57.39780371726778,1.500134091961066,193.52390566239208,88.84729177382222,118.58828849911937,0.060323633644532984,1
1.237842206219405,0.45085970013877685,50.63917248757508,1.207373894141349,146.6058908789615,125.47130413331924,186.27859949608444,0.010502517761019011,1
4.507915409045386,1.7448552158978567,62.16498093054555,1.6688076721083251,197.39149871071166,118.31806641659516,240.656074964215,0.08835542569027924,0
1.981066984728736,1.7020192555650604,88.94394103340748,1.4614569861832063,96.76460774781944,53.494750149220685,93.9561035204316,0.0356275972291114,2
2.7634090194585443,2.4508908460277823,88.09726510735575,0.5909155356767202,77.94007734693407,151.84784349001944,98.5886852432955,0.05515902287056035,0
4.54171334372628,2.4647217981843608,50.596846464237366,0.6434953796282625,110.49648319893672,176.2414610403354,223.4526549667678,0.028439794230527823,2
3.1587661799785614,1.7323625987241174,11.382962566125098,0.55687541611045,120.6199122403712,65.37196048572781,98.63094167636851,0.03672852116094761,1
0.6728003994709839,0.646856240356376,48.379942514287286,1.1852244893094799,184.30423142788777,165.31833577416478,86.69381279000793,0.07179839632603305,2
4.705177405706028,2.0064618034199677,64.55741836817263,1.7387801515084473,133.99106585550146,117.95332189564508,139.1481987779004,0.04866160159341226,0
3.1757694600499478,0.31222137881704337,60.19882831882556,0.9696247540270281,93.82714991270255,171.03072797434584,159.34000043667157,0.06644175675232485,0
1.7410375118197223,1.9627132952204904,68.6202495220185,1.0762402746387225,161.39514243012815,64.65203417834655,176.80555423741725,0.08412181221816559,0
0.7824331560505976,2.2799805041545063,23.866815922577516,1.864215662551836,125.87479057086064,150.88299504511946,166.24103953592248,0.040673981996771066,1
3.9907234274244505,0.9879418171826665,68.18815889026592,1.7553551679749821,74.31979179127552,48.36942056234636,235.24137565187928,0.06115060344934369,2
3.1383565040497166,1.5950564727085472,26.438645686939502,1.4975721685738401,136.52296813868782,163.6475025523817,210.67357706657836,0.07998291040358227,0
2.7139593506839756,1.1038496936372246,77.54715826270741,0.900205673138377,186.70918052109258,134.38231910794872,247.24774349649084,0.07436108734924372,0
4.480073656949693,1.1225243847209148,40.5178851936412,0.6755622240326653,176.39339262137304,91.83566974914021,160.9974219483048,0.05858590923836659,0
3.964126335000201,0.8104086783148943,73.89058900433082,0.5240882340201706,138.02149589529967,66.66535528969902,94.33603367266042,0.04450451596546197,1
0.8432069106904808,1.9172175701032954,14.307903901549638,0.6605160089066313,106.56247608274822,154.31463379940868,242.44020930028867,0.04667517831097158,0
1.6274381321981866,2.343632582207938,46.70740230318221,0.9388946654359142,63.04681265963167,124.45378499527362,80.69923747014656,0.048982169079663906,1
1.3175967850908823,2.35483960512443,73.45310700369996,1.3276850953692434,120.44733849974357,90.45821941272018,211.93632235263823,0.04139609760515367,1
3.7453368336061175,0.4782141479435879,30.41834646983447,0.5960001241285804,162.8119156294369,102.13701547235227,85.3179452311855,0.07291680714007281,0
0.264308930205319,2.1931219416585868,81.57583403175003,0.7043416674776735,104.04105795995159,155.71597185013272,209.40641241077853,0.021287372704464673,1
2.892459455869451,1.8567070314964493,66.77017597944388,0.7716210534619116,85.31702383274967,87.44980706996148,239.4496197741692,0.09707087086455492,1
3.836047560129384,0.6694516316912088,62.88055949348185,1.4479731394749593,189.70695789064303,52.54857493539002,146.17425054627796,0.08010869517743861,0
4.3961516201325725,0.21484730165771065,41.81939687839034,1.4236846984701867,173.23335506869887,167.5795041084862,120.964024707352,0.03683467469500965,0
1.7762005687079467,0.7065933038667261,53.420632334300585,1.3261485895582295,145.7413429130217,94.22812355212484,118.46745592701124,0.013829281234357208,2
4.124160792892863,2.284910180114738,63.76143708800678,0.8757521370439094,70.5175015880779,88.77425155612988,163.59199950553457,0.07401728551410336,0
0.6420955110805154,1.6012877534946424,52.52159025234014,1.056679536828098,71.73632606092596,68.61594664263151,109.05079607865456,0.07609231404728499,2
4.2476162294991395,1.8165839191997861,72.84819915465042,0.6450345745066146,65.48293871836685,165.63915997196838,194.39701721215107,0.0967260349474819,2
0.7246944454267139,0.6800232602172849,49.03272397962636,0.8396909056370823,142.44450003391148,70.45074671629675,142.61990077302374,0.032833500181764855,2
2.0467077237458,1.81250098115831,28.20458635678273,1.8465578397088707,67.3344194710004,129.1342015201937,134.92861370855405,0.017445258118380144,0
4.006747292319813,0.11889769038091322,29.25404045209425,1.9695376196537426,176.39407982939497,163.3071016251344,158.4185479635977,0.09236212819465894,2
0.8345953940089915,0.9695372971438839,10.5223391958647,1.4714893784604421,198.94475027289832,44.88790604445044,172.23987541475782,0.03327841311514977,2
1.2233318366399435,1.5855457039287117,37.08619440028052,1.8752349380351303,104.9522277062998,156.0308387420274,104.12814458399528,0.07493783025914937,2
3.639037585126025,0.4079365855762346,77.40258764306677,1.4641128506021377,118.05047704506461,97.48391903656844,200.31977184546338,0.015459367404491014,0
3.6281790290757647,2.06635875739499,81.47464379538486,0.5497947291582048,156.7500765478518,132.11644053712968,230.10100698390545,0.07845263244785503,0
3.241623401137957,0.6258266820892008,28.2220787886175,1.9951438774796135,190.57295094886487,92.13663885157754,127.2577757542009,0.021432330742342638,0
3.5003473778887906,1.6480887264051935,96.3139597184267,0.6484284525298023,184.11406603345776,137.37227588864914,110.66645331101242,0.07260277132374432,0
2.7593497724032217,1.0427329993095578,55.2162514132114,1.523962702167591,58.63877431247729,75.60128803807788,209.28592203224082,0.05791087430680644,1
1.3338153886440687,1.5103068089202358,92.52808741166524,0.879254304612185,75.36077038351475,43.070275940955476,111.2020930401604,0.09599393174205345,0
1.7939103681692055,0.3132538539408249,73.6088753675468,1.0879716693604402,163.18957978366885,172.6902520703135,87.01337726170263,0.013322587876960872,2
0.9898288123269858,0.09143635980793795,75.01900807201717,1.4689012772014074,153.3339662048671,42.29148696561159,185.2713474650724,0.036284387122005234,0
4.5514077505347785,2.278432847081738,17.653925917546403,1.1547310239615607,69.98278910601849,155.37390054869098,120.75774077190954,0.016255802560081942,1
2.9586197943539907,0.710593521479598,29.79920142072376,0.8758190883966923,125.30968730023515,63.67926306514633,109.20776951785516,0.08912778717157471,1
2.0641719421418356,2.0582086568121247,10.793334996502537,1.0016692803174871,167.12219466279436,94.9108320042839,246.87246609146607,0.0634511038294997,1
2.36382843785625,2.4984082361568904,74.45148764290637,1.0123221753847644,82.81710233940404,155.14893271084782,129.6170471779537,0.05814726511221092,0
4.741688364097895,0.5680065820973325,40.9994459585659,1.9389858567623206,180.69314536019994,68.83050104372835,233.58535933664106,0.021831210290467883,1
0.851421875268793,0.6996683158992213,80.79872644687121,1.6979195238851765,57.945766223055195,161.19906477350503,110.29719020106273,0.054012903158174586,1
2.972526176882307,1.674006479704931,40.50425979433236,1.1878231572191003,167.32926276021107,109.6862514742662,219.22611245061398,0.045883328965823394,1
2.5788545265338834,2.4153491547715222,83.7400377068975,0.7997313805120462,142.37283496848053,91.26148478041873,165.34320841824194,0.038417668132512094,0
3.096125753629775,2.2937451530673227,21.76284283734817,1.716524165393984,97.27990199815237,132.74128454308706,93.3611107497192,0.0794970059948735,1
0.1887399007221185,1.282045024160683,25.60358410817574,0.7357737074125603,158.1398822512867,87.79456107733405,204.7128999194073,0.01551484358501003,1
4.373407153826342,1.9980201921904757,40.678888562554285,0.8156933257130051,167.35486927267397,88.62037025948999,231.6524731949126,0.06820171546259816,2
4.667379584169701,0.38257734009475763,46.763864999404596,1.0490200877602267,190.0848456955954,142.69369473136243,107.71288835703866,0.08406937280819907,2
2.869152599587124,2.44472355129983,41.383252975868054,1.820522293777985,105.16620082313955,83.3765114354751,203.35034119714982,0.0916576554574292,2
3.5135890369967724,2.412665423388167,78.72823292708979,0.6976800029511654,152.90251039699325,68.1081707696195,155.65892824243105,0.07713249352798691,1
4.6202469677687485,0.4511359468039689,18.725625336404324,0.6833512892817891,140.39244154020363,153.0704579195201,208.1579770536421,0.0354210110972394,2
3.5654693081356537,0.7835866557676113,41.60953176746392,1.240962482457899,128.78091041856328,152.75194472181244,201.36775119150195,0.06404567144713331,0
0.8474413102798807,0.295379743891579,85.35159995639134,0.9146158116405121,183.56247112325568,109.6619985189617,84.52203917871093,0.022726324982291976,2
2.923812964817385,0.7157081173005404,16.01173695359548,1.3530919124722398,50.47509712076005,113.73178626281371,110.38257611441638,0.02053545613702984,0
3.0729037272759943,2.0490916840672564,94.81091569042216,1.1774550270248352,92.31674091553964,137.4507276074694,160.07463129848665,0.06747617279246632,2
2.1782402893816917,0.9768732375548859,98.76851580448115,1.1524386595268252,130.7415859317245,111.29840084674068,238.71100922505366,0.08659968891257826,2
3.7085767545611423,0.26657256950955804,17.97113564425721,0.66795945573049,76.74398924548285,98.38559425569255,138.15248764831625,0.016052331312965705,2
4.678398372368172,0.8884525357083163,36.21452700301633,0.7115745353747602,186.17998005991373,179.2851870615444,186.90848994763093,0.019540335891996885,0
4.635285713243204,2.454389168891136,43.51605994318206,1.731617866170275,147.1392676419523,60.66965989935825,82.0542367374529,0.060904657668642136,0
2.3091129198802474,1.5927248083850474,79.87522317874534,1.8288241063576165,121.68244919479848,122.98191709358049,200.8915766629805,0.02963906749174062,2
0.6548664246197008,1.0695943186950867,63.633413090506046,0.8520252993278754,172.20526385999818,164.02082365059243,182.52160466797676,0.0650636310499883,0
4.925721874915439,0.4580193580683115,67.99291304433106,0.6701907522871535,117.63292871976557,136.21010576535605,201.6171069246802,0.029308944272980593,2
4.210600623585077,2.4661331533450523,78.17588405366554,0.5801250079017659,133.79795178950144,163.32926187235336,233.79230421424063,0.02048337768754535,1
0.7108471378960075,2.0610800726946654,20.618109949332315,1.4124464206128453,50.41264933308815,87.08686084965416,104.9048186300277,0.05910174839483447,1
4.6121252248251245,0.7396193910047526,84.98885112192362,1.5730298187503085,104.85507952926103,78.0790166764335,124.4702313213714,0.0875975624229357,1
4.362492174104428,0.22166830451691416,73.50578237621296,1.0592149838048082,70.81857085264546,159.17813416629465,249.28275166858415,0.0716609774935477,0
2.6423064799177536,0.1887326155750172,61.96075526767333,1.5195138012359592,153.45330209934366,95.17604066596448,106.56827294663658,0.08368526237823683,1
2.9972496351501534,0.3449264662885579,90.0761801304751,1.5694382233392892,121.85404384636007,139.35552522802357,202.50659110942448,0.033970165695104346,2
2.0551132489636386,1.472883029855333,73.02757184954264,1.903013422095358,95.26363358753463,60.684800977975996,203.2629047868533,0.08973807861673232,2
0.3683320302279536,2.325470381953456,28.152996636792288,0.5973104567526608,120.17485090576136,145.81733755273444,196.1089368600468,0.04393352571186437,0
1.7424664840649147,1.2670213986146621,48.67708429681001,0.7884375848466196,81.44448319270192,116.85757086348171,118.66490018347821,0.08672029010712942,2
4.033981898130256,2.115216432017683,54.463858024215995,0.6027889813954822,188.76299487292107,77.60562958746453,116.57279074635802,0.05240580311338536,1
0.12269691272255401,1.1424222186565294,14.969586407536507,1.8019909000041658,58.09589488263695,109.23055495424671,193.27798156591396,0.03410718826244466,2
1.7341459412866067,1.786029687131172,95.91737620240502,1.6888807400503527,179.81255529441805,137.5721076175585,111.66253135806673,0.033423294792411365,0
2.051026598595622,1.8430882063519272,21.571953471719063,1.3619631059327586,126.70381831000265,41.664097238633715,192.46576639589136,0.06109010959281877,2
2.7332384543958224,0.4762110794631797,72.77151405040541,0.6254951150767747,142.84197442082257,129.24538823397813,163.72980794430407,0.017110924318616126,2
4.607292520422527,0.9349793444907389,55.560793248179216,0.9099685379805794,95.39084313630556,115.82270895825842,145.7269075003953,0.09370505751296578,1
1.7970953723932104,1.6113902835181588,12.306902489598032,0.9465797720877753,195.0046425191482,70.84006348454257,131.03949939425078,0.03443171461286822,0
1.800070689291516,0.2232066900516972,93.22727282779255,1.3411147940231256,92.27764377792347,145.41735035666755,241.08807866492984,0.04020623360612698,1
3.7137561157377674,0.9357734600192438,86.66531279370399,0.8870658410550731,138.33169957104565,82.48453784864816,166.3759218162739,0.03099713983671095,2
2.3158679103600552,1.3602586923889217,57.183213511345194,0.6094397958694322,199.01250576606932,78.76053041651906,175.41283362686355,0.010270716450464925,0
1.2005636324059117,2.4907500079593645,30.604810252550074,1.5961434527799492,182.16415945751686,105.97056885990517,241.37353439675354,0.0723295213127918,2
2.316953629050198,1.2126072284249798,20.946060161208482,0.9486203174831169,130.4494737929159,134.66095497913108,191.15914407651275,0.06314976109308013,2
0.7901993998610193,2.0493390549300927,42.705323148891395,1.1785612655349509,198.5561784450818,170.03843662267562,242.83499771866067,0.08286800861774041,1
0.9642962338804942,1.1085648484132136,32.988545294148146,0.691499952473458,155.20547925989217,59.790014038494554,98.08234588885874,0.013690969610588244,2
2.542002086423451,2.001157270418287,55.60220809056688,1.7038224550918695,81.3050624212714,95.5055369052427,223.92873740130867,0.09357900802599883,0
2.152734702572285,1.5087662639692658,96.97683665110861,1.3482978153860863,110.83943156537096,49.37854295176819,137.02048676392545,0.039779824605432904,0
4.5827449152336905,2.222158831680876,61.745814390667725,1.8523784393147942,100.17400010173264,146.19710464604395,217.782879261958,0.09217628762552145,1
1.8757301056715026,1.0568092532577693,90.09379503010881,1.243207344598,101.60205624067837,102.6826045553905,225.45822611314637,0.01964183338607856,1
2.9448829163624133,1.5305458285626234,68.57909537461995,1.9121385077268196,164.06846590397993,138.97007892634593,126.15294064423449,0.0769528523322677,0
3.1980950108056994,1.5935457675161273,52.77218739284804,1.837802306571989,137.63943909091904,85.10721935668022,149.5012048076314,0.0621422408289094,1
0.16416283728283482,1.0725882074111597,86.91468064600342,1.3646897846888508,55.71390673842928,158.2044137968853,203.42244023353368,0.042237209372732565,2
3.3513331228818823,0.4035645070343297,52.423129915569774,1.900840157224795,181.6172725476464,114.87593095361606,96.83945725248502,0.01712281563397174,0
0.972376237661782,0.27922054693522214,88.17653534593249,0.9846331209418284,94.51942107202468,172.10509505531172,208.4407008376878,0.06442628588620665,1
4.80924455560033,0.0908452989691011,36.241909261818876,1.048463244056317,199.56123153697155,51.03404948016479,98.78039742930648,0.01237958947665218,0
0.8284473659902535,2.190158947400776,21.59317663866893,0.5682169269590553,193.12860955021787,111.99875543589042,235.4574744855699,0.05511538892314068,2
2.1316582062624163,0.6293635349848017,86.97830179266445,1.3838013601457795,191.07960750229478,147.3037344396778,126.97767986038008,0.06437877182142895,1
0.5182133735853549,0.5681915357403318,62.86736474134001,1.5828859548934,171.66914060959607,124.02137073030606,177.8518889674505,0.07592713725587698,0
4.984683834045142,1.8532867310438608,90.01831584240641,1.6602787853631547,83.0919997525314,43.24717965975799,99.91609501296637,0.09922011708023613,2
2.560755550623089,0.8340394770641099,94.40444862931449,0.724724429069155,129.89491160431731,176.1274149681433,125.81383629262137,0.03340843421569884,1
3.017386584868215,1.2898094964089997,14.826555133430425,1.1662386084687504,83.64539402374619,81.75691703062577,148.67235739280792,0.039015083923612755,0
0.4286747392032947,0.4481521099787679,55.08723716729815,0.7652948181408734,88.95131833834239,74.89890129129348,162.79830903611244,0.040703081212809286,2
3.7748063049559715,2.4013770175818245,43.746809416707634,1.4931910232813732,141.6427654154416,107.99238258492113,80.01147459991765,0.07584244406729516,2
1.1285374061683704,2.1363744300422316,66.32725573631055,0.7369195586326522,56.125031802959505,115.90213505326885,231.07147960467964,0.09386373414305026,2
4.500466018259497,2.166284576264258,81.42320774820912,1.8562455259341124,195.41878502310615,147.28033926257555,81.3047176250091,0.0976891374623403,2
1.1051842383618353,1.0465956840014128,35.2531194376932,0.84595196849212,187.80097588669466,95.05831207225847,211.52637570905225,0.09512302299023163,2
1.0343698312519662,1.9177849735825736,60.11185459358545,0.9371033994323672,107.11513582365797,101.59445270470971,159.99841510058306,0.08914447069437191,1
0.2790933724556649,0.4024965807049614,73.78557219144096,1.7763594832264995,127.31336720103695,114.89438823073634,169.05960423323398,0.09918796364385679,2
2.4131280310389966,0.07111655634986169,22.09879745521606,1.1877014152185856,119.91791289016385,95.2141939638297,115.40513148687195,0.04383511541510473,1
2.8677215529868207,0.0989336848161689,83.26602153561402,0.5359939187001095,182.32996679262047,168.03673107416185,183.2526195587697,0.09534891879988358,1
0.4219723331989266,1.4871742566411732,64.54986398676758,1.2418793768039686,153.29028144741665,159.1752753287953,171.32942455880686,0.07849179661563205,0
3.9000853218055522,1.165717517857455,95.45836934022866,0.6268150030701846,91.71668711365346,103.69631731090297,107.92018912545021,0.025161387357518043,0
2.3211152902653356,1.3191376048258736,40.55760272176239,1.978017078030966,117.02618816979454,40.0272807272244,120.48023022936727,0.01409186690894821,1
2.6695123197051425,0.06828469402218755,19.733134810347877,1.3821673556834035,114.34489635301456,166.13082937409928,91.37361693211771,0.029303556208329008,2
2.2597374599973183,1.0855822181606931,55.58510809332328,0.8847989264164677,193.90027524258778,57.40712028152514,91.26820725520696,0.08008760118588636,2
2.0637389982890975,1.8092669949421092,17.722969453849498,1.3455765193214266,76.29663657719595,74.23173812716647,82.34188361191252,0.06685271931032959,1
2.8422376234102678,1.134599569820218,97.25738709916061,0.6153006550726323,63.436450594164356,61.330579811155744,117.48063533212424,0.030192063161201668,2
0.8606772050604913,1.8439370554649448,13.481646243147239,1.6998369564032256,182.09282482425354,65.17417979734333,195.54240865749946,0.07677293090242233,1
0.9914478394268286,0.6208964627722453,77.81535109965772,1.8879920807962456,184.50289842588063,152.40285530457686,133.75661598420055,0.02271900154943827,0
4.322749542966235,2.0421979109802275,57.259215832801964,1.8116665823092393,180.7608631868247,121.13020183322939,138.26482587745403,0.08396572544728251,2
4.7359657644548,1.4916565391109582,43.17585872484598,1.0126364034478441,126.64653734383346,173.85332283754877,102.4239168534256,0.0814744878373659,2
1.9292156497707897,0.5663695936032703,15.925794805778919,0.9886521794650527,148.96166424041905,72.40349172532031,177.8300135015914,0.09753183736354436,2
1.4266488984034136,0.6299651658418908,65.9950231756247,0.5526314168244499,134.50445713414757,107.98888713837276,138.16441906294534,0.023525160816638635,0
3.2555977618711776,1.5886746381953658,62.66982964518597,1.477100538051375,60.41717390816014,176.8399716715458,194.9738565831365,0.09159516949731403,2
2.1027974383806725,2.083352003370486,35.27949457608398,1.3023571762846924,139.37523453510835,155.70209199846775,206.04810970323408,0.04069923973496547,1
0.22439314273568983,1.0682880659714302,91.91995312692809,1.189019556991012,52.042122088415134,142.00619507686875,179.39778879222496,0.047445387831578055,2
0.8651477270943327,0.6828360513626011,37.36990066085532,1.8614464300020606,98.74811143356293,66.45652819191088,126.93182125804617,0.05216005565980926,1
3.6082639213522483,2.174178436930971,50.475286953289555,0.7518183516242695,189.84388638097505,147.71675612736027,166.4633258873332,0.06642136478823003,2
3.328727315359742,1.6897073147895456,58.93862103267901,0.5144994000352735,95.60679044537113,88.65911716342849,122.82823679599156,0.09952870331062386,1
0.23277036326706912,1.1478094438435376,19.02086903586575,0.6099746781811481,190.97399639663718,114.27516558654607,233.49518201016608,0.06399629227497099,0
1.1876635934714523,1.2453554784342897,93.89455472922691,0.8350571567410534,87.52009357238663,125.28256982553563,210.28557751403474,0.09340442785363666,2
1.23226650328155,0.5504283464441713,43.7082537205937,0.5499283238951854,97.18433606922987,125.31091961339557,163.81100402094626,0.03295253818762507,0
3.3922744436337697,1.5856664436588679,17.270129248690925,1.2542655659647033,144.26112446578304,141.71328606789228,244.1277143402849,0.04585704956336347,0
0.19658163499638437,0.9289191508300773,44.8562056307797,0.971135682850367,164.24404591839422,132.63829296990878,172.94842594413194,0.05540495764947228,2
0.6101320517244119,2.4893306828521555,64.01822923833225,0.770724512102199,125.20816520073261,49.571923103482575,135.85103108268117,0.03906117908080037,2
4.019588818328628,1.2264496123916253,56.228740463919664,1.6251261124229932,182.3173530791233,104.02858363287501,96.22944113498801,0.09791803926678971,1
0.9748688440662348,1.2404197351645525,72.50877766335466,0.8066769893487951,56.036063241592885,132.96302494079708,172.4367596182803,0.07531151985075045,2
3.2984559284741866,1.4363368791561462,14.993554786111957,1.5314076514906898,188.3292257951556,81.43901750320202,226.27082396882875,0.05309932169643042,2
1.2670956271289602,2.2960522076409293,35.60865492448505,1.0238973587714584,79.44616998431121,83.82793621029455,227.34218378659628,0.07761742310888145,1
0.5872628245207914,2.0120043446563884,83.7307519156092,1.2677416409938318,182.63581176269838,57.43945668564618,182.77640133606724,0.05206982491743862,1
1.2915437358973252,1.1552686710047115,17.190431901222478,1.9008005597769797,110.12947692295708,98.60609803647975,146.88452174981617,0.011550279463113343,2
3.6391079660927304,1.8108132016333502,86.99373592263618,0.5560274522237192,174.91355838065564,178.15626080286447,190.55037237541558,0.05888740670293026,2
4.2929126937208,1.4862769720128661,18.27064828693956,1.2503967612161928,150.74983247055428,79.94471058032522,209.56386027503672,0.06626666968850815,2
4.168077336378259,1.25629926931806,85.10087934025266,1.7816344404914273,76.39124487173932,114.40116497605374,149.97621334700145,0.09830866768467056,0
2.0461992951304286,0.5211736433216588,42.4709560970854,1.3819613725555229,187.70713548221727,144.0532153890718,160.96320876653732,0.013671356343455593,0
3.3736171691961667,1.186643845464483,65.09881569314942,0.915305775447735,86.82760857326895,41.88961792379789,195.70477225425032,0.056088726170962055,2
1.104423047537523,0.6522555382053079,23.759840408319835,1.0965217027175516,86.62101780424986,166.06153834376187,229.0309430374669,0.018833928103752565,1
1.5364238782789652,2.291363267136554,15.955184955266276,1.5203984430928619,172.12683449560708,94.11702586149138,214.47176428418675,0.02340963114138644,2
4.492045510753487,0.8717466930660501,29.43443836181216,1.8362178414707047,65.88098833587816,161.67623813953753,83.80653278445928,0.06494170050716284,2
0.1637094252026066,2.3830468356067622,21.5068436117826,0.5615995606199173,83.30538595556905,45.45267224592693,101.14329844337993,0.030841094103984758,0
0.5189918011868936,1.3559854607320425,38.11653079116686,0.6073082328355646,125.55163601315935,60.39289726091462,224.9722906485387,0.0774256700165522,2
1.118642650215534,1.597283727756593,56.294492185991814,0.9875772854143814,174.57155430299366,85.15412362685828,221.74988076765572,0.05627788233357455,2
0.2300077989817166,1.3802040889988532,62.98835172085086,0.8491695266562185,72.12259621059013,88.36464822885902,146.09715313528056,0.02963915966491635,0
0.9890336319400069,0.3669825115684172,81.08812966417686,0.897396329333609,132.15023517685194,158.69119122392232,179.32724680080315,0.05444125098409586,0
2.956903648751492,0.9707619865694554,69.06159039235229,0.8319049979388213,156.68608877044093,41.56815615435293,233.99364701286987,0.010079355421730865,1
2.16498029790324,0.29290797508017863,64.78824926165976,0.7937375732827365,179.0892837073927,129.75564870575514,234.96497577120638,0.08764660392920569,1
4.474091384277177,1.5762374082492854,47.06038247371972,0.6959359503039377,190.33483403033293,58.38374106499704,213.12578377935142,0.011141053935018653,1
4.1054734525183605,1.1448417782410756,52.64275914641248,1.9009311976928571,167.69598717033986,155.2501910995469,115.63011952114542,0.010630890324296429,2
1.7749050233195924,1.9560631803487953,47.306874645116295,0.7162841958592296,147.9242597333003,149.00025723410772,204.14807725017062,0.06503535488616824,1
1.3711748238133334,0.5901526784484562,85.79494270552448,0.8066056621483042,115.04301279691488,109.98894383756809,97.18673349899963,0.09761688332110746,0
1.960492800019608,0.4531868431518706,30.700040729355987,0.8693985859711786,66.81652312826294,69.77621157173252,231.96953810727675,0.0870340135918581,1
2.9924452183225583,1.0455139658612311,10.514883838776816,1.8995223096956309,156.4605788788282,128.8293547351779,105.35529660838147,0.03268170213305065,2
1.4135118400320938,2.3201341888850338,68.61879075036154,1.6335712004016272,198.91059567132305,61.876164472070386,192.59926881894665,0.027700013003291717,2
3.158329648460757,1.790533446780409,28.221596527494825,1.6845491454732722,160.51408920981498,66.60333096297148,183.74135662289927,0.066350096257011,1
2.1061170957370785,1.0763628807426509,90.11036226788283,0.657137389307747,52.50666406065894,127.73658631155008,212.07294149952912,0.08403739723198697,2
2.8050311861747033,1.317316815898061,87.31416967359904,1.7544648125235076,124.43899670627582,178.7719824524074,173.76817540093742,0.04258708038100269,2
2.237019992763052,0.25632187738389095,16.905463473538532,1.112289622726127,142.1969948724356,164.74851721535646,90.12631781387446,0.04891191313303684,2
1.5428822217553968,2.462210946121477,19.57495648726696,0.8942345393185831,153.45113016542646,123.03503007571479,199.99386318750535,0.020394056230997607,1
4.747421204114568,1.6826978965025516,54.56544330219997,1.3636251252804659,157.9588753401063,115.39514762743933,145.13627500199556,0.02375437791298233,2
3.8416683913828282,0.7492399677353851,64.83003964924191,1.733274358725101,133.7162661824786,179.7738832011352,134.44845020724867,0.061151643552341886,1
0.7865545612556175,1.4852305658273488,34.74175037340167,1.6679782266123642,83.50404991013605,116.63560066874511,248.5845034207349,0.01923905311735933,1
4.355493081899772,0.31823179686903524,74.51179450294336,1.8349962238716981,191.33009922148202,98.81631307432215,180.3679602131537,0.028184151231631094,2
2.488412871422617,2.41629983857858,63.54244188269844,1.892198279023166,154.49997014954928,167.3377750085478,200.82224245579994,0.03112093216106957,1
4.483305911781048,0.4782232203142466,39.23416987736992,0.8571831071416243,85.52600553041142,72.78580142170036,169.47544327906022,0.049953207989226735,1
4.019290754141845,1.6376742792352748,12.283433923808403,1.1357868412539074,98.34827484054094,53.65363864155326,210.89534981178096,0.01410507677112726,2
2.183546171899244,0.6513634332203797,77.51352531686659,0.521942808807605,188.28915059455545,128.77260481065625,207.85236503499578,0.054979387452364484,2
0.21009961076857525,1.8080253874889127,29.327829924257443,1.81898248889759,183.12277800610036,53.41894872762486,191.71483966562727,0.09358069657546735,1
1.416519060986236,1.9532123497386888,85.10263691163655,0.7318582272121513,110.77196575371345,92.24079517341443,249.61632044544206,0.012201729500716536,0
2.7540076518382484,1.69987833583301,47.82612340488296,1.7922122185140414,55.74608329871765,99.30083398144087,158.16490079413342,0.06678863786867188,0
3.2040432771481218,1.555523677625222,61.936969836858886,0.9940809829798946,57.27460533409073,116.65532938689265,200.05269921068634,0.08522581286363881,0
1.3636496586226914,2.2365492801824285,88.56538573681017,1.0522003849717074,92.58774363775836,178.83233640471474,215.6222536768361,0.038121475829425946,0
0.7828447629568382,0.2426354419249072,87.7260700827958,0.5586983817257891,144.3683329008499,70.93744126664531,143.92590063107252,0.02183666905173024,1
4.191158160316566,0.8607411761614783,43.436761771921596,0.9903181846479794,137.62919530018428,92.60589299096767,157.71975468411517,0.013900580884833674,2
4.923570685447405,0.6583043250955727,28.80000034433588,1.8325455242018962,145.0741680415914,58.51361741749213,244.7584352863995,0.06795127534922223,0
2.6758818932831607,2.4706342070602827,79.76314699557352,0.5383211016824062,157.592445789816,125.06589364465286,85.48947291152338,0.05970109422061616,2
0.9412285006566872,1.0040049601838401,48.9772183241918,1.109491209570088,52.85483803891076,141.8742455230967,137.00026117335543,0.030636548955279785,0
1.434305899944908,1.844901113138977,27.283779420310367,0.5470994447191118,65.76283927586643,107.49075525302304,162.6562035975739,0.08484555768685732,0
0.190114315082587,1.7275766515084614,91.39828080854352,1.0563851376635975,103.9225177740819,74.41637756059595,80.24904882176234,0.07619557169371091,0
4.580064152146445,0.5695990318195755,27.829377481697865,0.7589609611704368,73.22899962823726,126.92435768544468,232.851607171124,0.034878590648810485,2
0.6769803061616916,0.6355443165183008,12.322645137210797,0.878327589902558,61.29800638168312,115.48208127163893,128.66154803606696,0.07780267205781705,2
2.9249307300198426,0.7391471807049337,11.825197639067797,1.8163975597421285,146.1446593995998,63.96600127652049,123.80982145860553,0.03204947921506953,0
1.4428705813673095,1.0572618317354792,66.00838208088379,1.1540738309328364,172.30047162366486,96.79546607029823,219.4554532101361,0.07077407156797248,2
2.815472212327388,0.6240964108437907,69.55075546457773,0.9106969871028683,162.89399861514238,100.92759282892729,127.25714884542082,0.020669053696649148,0
3.291959902924135,0.09814613272977712,37.993753455128555,1.3840075669258216,172.55596679137687,177.5664855280006,191.7958409633438,0.07230155169998866,1
4.165734838165288,2.204512989177629,38.800989032235705,0.7131604397488736,149.87848160868157,158.90001650177305,219.65553446333305,0.03148969770840342,2
1.1114642316269558,2.415744086883166,40.554452355394844,0.8890874111312839,160.30179827213033,142.81191035830312,214.7210641107633,0.06152224188175427,0
0.15387956042655435,0.8868474482273415,71.21426920829907,1.3193719514043327,90.7668161312452,164.42878357041263,212.9316253624079,0.02552174801666943,1
0.7707395873371556,0.8793418545924087,15.232041192414574,0.8562845627721032,198.95120544262466,142.9678168160201,95.06838687708992,0.07533702528111572,1
4.510091345055715,0.06737494129720892,93.62047174221931,1.51869160610131,77.47484817408306,166.47625971760266,93.57398448730191,0.015479161695374654,0
4.382061380056324,1.7166141864094167,30.02689397597018,1.2372369533892837,82.17408115840738,47.63743608313112,132.15090607535586,0.02488760081224469,1
3.027324200634511,2.0723277445841406,99.9705884717883,1.6579836053820363,93.33827477237702,103.84926929736832,86.11113980332303,0.026572283188375283,1
3.042532616124902,0.40919033588200776,25.43704244084683,1.922366803583703,196.29986451598683,144.5657669338567,165.07305520827492,0.013720922726859871,0
3.358679705276652,0.44118255594951933,79.43918115811397,0.6737073340211116,198.2432884030859,121.66141152540189,147.1129512659371,0.07705112645442211,1
0.9593192652549031,1.9857039624300228,30.10712904366625,1.0019975149768172,169.23406245597462,64.52326298111014,174.69440513233536,0.09828572542659396,1
4.580618535032303,1.5599123334676546,17.276212147892856,0.9793235943176098,144.35863978394508,87.66889211399479,130.79405157384738,0.08005580095705142,0
2.1519755719711586,0.1599083661879067,88.7439991915584,0.7267743790058814,128.00938627769202,84.48841250373678,162.5781805083726,0.0874568765910156,0
1.9773787884225378,1.5752401266325902,87.28761332718027,1.715454706000206,195.59312685302686,76.58856784580703,136.90661019603914,0.010540689430444944,1
2.642696755885904,0.806848420967227,46.32133532046412,1.639818056058185,154.34342042873715,88.03897749195525,113.18537567796247,0.020608296739713393,2
0.33013323719776977,0.9533766309035727,73.21565282863841,1.2266382062515986,191.70951924890454,112.07946038455694,190.39233579342854,0.060311830536537624,0
0.9147885069047892,1.9358419748273565,60.135933941552544,1.3066561666919143,97.48261992164359,159.68166346965864,194.48410325486148,0.09800819963147507,2
3.7163647204892154,2.036791222047896,86.76605023063739,0.5893162070037443,100.06621884043484,143.8845727351259,220.9693877674575,0.06946416379433833,0
0.5057134728331197,1.0308737357575852,38.355037238678904,1.3332610284905684,178.20868911776535,156.9349585622727,228.7078031361332,0.043672302436426995,2
3.0554453363853025,2.370524693215569,57.13051599990867,1.6870122860294545,72.47823808779415,163.70452423883208,199.7585237425456,0.023153437493331333,0
1.3022106374384728,1.045833658982577,53.68351340840954,1.3607413603757856,191.88917919441135,98.26106385366501,196.87467473857703,0.02375521249443857,1
2.007548508805685,1.9409982863137694,41.851524363117285,0.8979595551806283,126.12115319951113,88.4436797637446,89.63486310720033,0.04264778820851054,1
1.5145993101764295,1.2354992981824349,90.2309558100735,1.5013224085015058,188.96208178755467,48.06727343578265,98.66247104788916,0.07424291776096066,2
1.842796310678251,2.248954199979106,24.929013219628192,1.0422326449478714,100.51891830887196,170.2688270627008,218.13566076644847,0.012863736192241959,2
3.6233249354028034,2.2740150469429374,23.455777556862653,1.3173099264286028,157.39383562090956,49.21522251134015,119.60171447601736,0.08669598323154747,0
1.5558964065535579,0.26417117928415546,61.921858179047625,1.2313480449183871,122.43126829590345,143.75897215186586,140.44606023690412,0.09473962921208252,0
2.8753827374547964,2.344408661710053,69.17448069864477,1.07176250144777,144.02054453682095,92.93516262518222,104.70055012489905,0.08999348144777482,2
2.4326469707755884,2.0725603617250186,27.515732889210867,1.5783169705912026,125.65587397087283,172.82930842988608,113.17583465773623,0.09217242184572037,2
3.3519887102769763,1.988711250066034,45.16456980291617,1.8258141679788227,195.06734260570423,98.74428293077807,211.82093001293507,0.011380535147643736,1
4.6904657226913145,0.54223278222953,95.19074586808694,0.5078187777153874,153.8158096720876,154.3251691896603,124.5161353176415,0.09800130843549062,2
3.6896032763302267,2.022542061448929,32.19556804216066,1.9004247788455508,87.69784529394731,79.57167650291473,156.3359442649123,0.0429721403401314,1
1.1532078550947082,2.13282519997834,70.15246319056547,1.2672727041248375,186.45153828576267,81.87242041413853,105.78413342007067,0.08823530065286574,2
0.2527973618002949,0.7584183194126699,76.61344543278317,1.5510978205448978,94.10446072326565,123.3727173829808,195.24808407373678,0.026812798362965275,1
1.3850938170691431,2.383037191987693,50.331582951864355,1.7834368492638157,105.74076489512845,179.7175687190463,203.80585480269093,0.05018731683960133,1
3.015881860431249,0.17215735867795243,94.37733880836247,1.200655538471405,65.318554703032,112.46013851708749,141.48769404278136,0.0139747949761579,1
0.3519864860728268,0.4172776704554922,76.29910616969114,1.7524611100473355,184.99497796942862,171.08320909506068,213.4069298408676,0.013606839715854455,0
2.5321946112860583,1.3670737882262103,51.213212187480806,0.7664297291828033,92.91680348417944,150.0749759548219,120.7841308267615,0.09489484906926744,1
3.0245299596927575,1.4606915542496588,61.24016815984846,0.7387513017197217,88.83764268970735,151.4210039848129,197.62365655702655,0.08295459512761352,2
1.7377950650031082,1.6306177040872134,72.33520990825906,1.4862070532842302,188.0393896992431,101.03439847802697,204.09397884147717,0.05768434399724141,2
3.877469798354528,0.09157436682289283,63.29711623862964,1.8052145083276057,170.829029360755,94.11591502419209,244.67175422409196,0.057291235620808414,2
0.6223314403554818,2.402898597824219,89.08278254434683,1.838639266304059,71.16183822790616,66.86905313271416,119.49468308174175,0.07738791566285677,0
0.468175130505463,0.1592408271986528,42.119979605236104,1.4656106875658699,165.3986755855521,174.9517773777115,95.93078160726796,0.04075019034134411,1
3.6681249053976566,0.40050178417233584,36.989716605022444,1.2882338453139761,186.95496470806862,174.31510574213482,124.71602178926372,0.07856823482757569,0
2.527907449410373,0.0843355679388396,29.24550005457379,0.9970896315447744,61.77668273161159,144.5894828034256,100.88657341896024,0.053650754199394524,1
3.4731717424959068,1.4388031615705321,13.400467125813563,1.970000623398997,173.78224923568595,81.47534297937374,108.84803244403264,0.06741256626203185,2
2.230653959158357,2.334053865606382,13.87125679420498,0.9795435299993758,132.1130077809584,74.3251356479195,136.79946701551563,0.0968346505092833,1
1.3073699628716235,1.6815705568971375,88.30496737983545,1.6162791608473897,150.3796174068201,178.40543393417482,150.37842694274013,0.052418400176823546,0
4.113601356603579,2.065510797777047,71.05538317653165,1.297972699857501,123.92815083574054,49.315994115144846,233.63311837773452,0.04765641937718052,0
4.017137806947998,0.08253894847352121,69.44791738928376,1.41276851378802,154.6704627357918,158.09900089978328,113.25468115500358,0.09151742565472228,0
3.5040127071866913,1.3779374812753291,65.31785370413974,1.0902208258829393,55.11467925001298,89.76412006754646,245.19902590660675,0.09123224454247096,0
1.4335111724268175,1.1759292948885287,86.42972302246943,1.9472346882083718,164.40600848349254,98.64176076181087,217.7260456823492,0.09931768316948583,2
2.992130267658527,1.272471463340943,53.22402330990647,1.3575234891489065,55.00155467884376,156.4768708248372,229.85013628188497,0.05957766993774783,0
1.8687720950061315,0.2269223040712105,88.33697457024702,1.9066814456881849,118.29497716210152,52.68442224075012,238.00547825584138,0.04098353869239425,0
0.5487521593005074,1.7268666346198034,42.35005235640153,0.5113871242608712,72.64474896954422,89.58375499283599,208.0510035139905,0.03163510568599333,0
4.59483651976499,1.2828900164036545,93.40367539051815,1.3590058747866816,173.5361416026961,173.28339880374023,214.0925713749004,0.013068672125649562,2
0.7704112915029109,1.924614682160097,72.87912820731161,1.5757803345879071,97.04913637635029,137.8692277879759,154.42911042295532,0.0754055761789797,1
4.756163033721932,1.2389620534512027,33.14594224219846,1.617620256743327,118.11403169064987,145.69148307282467,166.77653989496147,0.031012855636190204,2
2.2854282874939833,0.41598500875475863,60.76764295197626,1.857465322672522,114.31261119474674,146.0507421337667,238.52252255032784,0.06459767967030916,2
1.0071513513092363,1.6382295374906641,57.972750533943,0.5066024135056795,165.87529485270596,48.479811642952235,144.30350496395042,0.0924933128827956,2
2.755314642153955,0.47234658715765726,22.410893955730057,0.5004952388892147,122.17165396939632,68.44906305646036,87.13100242091522,0.09551922466550741,1
4.3774345957944005,2.1873666802192964,63.21186151755527,1.208395191192823,168.3437502515519,108.77685585136965,209.6682455307114,0.010396912058227929,0
3.68790194340685,1.552134785719642,38.33070613452622,0.543940557508056,61.026241520401285,91.54103254655251,177.43677699197812,0.03853675282387208,2
4.052149624521104,0.43514951471453794,14.711389012864219,1.9617988304935619,78.73909518544926,97.52772103859948,218.52891359836298,0.08536402265187042,0
3.3280384968825154,2.407728240828957,95.37905419359083,0.833097761812088,132.7301374469541,149.40263300759415,92.84371532386356,0.058280068481638185,0
3.4921551661374775,1.3199953851715356,67.7341332157859,1.208997094047267,192.06324871290425,42.05509290948294,185.60943838088428,0.08267578601339376,1
4.261058692670065,0.22860120708555476,88.92270386837623,0.5917064450183354,61.21367700826705,132.4688696849734,122.11000095842886,0.08679909545541442,1
1.3233732434100114,1.585740615816915,70.84504045119277,1.2830726242568877,56.46263242352965,40.01543245225514,233.5556610640623,0.04983635979471906,2
2.4981823218513886,0.6703373221813852,42.12853229261017,1.0699341877211128,73.48260123917835,48.82819358067412,98.68468975609676,0.042308464422230706,1
1.1839262649160511,2.019048957099391,56.14192650959303,0.5669900433158357,146.1729693290235,97.16005677726736,223.3217763632607,0.0509889939445473,1
4.93957323918357,2.053664080237167,70.81720843124594,1.0026864000443372,109.84893750053708,157.732792772675,95.05422283522476,0.06875156823618397,1
4.725890764464405,2.4484210218439215,96.42270926812938,1.0871540303342835,173.83285691265291,60.29940717902447,84.26655043448967,0.04304432375981366,0
0.29319137570567894,1.2795803510100343,32.830251320952684,1.98488223691241,60.78997272220487,117.64699727800561,119.9601031071268,0.07974894598279775,1
3.5573183453268737,1.1646443553329562,88.7479352761706,0.8118288078790632,79.46211302220516,134.9907317557442,136.61757195753626,0.09135935143165202,2
4.633716755336763,1.8960152333438778,93.16700247648424,1.3171694230551494,95.00396081973435,72.13460378410248,186.5098912080181,0.03540800819428539,1
0.9848191911239343,0.3745531080377201,70.3373963193061,1.980973323797943,144.0095130033178,111.72623573774162,102.39318155137914,0.09684906797568156,2
2.8829316297078846,1.3899430087931544,93.8139964661204,1.6880288119102027,152.7759035452321,167.5970196393469,154.34608871048275,0.06604527220527796,2
4.585892658181405,1.388306620320585,45.80907287296316,1.9900512513231334,68.63049409456607,111.71199355117459,114.72481235748853,0.0890351894097767,1
0.2663352950704143,0.2692091508854487,95.77145584363984,1.9524474719902538,191.57070634876092,62.02522865027072,225.40156466300076,0.019352479174489495,0
3.517359309509516,1.0740610094919383,73.25045894493775,1.2343093131412315,101.15662027853136,127.89400153625627,87.64430635172184,0.03263492233506149,2
1.5570101361254989,2.140547756489645,13.78051906769307,1.5445637748058487,156.97531445004245,122.90802520119196,140.5094135370486,0.0388917171489333,2
4.629541357344999,2.147576373886918,91.61855486371475,0.6656646904117267,128.63115784215483,43.77366637173837,187.3335935947485,0.0372539936057062,2
4.858185401310302,0.2931322790532185,53.602552812987334,1.161723237570203,83.41371703206599,52.683216804659324,235.22499026882963,0.025467504093867867,1
4.726905796655826,0.2722661627321856,51.429428630004956,1.7135278134000462,176.93424846731165,61.949389719741504,227.55888185796218,0.08813808527723492,2
2.423649661621573,0.6936039186547416,60.981994538167086,1.2580029814657152,172.73570422878947,59.08047085866179,232.1826399179178,0.04767509271605951,1
4.324008989847636,2.193176853257284,23.444609209410515,1.5540485492258478,109.41077808750352,76.32520787853063,90.68505992610696,0.09668171912201093,2
4.238292052821845,0.36581133343007244,52.224944371065874,1.6186269949764154,138.29113785407833,103.57474525297951,222.9569544487881,0.06251251301111324,0
1.6635923188919528,1.8139921664372436,84.80144950459712,0.8802037118643409,88.67385439039096,92.04028170585781,212.58513835250025,0.02245551720803768,2
4.161685823338319,0.2978557680521029,11.39342132237638,1.8135490594138481,153.47774431194523,164.6909847966436,233.41338037685523,0.05913142388505615,1
0.28133741010591384,1.5766877416821723,34.562544429193416,1.1897336463637684,96.35402189306471,125.69531731688718,132.96796543386023,0.09941906329518181,1
3.0217224045620603,0.9223648828419049,10.22091277994598,0.8152776554323156,176.61181015733524,162.66020899465803,235.00006806647235,0.06086545183893474,2
1.2270433027097452,1.9828392092663745,47.41401782348635,1.7981238226826657,82.60776564159114,113.78550548846384,148.44898446469614,0.010168241061660635,1
0.6907777403086662,0.622541599622141,75.54839594443612,1.1267282091593804,52.22051342276962,52.581865896507594,187.796946539386,0.09397719132313773,0
0.4770706879831249,1.6160444820054018,81.88946462031657,1.6254686575695796,90.27620629518776,104.86024286930088,152.1104285051897,0.031140496551537042,1
3.5118150018028853,0.6274222097109182,95.06707850143059,1.3220496083323894,78.657872968923,155.08455655793108,152.7002331876607,0.0719676147762061,2
1.7653873224635244,1.798467693624777,64.76541516737078,1.0728076283517507,126.24296595873864,67.17452740339513,172.92829319513328,0.05635721394598985,0
3.6513571804909315,2.1905111846738343,32.91641799876059,1.714814622557854,80.55549374848644,52.769999025370964,140.50754063553984,0.039289038115679756,1
0.4202460699148176,0.3606644078605621,93.1733154223029,1.3767048974669196,164.4784806079242,86.1208633673564,214.76528902577007,0.035437557130874986,2
1.644922655369991,2.1731594370589837,79.77841784923385,1.0858431536405475,86.20559570060058,94.44569628961955,187.7185850205906,0.09358838762563944,1
2.743507332639153,1.50425937331503,61.698563470283005,0.6643968055026905,156.04522698689834,82.8760746968266,197.25847946162077,0.09207333063278535,2
3.974543507710922,0.3614207026242087,72.60761941470423,1.8431679706500619,136.77063845205862,58.93370998743784,119.2759160376998,0.05618213560484013,1
1.6618872643671427,1.0974775456312946,93.18847195066863,0.5532043780124998,197.93747847078265,75.11758036104004,244.8277990418367,0.033264567598162535,1
3.166867744541345,0.44410771903848983,74.11546256256295,1.7947810225520844,199.98514655138476,135.51953664429544,192.2299366214041,0.0192107828954798,0
4.441290966357317,1.7658523277230955,43.15370568262606,1.0399422873247333,180.4289124975995,94.02999228104295,113.52329697016657,0.024091874457317704,0
3.1177296220932926,1.9092269293239768,74.1725382060187,1.4590081452521089,163.99750539481266,128.55692224659782,207.58334139007576,0.05700265531665442,1
1.2415014262928057,0.30920147466835746,13.625034646184908,1.883299585753528,107.96846210008606,115.08252918862254,109.53139754529586,0.037704696452110824,2
0.2195638296270363,1.2900426391018789,44.77740056475231,0.7275599232558476,162.99150906969555,116.86741158007366,90.77543237091642,0.013786132803396103,2
4.363484482114556,2.045831387263497,46.56907286610213,1.3504257134582152,193.5013305619236,74.79693811269144,169.68407734479183,0.050965064677999015,1
0.20422011316689698,2.3435994517999412,25.01544109787512,1.646649293555288,53.506636309316626,113.01602458754542,174.09907220759902,0.07715703632178823,1
4.386038196152577,1.3081187735173367,12.077693249659315,1.636375749078586,130.68720502966082,43.30325994084825,112.12414770437175,0.09025256043639888,0
2.691791956733339,2.378184097847947,22.004311297396853,1.288447871899256,82.69974565826519,100.44412392548966,139.22442052966704,0.06267556411147804,1
4.701431722713191,1.3624379776172733,68.91593462173495,1.437109189859687,133.68144738032757,120.16719524658811,240.78078026537847,0.07509629114582014,1
4.014037855290961,1.0157667117697746,82.20599347273188,1.6362904911992668,119.96706346383367,65.4793869895753,128.45054945487328,0.04276634237784392,2
4.989877141613354,2.128097664954594,98.93831434542767,1.7615414566361176,136.36528723284266,75.9181908748532,106.44657033011268,0.05466143612952456,0
1.8184878957133799,1.2578076406223184,41.17271527976449,1.6427196453137956,132.64433321280865,70.73434277418671,248.7355329731272,0.07566641708590263,0
3.8592226157625222,1.2061611508830816,63.944130003499154,1.031007414771864,194.0160558752843,49.87811373715939,131.39194118467935,0.07548924046350651,1
2.069461476685287,1.2512655990540795,94.34304701336097,1.9950896015865998,132.8279163402104,88.7000249596126,195.64312443483337,0.04820736381125538,0
2.4513905394891538,2.124623254580876,25.033760320433736,1.1517540405789566,176.93481321873008,177.05520730327152,119.36523084467528,0.058930060740249056,2
3.1747767697700136,2.0882567771357277,74.58810277084685,0.5366970541384002,97.97304302012698,89.5432569049054,173.5206034876862,0.09314698055958726,1
4.38101785951306,1.0386239814785174,77.94808598342469,1.043925427378193,115.71510331865734,104.47512705717659,145.66793772363462,0.06687978444489104,1
4.922008999076546,0.8665846566827864,18.007798228240453,0.6916744318607648,120.56202140672148,131.43221513389253,243.46847439706207,0.06783171631179308,2
3.8645397279361395,1.255223658895867,87.51244466647586,0.6821639235925625,91.80920650030696,130.78968516367502,153.57699867358292,0.0806158263146824,0
2.1470572326199355,1.4532926488559172,83.17945423997595,0.9223025601603415,106.96853922169328,172.98529720260737,179.3096113108931,0.020370060668437558,0
2.164649311157644,0.6339261660385926,13.0062705919691,0.5800632412658913,139.77696192001628,160.05897965587752,240.61026520302502,0.05705958624838548,2
3.714153277785569,1.9951899575531973,18.197597339204634,1.5327682826143447,137.02816449567985,151.15309619472131,248.16983098945235,0.09634885626438838,2
1.2700080142646817,1.2418827760444362,14.421420450266709,0.6109833263028577,145.4653016860221,173.2278116089635,97.28192188084941,0.042549435295848904,2
0.6413231543438338,0.8684115936289011,40.1269178619426,0.8049343331539343,102.77268731302115,72.30715396764403,221.83452104720612,0.036543353177988194,2
1.8376485724398053,0.311711432761777,55.83600916119335,0.639349571741179,97.37472427295856,126.38758724705096,144.9598040118323,0.0641087169044282,0
1.5074710591050007,0.6351706429888371,57.91129551591659,0.5947515963545467,141.74268241312444,164.20754734110187,181.12088005495417,0.029900748210877313,0
1.5519097902343517,2.37573887080216,34.09000837924984,0.9016274983093124,69.92926226412874,127.37934215893425,143.75817342239174,0.060035064087128415,2
1.2446779801445589,0.7974942327078403,92.04371979042467,1.3578484514905549,87.954731529821,176.83886644496172,148.1897549613147,0.024008680977187655,2
0.30625662921817326,0.46370525894923653,43.14365108847219,1.9470283346702626,56.319160542949284,54.04937994689306,107.00578111746896,0.06218141146281151,1
0.1875822801937277,1.1786483395547334,14.099514036881725,1.8133349815244095,60.89162788941202,101.50627039104805,177.3702979327372,0.06421412652806598,1
4.939839709706555,0.8023649712326094,37.02044003872477,1.8139008881679872,86.50749188909134,176.83080710720907,172.94171081060318,0.04765604311110366,0
2.1960883553057258,0.13614016316442568,57.799848028974,0.7641005540564865,52.929392044537856,93.13952399978962,112.19048405152797,0.04444717828948198,1
1.9832005710824405,0.8417057823345724,46.73996403294088,0.8973607902467302,86.81158881311923,143.53789251390262,172.09417298677005,0.03209124505604044,1
3.4302716851960424,1.383066128651698,34.64582671893332,0.6145899751929585,148.2464484593039,44.256406151010886,245.42732004728464,0.03978300770502349,1
1.1694440505388146,1.401695311448919,21.81909247878857,1.6677025098727776,59.16606177033996,137.2771960482438,201.44946129514426,0.05485113704722271,0
4.754809801356104,0.9235693568833774,83.72480500866068,0.6047244522283429,115.51050166919615,170.84774255386097,161.7670351291698,0.0322893010926191,1
3.9530905706362054,1.1458917528188717,99.65307179117727,1.3350435062312798,186.9663180379324,93.57887992660038,235.7342775488338,0.08045510170346763,2
0.5381139113300717,2.4155188996751775,39.65879201714938,0.8718133584859261,168.69272433881014,42.98197730977012,177.80344060590198,0.07381317171931945,0
2.146145801346149,0.9745037692142636,44.345893975894356,0.8651684510431171,95.81562534422858,43.90737261536774,102.95815978372657,0.03423752804313959,1
4.407679707054607,0.6826556924869583,65.62337722092613,1.9860875828714077,188.72082187874705,164.88326279955245,173.0766401281176,0.01876916467913932,0
4.72918690922791,0.6464942579635624,74.65973272619871,1.6351697104678062,99.44697451215873,141.15225499347665,110.76542961219752,0.010016203508556651,1
2.3902674051243618,1.1715233011251287,45.28265813232321,1.7554090374365752,60.877324450634376,54.93609379172118,210.47582258710463,0.06370469671433401,0
3.105715807132468,1.910824364356513,91.44365652836338,1.3579740280160189,199.10839351521702,47.64263878716752,244.4196164301004,0.0290227371808284,2
0.9184663358511687,0.5546710512617594,60.40035903060265,1.8065214310906237,180.50337907837576,152.67555090616713,141.33915937236614,0.011132422309138522,1
4.956726268071185,1.787775511494882,50.53510687653379,1.4682358087495293,119.88991749516386,153.38048859275028,153.93603962128307,0.04231767435328205,1
1.2351913367788727,0.10181706720606991,68.20054778439146,1.919260557194518,149.95647862886057,56.87305757088686,151.65439936256712,0.096579861608569,0
4.719385693262116,1.076385796060668,95.75234634242558,0.9220078790684552,150.6842116785005,82.21285654440915,128.50099588512992,0.07209485268668356,2
3.2832685800626056,1.950869409746828,81.50970649795349,1.3929793186743424,79.17233460956905,149.20364904034454,215.01059402936727,0.08719873326302123,1
3.07791029490641,0.8798957416473571,13.60118174816119,1.5351970219053381,80.00729497304485,113.55768993356088,185.0138165669893,0.023026518843465706,2
2.6121737039808925,1.4311558985412287,39.90789196659637,1.08940595754171,120.43710550277386,173.92188050154192,90.88876466561513,0.016595933915749275,1
1.2302820774170178,0.5521991204234815,52.349021645610044,1.81956197360608,186.7359710206547,107.3487703484407,222.59707695393303,0.011037678715875021,2
0.9649873568269905,1.8678887082591222,38.30658149881947,1.9697047446562315,51.499066228785615,134.77411125917178,111.80499929604524,0.09600960610175384,1
1.1803824244438594,0.1780838030084611,73.01688047474109,1.2406542370589924,167.3758453924039,111.3696712038218,246.4556974905506,0.03701824618181936,0
1.0135474845068473,2.138729479944976,84.36422348763229,1.0859609822065086,58.629017557198125,172.0151693959064,144.03273363043618,0.05135544481067723,0
3.9199639204770915,0.535581146733087,75.82105856667444,1.2079068928346879,121.73331723246767,95.81227288946525,184.79644001555505,0.04550712612415971,2
1.8156137699169776,2.1922751776854104,99.03999581454477,1.7791051185978974,145.68092496102145,72.171503725004,93.23001521232517,0.07574112418535733,1
0.38342911516064226,0.9136966411862676,34.52928831037262,1.4682026382772515,153.01389006236974,85.72874043933905,138.59275669702063,0.03789683937574688,1
4.848602887689975,1.8205747574624924,88.74905455219793,0.5671585587771426,58.77188954238671,159.38852858313209,216.40017275133283,0.058190759435264645,2
4.430550836320786,0.8321019795761618,78.99603986570375,1.3132548656685723,112.79054260759523,109.71139889169868,161.12544363205393,0.09960240384599209,1
4.645986187656543,2.2694835945248863,42.59608818023315,0.5259501841114547,137.57558907534872,89.59532249031346,233.7825922024839,0.04996571962098127,0
4.975048330967533,0.3602609575200172,76.07120892912718,1.667803056505108,59.90683059590104,116.1964030533276,177.7735349786372,0.05961443866297801,1
0.9520867211754878,0.4873734837178669,19.366836077642226,0.9924684103136956,70.26418348929647,58.65215901875793,237.8572732172771,0.055227525607975406,0
2.041585892623028,1.2579238066390657,81.0400134106497,1.208011223175994,149.54734842560578,40.75030264758345,247.04368419213455,0.08228675423224291,2
3.815368530950048,0.25074917564345806,57.909754232839234,1.698017158861448,128.24572948859776,79.28185571708872,157.1620751181069,0.034015568863021754,1
3.5105010284635823,0.5301514525193167,36.30611554383279,0.5696732259286423,74.27429919024358,124.70080076969593,176.07661733822738,0.02533942145285173,2
0.8540899410652898,2.3622276364194352,69.01995716057621,0.7378123033874157,130.28590053721,139.6353077525942,221.93650935271586,0.07786838424383759,0
4.097582312454027,2.4423996698123234,67.74579988429682,1.0969405646676722,186.90385601666236,155.72553528927534,117.66061094108821,0.04740563677317888,2
1.1997588019996375,0.9718353568595339,28.853760044763973,0.8448877453183409,52.33813771630459,169.73289831522575,226.47702754278862,0.09223534080790186,2
1.1967063126308533,2.312050751484142,12.735767333037352,1.0068521386625946,146.39506602287818,97.69572857506753,180.62642386413583,0.06797433572140579,1
2.7311746721777266,1.384820455399908,49.02603282115065,1.9972621068386975,61.04756519080129,143.67235193804365,203.3350230153693,0.06079088005405684,2
3.005405680724346,0.7108690413907294,61.25606824099791,1.738121656360716,50.96741644470513,50.45421022772875,93.57518385278568,0.016341134934328948,2
2.942422418405275,1.7708768666474668,88.89447505335386,1.8258527224401628,72.59817329909507,48.054199828091214,210.25190618707862,0.07573707146240181,1
0.5482855032489989,1.6643094261084004,93.53951160828349,1.905581950348663,113.43599477808789,57.47171887806192,132.83377377752194,0.07174363289616624,2
4.399558226888864,2.4733570318163967,57.59246963410897,1.0114038204712934,170.35159984729296,102.79967369630674,216.88948706447314,0.06760647320384393,0
1.4014402086846598,0.6993658541527442,77.84231353916904,0.945615436694709,92.26782449068381,69.579401389825,166.5559315114602,0.03411185712136215,1
0.7346231142857405,1.696545781521252,49.537294509519725,0.8510937388581123,143.8509818583138,80.16949187129421,126.68443691865764,0.09520653895070001,0
4.454865591357988,0.1774581998221449,77.14739409156037,1.745175366962184,111.67349569329599,130.70322429172236,241.9691484936812,0.03894896143295381,1
4.782692341325792,0.3284327948069626,28.432137244525023,1.5193277934277774,85.14976879490119,90.19310503239844,210.06060761095486,0.023700786107854088,2
4.324425324600708,0.0596000186301785,43.39582613231783,0.8542579737243159,127.13706714242879,118.0320180805231,247.56663255851998,0.09884810394415125,0
4.0666287661519025,2.4986786685961992,67.08051989322533,1.0654907438156824,169.61967355589348,97.73652594312291,141.95988273007464,0.07716216512113913,0
3.3106857051312066,2.0155705580113206,11.634216904637094,1.2600676458991975,174.87385550842163,63.655695772774735,190.36733770207857,0.04733081940935632,0
2.7992011159847827,1.977471386097175,75.02151793050587,1.2922100859106305,176.9779297815855,50.36279863582518,183.97007523683354,0.09423247877998361,2
0.5262351235659097,1.2988288844560405,85.198195114135,1.833091592827572,100.78367188324691,73.0724093433843,196.8846459816965,0.018200563692957757,0
2.101420744046424,0.7851643531183279,45.92274949845563,1.0708491994208245,169.01840970736293,48.07806572874621,86.51381622702624,0.0178895094783902,0
1.9261737333603388,0.420597496933556,50.31481754594479,1.8627860457507686,81.82676826633619,126.60567438457296,129.5922850591536,0.07142059167657269,2
1.3727935404255986,0.7474531101738361,86.61539909948779,1.1620513404796844,160.7637651864325,151.40046420525405,234.58738754443723,0.02601748435409592,2
3.6447585570740664,0.971129493726391,79.80891717934301,1.6195590121885308,192.25766394089248,87.56370755323613,152.04940932827856,0.09254255636739558,2
2.5297911018859773,1.9029597376017207,35.933454013003754,1.895381479977584,52.06157520364358,94.19554774933016,243.30942544386303,0.08563232568689838,0
0.4971264579474749,1.3721713828127236,39.157849590538504,1.8613635559448996,116.0545896768197,154.2667487863029,116.29553934964588,0.03757305016910678,0
1.1788976895540757,0.2398348850609326,71.0990409151537,0.5854293009435217,147.1656482621007,71.16580773229845,249.56207549178518,0.08999556240424332,0
3.44796794193202,0.094171071949335,60.68782832033451,0.8085564424648548,155.26636557313296,56.68243712728239,198.58875452312049,0.013859891830659554,1
0.4730412115024709,0.30071383985845473,24.600661398684725,1.2153581382984127,76.41316374038033,110.1565364263521,211.98688209130293,0.059377406746374456,0
4.270913878838966,1.0557218485585795,37.893691830624974,1.147331434929661,195.82749128578894,130.46662373465318,147.46639927443107,0.094200649633795,0
2.5262179823684745,2.336322646770095,90.99849491907887,1.4613374972558106,142.28980519564595,123.9516195065071,234.19138061430553,0.08698446810421284,1
2.4548742289005756,1.6116360789625932,71.93569930500371,1.9170635762381183,74.65109018424016,139.9422263383853,172.72869316296575,0.04204659914208955,1
3.0027981448316363,2.014473454695012,98.73768859169675,0.6686070669169233,53.07837675687729,47.94516550422334,195.75952463818794,0.02645833917111714,0
4.1409367330332305,1.192617756536144,79.03112769826924,1.1777879977013606,167.48962981846637,99.9482257861722,96.11740612716862,0.028948652956337015,1
1.8042651187207461,0.9360819038278549,94.77769889292313,0.788616556830709,61.95571091681886,73.39987335239704,187.38571915179187,0.05630570902705648,0
3.422279147539412,0.3155809131557257,29.456971648342787,1.8411613975969212,71.15763816053548,146.2769763364434,229.4434280045666,0.06370956494528267,2
2.8720866235793765,2.196035904356202,79.43363873352331,1.9468702787024792,136.22450402835358,162.18226776844892,110.30814879671797,0.012953288496127278,2
1.4084385238301647,1.968742071118362,11.819576813301769,1.2180525228355252,140.52582551744297,79.38700371289809,205.41340888792382,0.047219640331139935,2
4.405286933140274,0.46188933911442653,70.36840195403806,0.6560154465922111,153.03306778885977,53.33053106971715,84.31812902909127,0.08473484040795141,2
4.007387505873948,1.3050383814968385,52.235405030821724,1.67794200008401,109.02710189954311,75.47991467879555,237.45451281562822,0.049989605521221746,1
3.3264139898262854,1.2440682794070501,41.208406472806175,1.5457120257385986,166.08480034502344,54.56118846824876,247.09590972530165,0.025225785185446943,0
4.267850472561785,1.5814743040819952,87.61639170637802,1.0320062399154657,196.1537899423833,85.13910325588353,140.21061135567606,0.09593742637171872,1
4.349741584703032,2.36815789027859,86.88409233917776,1.8311112109534453,90.66424146198246,115.3478009650556,98.20255445160693,0.03396479859338201,2
3.5709785859036707,1.4704400323180753,12.007153440877921,1.9637478346740607,155.4542924806919,176.3153336157489,191.95798258773465,0.08185854390706546,2
4.201365308981993,1.3735323036076157,64.85546102044879,1.3367807736952932,189.27029785927354,95.91183560919019,85.07186740507144,0.027441474970504143,0
3.51761016217949,0.17329118568992669,43.10490018888608,1.3485918670164385,152.9430143925564,70.80558933964696,162.02266782052175,0.0480855456299431,1
3.4326897816254722,0.20412331624415864,47.40949013504042,0.9462702576706667,152.16642479663892,63.35224365191691,126.20245977344071,0.05413802857973308,2
3.1311957532544032,0.5089996387506328,84.88366652968983,1.3767590539749712,83.56588536278099,64.22556725941465,160.46763917198908,0.055057176635342014,1
3.7883115338324425,0.12955339064478327,37.885579437491046,1.1594634807872697,130.26953004795394,66.9636756566043,83.10683750552069,0.056482648129063444,0
0.8771650159360612,1.8712145941465306,94.87439295738581,0.9532865403920778,134.37842654068703,146.7173831552426,88.7740711220201,0.03024527866207853,0
4.416266720074749,1.82215924478521,26.16704437349267,0.6007777947858519,155.01943436839292,48.54387960053879,82.715890903375,0.05643239697647518,1
4.372033285951637,0.3833377743575252,69.645018103136,0.8790617895636874,199.5232174844274,179.63637897202477,185.25241790800936,0.05335414784899789,0
0.24331168686933982,2.0983933069484384,70.48945603123883,0.7967819745164966,55.046573381564315,113.17609476327657,175.21579600478543,0.028784754741363695,1
4.146502077767337,0.42922578537297434,32.69756452851264,1.3130629768309234,59.78489919012303,116.1980652021156,119.63685975122276,0.09893724035533398,1
0.7314623506198815,0.7878801881435291,39.22755480704818,1.4025050326453907,61.69251041463781,90.05894301794467,189.92933191368363,0.08790070535078952,1
1.7420823858697956,0.6599934029453444,85.13186433219464,1.4128575864590247,161.44687017334354,136.63575031769687,230.31523367214575,0.08988187159202347,2
3.7431904558288784,0.9621523915039671,78.56247294594571,1.0822715015685187,70.45306926661362,106.00388772331168,127.14475717443932,0.07170139453446055,2
0.8877234906367102,0.6739262264304067,39.61862922832836,1.131844600528244,143.3677811735518,86.06857989503698,221.43894733942787,0.02439073276225809,1
4.108038418183405,1.2479297697742078,58.05608922414405,1.75135764446096,98.70033168401876,77.119376519126,192.62655312037086,0.0611282857509774,0
4.177457471992935,1.0481493093189793,15.551226662778591,1.2143492202757435,118.59799343160665,169.59116897065633,85.74947533940714,0.08392956684646476,0
2.5865918954280978,2.46709525240935,28.78712941587663,1.9816599982056835,82.34947397261209,80.73853210733883,143.77548229100387,0.013486283981979628,2
0.13129077141248455,0.18701955781415291,53.723850297435916,1.1594258450132973,179.91598419568132,101.09505632017787,166.3187266960329,0.05462587929588578,1
1.5064868525570727,0.39834437214901147,17.737636175129044,1.4743714169267585,137.92254862445395,89.04779629630556,204.38886229230263,0.04565105919954264,2
3.122941900041137,0.17942344007607608,85.89991194027438,0.5755444984900937,191.6844895373379,52.06503583992503,128.81219490308087,0.029091225669337327,1
4.907812272334375,1.583310927706821,74.62055890968831,1.4800098866282163,136.18943745564943,66.0308152275174,247.06411782584848,0.0440425003388786,0
3.195886282381675,0.183547729663613,94.92703035836453,1.7771395916225092,68.586204589542,66.53027654569348,196.3717558858646,0.09851477597825076,0
1.3730375472143832,2.099277356571502,72.41202153676244,1.9136867577999443,75.63056507577132,137.11093201455168,143.3783251179413,0.07509189937255999,2
3.206627945188096,1.3042496451707233,94.6361235035967,1.9959809174596557,198.3610964551771,96.92195739521328,96.49425664310904,0.036958337201344726,0
2.7459283606076923,1.3411686802247578,59.90613001218685,0.9232679684738496,158.83477959963017,149.4754588298922,110.83251924603769,0.06448195463327466,1
3.921242436240604,1.425906543894876,64.01967499557725,1.3630550972385753,57.39181250436345,139.25312940678197,162.8933192093766,0.032199061625711185,0
0.6242051302520962,0.46849358045021633,97.92739491636348,1.176076978298221,155.56715075519972,66.88696729544527,164.09821034292236,0.06497595181218466,0
3.8290367222599375,0.5343412426304945,67.79162321778344,1.3457262208627565,111.82595702144175,118.8083688168141,210.51219001963008,0.09065500205364387,2
2.752206235512941,0.8311024410388616,12.770791197467194,0.73617943578477,96.08125802347857,144.0072384468324,203.45002634728291,0.060118911994829716,1
4.818660818909073,1.504066218763536,75.14224989674709,1.7842243588939122,73.10911905958014,128.62600928660123,114.21641654802895,0.07600059779074145,2
1.775173613589562,0.5647885510535257,91.4921822923674,1.8643534150168815,175.98559318348487,124.00231113231733,181.14262549490508,0.050800509884466716,2
3.199847276356346,0.33501273147649,81.60222248148939,1.1744924946693838,59.5762068483651,143.5455242361075,83.50570612629102,0.0571711525897597,0
4.666937716999086,2.426786371725159,62.54499453628804,0.9206447923603653,93.47531935694604,47.949303495882965,147.75305789533667,0.07255675708793907,1
0.6022976671543284,0.10385544628357615,70.41731617841647,0.7112501414795185,95.95743407385567,142.39907263060059,209.89789089717297,0.08311645045462575,1
4.692419587458611,2.016608643073253,99.11726103265046,1.5256472371667067,74.13579259452504,78.17173684147997,147.9164608588183,0.06935062478729047,2
3.470640039273986,1.9806861164588043,18.15958796584045,0.9683477594311027,126.22773249303054,120.06211563130957,222.0513607662421,0.09797427945010838,2
0.43240158961534236,0.7781745789204852,70.05203457699156,1.8643078548700829,51.75539402163389,73.92269925751104,245.94639932129786,0.08378403290184545,0
1.5747214780393999,0.38228520921791787,35.50579251135345,1.506518712267305,95.14632731156138,157.43446010895727,183.22614245889218,0.07994441841470877,1
3.57004323436188,0.4067901844282874,67.6081356927553,1.468527987761361,190.0444166049596,107.27830960210585,104.65069297809862,0.0860591421082923,1
0.4300179471969814,1.7587074622311218,64.68612182955448,1.3391031738473613,96.57943540130086,130.0117696834977,144.54512534391984,0.035308984188191415,0
2.9526352548637393,1.6248761481611256,23.811114889734586,0.5686645091430884,104.06890806601274,151.17148608674194,81.61217036162378,0.04888424385535427,2
1.7948269790694882,1.9677269019158976,28.607198116621525,1.8978836535283805,120.97475723511073,165.344135709991,182.46340705292795,0.06080166265551317,1
3.142486037060638,2.3468288723778064,65.94666202388922,1.44190623994919,134.25400622772122,142.48869358970774,219.6666451655457,0.051614768659841714,0
0.324135965681313,1.7452220400031506,21.54069525733967,1.9910929750746655,171.3062967231116,60.82760066665681,187.0898134169173,0.08627120364016717,2
4.370530350146644,0.43183626455103646,33.866278761729056,1.3060346071593305,78.54818347340264,159.6345317420101,213.63465896118646,0.012436166591130882,0
4.870095948969245,0.6464344110752562,85.17209929642021,1.5651663378593197,180.76195657888357,126.60090822117085,215.98366763690072,0.02882578755095388,1
4.847501490899888,2.1133746406391305,39.438235540147474,0.5843143367993333,163.6324035715834,125.3229661732383,224.67213795696884,0.08935358869016694,2
3.7732939755403314,0.5627998857938111,53.92541406426966,1.4476042652351162,158.3975501992333,168.98767837268903,125.33284310958422,0.01531901239092705,0
0.7374225766400967,0.22767967653847948,94.70263016312562,1.6469744173855358,63.020686057195284,74.83641779322363,228.11564887947173,0.03042894732479183,0
3.815489660052211,1.7730361324035138,30.443417995325166,1.667771442278836,53.2461034961877,73.54226658916465,191.19597973879345,0.04161252973388377,0
0.22047589064812742,1.036189570950848,45.066341562220934,1.6551674783454282,139.1019051362126,111.84709765729465,129.25334462106278,0.07756665047305218,1
0.20840540249208656,2.304098128737464,64.5811997989191,0.8394239409405015,179.4700943784742,145.12082931488112,247.8401015493644,0.060416262655016366,1
1.6856900738327523,1.643124924179471,77.9805036553575,1.963097716407839,137.6662196210954,102.61369915199128,241.53100693438373,0.0959144232502298,1
2.4943516329828626,0.2715264955895689,91.14880480414347,1.992773180937408,81.98522981682962,128.7447945849363,177.65496714508788,0.030508751356567616,0
3.874996347258187,2.372248589771469,92.39256888161636,0.6133938127424019,63.57798469238198,103.35346139118064,223.3454243279258,0.08849083644898566,1
3.4481473453718756,0.6834652959186025,79.89760669353606,1.904669634217636,154.93946792266024,125.45420526817563,124.45406308237818,0.03546221407743239,0
2.284923261246067,0.8761706014954002,30.54977529339794,0.934173791456554,158.26554159767142,155.11672236591954,150.7262894238513,0.03209484332139042,0
1.440770664780163,1.0355380135246781,12.232839703830923,1.5339261226264471,75.8797551030663,65.26673745272926,111.27519932645173,0.05485376782894157,0
4.985910050772785,0.17549952619056747,44.539653732006144,1.0071663811041982,54.228547324480445,137.35299476083776,168.41744924697215,0.016408405473084434,2
2.188288380956268,1.266462784464982,22.7393965889041,1.9516314850596823,111.24252698347955,150.23960350734566,164.3202431121831,0.04458763116939549,0
2.31179641921541,0.352130303134466,73.93488826944683,0.6522557874553032,137.40780531995333,102.59559704744954,116.17824841346629,0.04201083712987694,1
0.901756723839179,1.0323773003864618,69.50175281431451,1.246620225434564,155.90036143507868,85.2527007894996,194.37628793173658,0.024409140013159622,0
3.9945667888746543,0.9092389805806066,13.957447745930935,1.1420716879131119,171.49175137293543,41.89620534941629,100.02435023932013,0.08747153607474195,1
3.4990429063292945,1.9434582043949333,85.29344012178561,0.9890351784169773,141.58061409600987,151.59470312677308,90.4875466818509,0.0447300679338445,2
1.181771102664926,2.017767753500191,32.3868939662064,1.468300986320223,66.63209128977276,85.91141226503834,145.43384467260563,0.09837281615623143,2
0.5036671235176292,0.4258615618532656,48.9004367941938,0.6965836151325012,152.38725082136222,90.02332571712702,149.67021222339986,0.09097371541339969,0
3.4344465801660946,0.9480504090791043,70.11403619101682,1.5749936272005454,197.6264964342323,87.04086283383371,134.35590310950266,0.027532962961293296,1
3.307104949977563,0.9647152445279877,48.6476908167028,1.970888185707181,185.8376876896106,109.82350631372734,123.85092838830258,0.05546099551041447,2
1.438971682291226,0.4209555876434084,49.715902251994905,1.7068380717029452,180.7503363904269,138.34994025067078,137.59197865162017,0.06416237245298977,2
4.7592314550270105,2.0062110873754166,15.906519580216633,1.7900251293643181,95.32552300375113,148.0608383400715,107.77384757185752,0.0837064452649259,2
0.8401836697264111,1.7827094044217873,46.129919433400346,1.0394551147685038,162.6182264681001,94.95990085644218,148.58691975258915,0.08970784746862553,1
2.2184405251087496,0.5164353764277352,78.83631038979851,0.987329909721828,177.66551689477183,132.83428490632366,233.78257349796542,0.06616162190399409,0
4.723718008821234,0.9484686760548078,92.3658703467938,1.2755725320351998,151.74893069468948,140.89579503798413,118.15256980550251,0.013162078282799385,0
2.1566638529379993,0.30922231089845986,47.21474233570346,0.568589922143409,87.58426348519708,81.56842643483341,196.35668773955956,0.053314880456631644,2
3.2287771435540193,1.589106162877958,48.1227244191171,1.9180372016847989,193.07509578124376,53.52700573519306,104.10336676763269,0.08963231825676991,0
2.048212550017692,0.3473612151441182,73.23643956912869,0.7156777595242882,117.62291171880138,165.25320089022475,140.16412608173923,0.0742680642289834,2
1.4436544915084832,2.4655387131310484,94.84948009947489,1.8545195587521386,69.47083379988192,134.796236049423,134.59971269269357,0.0883127747268512,1
4.921490475003158,1.962671082985263,34.03548462154242,0.6253733330005335,66.46668425860881,130.7354572426808,239.2949970494157,0.07066718107504366,0
2.105736630943711,1.0060844464807879,49.612978588414315,1.7339373915178402,147.12784809485686,48.24635212967692,152.75694948630752,0.01396315088334754,1
4.481086098027759,1.4674816340844186,81.6375919197071,0.7279437888173227,115.65644696251087,154.50222805054972,197.37921044283527,0.09712059905859496,0
1.2267775688663225,2.2827874497302014,64.87242124366347,0.557197421137209,64.17258127684454,119.24758185204745,182.418677525126,0.09262166865127108,1
1.1442130497229084,1.4075432369697742,19.952770956755927,1.579234175389113,161.0546858234142,158.70381842445926,103.97511279840944,0.0213921585921361,1
0.2525570061341057,0.4775212916749902,66.49594620060392,0.9203979502616424,169.89877508879295,176.4385657231466,239.72187667520512,0.020142205015937394,0
3.293167444341837,0.9778232211738405,26.80716561375942,1.5717442291765242,158.8123446179677,173.9940449232339,138.79777961547975,0.05851706504293182,2
1.9057790842464297,2.115704919322876,55.91943406705637,1.3326278757092296,80.33913165260194,159.85250849462903,87.60892048322046,0.0781345751101195,2
4.335355424214222,1.6283218891745639,57.619294089439464,0.6632110853450983,153.4663183994104,41.53263233639164,131.0754301635119,0.04439558907444284,1
2.4187285427886303,1.644274741617811,88.85830260024863,1.8981951099517456,51.608420434157765,164.0018091531739,137.05773339999544,0.02227439471889179,1
4.844147796782137,2.1737126399367983,51.62448466111943,1.1784712621452162,95.76682095176139,50.50872393587037,95.76670565438363,0.055950048890321916,2
1.0090750269452937,2.2402339907831363,35.14981800123048,1.601670916698032,109.82322971113156,159.1671558247474,185.3961590845903,0.040380952259707524,0
4.356253522982493,2.303491800859619,30.786971339442843,1.2515308580234377,175.28704233282525,79.22436960562732,138.94991494206272,0.04165947599961923,0
3.9053245786795348,0.28238052347023246,88.68266890159025,1.4065422124418072,108.55915596041064,125.40956739467147,186.95288307626504,0.0680486983156344,1
3.877517038755855,1.3831087048095974,25.390976897640556,0.9541603885350387,51.690416928409746,45.32955236098316,81.14589581014141,0.08970472893065536,0
4.23943781777275,1.8642483269848806,48.328170479482935,0.8005404560051754,102.85196177420141,147.9654374565519,246.94822782842792,0.06027325577700799,1
3.8290175556206947,1.904470770561184,26.84558034342523,1.3138553051121018,124.83861475389308,55.63885711261601,108.98778095259587,0.07188422597466722,0
3.1684795759939357,1.5364546948265096,79.59736361029378,1.1603284594565029,192.350718000916,97.49634403460806,192.08626773983917,0.06939522923691174,1
0.7430999006436991,0.45862897120000173,52.69353759771571,1.0851698201508997,191.15514556843172,154.44244032554218,201.68333155751765,0.0596031573301237,0
0.25937827950713443,2.003680357157078,41.602932150113084,1.5088507926419346,77.13110573321174,137.34885951116692,109.17341945707093,0.037968233102481715,1
4.612154454296865,1.8142727671116172,42.498967656382014,1.535759948016704,77.77198126091773,40.84597756012937,98.99108795741115,0.04400147664192149,2
3.1215865411516166,0.26103264029513895,86.69927860506814,0.5688800841368946,74.50721846968257,96.42452683595684,105.93812261361748,0.03841334186413746,2
4.003032725783264,1.186334070452222,59.83965588649943,1.0081167413655083,168.3382898621155,45.86985237503112,121.95910349364057,0.09257482868338494,2
2.4594595224114957,0.4762446288284188,74.60810660181373,1.1176468253395662,50.903306055260956,134.2899805145857,108.5994600587945,0.08439568034593989,2
0.674810125915733,0.8768187619967812,90.73346646256161,0.6453382417462521,69.0765797287816,175.652788845465,194.57990258253386,0.06214126355660987,1
0.7134103817924972,0.09429867590392932,91.15675084365779,0.8538513000474326,130.69394474661485,131.7365767221063,151.54164463343142,0.09210191238767806,0
3.45926990742196,1.0308081776063578,39.56581489040768,0.5774626958341349,87.13431003301483,71.41214035645781,171.42457106761174,0.08977678238331803,1
2.2084988850073675,1.3971984568327158,95.72061368317468,1.9943631479255308,63.853468735889315,89.73262448931561,88.0472540975569,0.09349249597766517,1
1.08257116083165,1.567977352426363,12.23882938131449,1.6048358044547668,103.98170185007515,176.7310777921855,226.41232372712295,0.02995964718899797,1
2.508813279033041,1.67555134556534,43.91520049145491,0.6311752347541305,91.13114075903673,71.367337684529,108.99716404505267,0.07457527339875053,0
0.4146237916681571,2.098913717101027,90.62189717579574,0.5303740696851382,126.66564597714267,118.61407022762197,141.225896347365,0.06483020499311516,1
2.9516598693805545,0.5778841228255387,34.71731918352846,1.5789317002284204,196.88503907452937,96.06353321544427,92.22327877072038,0.07604475740511464,2
1.4180676817319788,0.3451804649742465,34.57733052891865,1.1587882485240004,68.64569552223776,147.56414170995103,103.25483289021604,0.03370414275264585,2
4.008039593122222,2.136266071149918,37.23600565736999,1.680195063596864,105.90900572511416,161.4344980771842,193.18589969586245,0.0725328164294468,1
1.6207735987255116,0.43370139648699224,65.10820463622301,1.8852140567275755,189.7977526808712,87.71721840904155,197.7397903834671,0.046884566372894836,2
2.330578730500826,2.4381621992736786,49.449949805291844,1.3989505835245588,181.5309565240734,132.45549091791355,195.08413238630988,0.08506826166756702,2
0.15694064554969311,2.1142186620266608,75.40613527180084,0.7806626343758796,109.14065521764209,116.86667765248183,173.86325393382373,0.08158291526455957,0
0.45498975019333854,1.277147684429518,90.54195783081992,1.6732910540696788,154.84298967796047,78.98222860776067,241.92868288202413,0.029022184977302544,1
2.0232184263927557,2.454482491058962,70.67794374485746,1.9337176147615618,63.17855203720183,78.07171239382023,166.220117330658,0.026546974876297272,1
2.4517002901139056,0.2885729863146103,28.402004817781794,1.370346930589934,156.88115833154228,115.40843065452256,156.4000449803959,0.07459585491563794,2
3.0401006857845885,0.7925111148789992,93.94137121244519,1.5229961709211004,195.92865942271123,61.56040229452197,122.0827461719144,0.05954274052553445,1
1.529146635675586,1.6136498168494982,33.804358601273066,1.0062120425550096,130.62322292512874,153.513385507546,96.80441997532415,0.060148531961384415,1
3.5054112420200587,0.907516827759288,23.49048657953423,1.0722915419904668,124.77353405516214,49.66067748805628,173.1863380942504,0.07772637911134192,2
4.314599746227103,2.32451275235294,18.097055097486482,1.6019817467795958,78.09779295528655,53.24042806916428,133.53133173778076,0.08694737137196111,2
3.9212698455774144,0.21078391603565305,60.704536659954904,1.8916566476102288,145.0682298360938,87.91168324981746,169.0843151423876,0.03150675105478451,1
0.29413224420695006,1.3960589885493633,20.238621623258663,1.4434825808365284,138.56559211683725,56.53284614759867,115.04024330428155,0.05999855921114952,0
2.454484041563362,1.4976223551180308,22.48982957013677,1.6847718627280213,147.7899589213626,106.59800297576895,222.48935427534494,0.08460592385428695,2
0.6141578742490569,1.6491839032541993,37.0027432535947,0.7574525261230596,53.912493002708274,95.95462466186186,249.94852564204174,0.08855147540755023,1
1.2860205777263847,0.6763822471629455,35.348770871601744,0.8179386353869603,132.30852325236106,141.05337142400037,134.80859672051042,0.0358668449504665,2
4.934646707009017,0.9431877474236681,64.38155592989281,1.298052030250085,139.24022652460596,173.42058172936086,223.19569323425605,0.01937384709377613,1
0.7982281602174148,2.117017297679195,83.50707515254133,0.7648312883642607,81.12952031192033,145.49820186347762,228.40764318670927,0.030954092849000192,1
2.544551951911645,0.5276097839768916,78.52146905826032,1.4524926053313854,81.2499286232804,65.1228128032846,249.33254408870354,0.09509495626130746,0
3.128963098158784,2.075826225574737,33.62360092448291,0.9374797780920485,91.43272527664247,170.97297996501644,138.2624220622565,0.051623174119169286,2
3.5420783556661095,1.428505786111719,32.07794481873819,1.6872989280003379,156.75823875908566,94.8986805574294,208.527036931398,0.04767164115004224,0
2.8422785490858793,1.9173594024255014,96.92123770962708,1.7121655199215151,140.93990952985575,106.3865105297678,118.89753061913751,0.011177591386078914,2
0.14787715235399995,1.7983380473455055,10.74126174327641,1.1956811836330297,176.8643969176707,99.02067323188898,186.21532021966436,0.014591321462921603,0
1.6996604103955604,0.5584031636929536,89.17484797541942,0.7712159525564529,94.34878577646472,79.27658326028066,199.8232368103824,0.07018263365272513,2
2.636787052585086,1.4435912042629886,27.97556672101645,1.4701624416228989,186.81020898324775,165.30620029164774,205.9905177309664,0.06308443618524968,0
0.5305458458096834,2.1759217243724764,95.25558907807911,1.9891805273953795,161.55592429750374,86.51344122552626,115.21926865935848,0.06179754686458635,0
1.818071962924986,1.108684780164727,40.807655634476774,1.433886346913785,109.25175050205455,121.00350575513649,224.2833469843531,0.01992905884220244,2
0.26269523307769616,2.418147387047126,49.631659650392706,0.5536620360710118,64.28930984381839,73.60470181240623,151.56521626673214,0.04168550526088182,0
0.48503463605960173,1.1579269952492093,73.64085525499428,0.5259409636506238,88.54754937312237,151.63255246782523,116.78281801487435,0.08311223247761332,0
2.044924053387821,0.3998248098363175,62.89021463259343,0.9805429557384593,193.51523258222755,148.3878123340861,172.23028502322325,0.025742010152497358,2
0.7503071948109957,1.0041149661902995,38.614539673614054,0.7936757102906074,96.5545063826119,81.48369938258615,226.77071203318016,0.08944185258841927,2
2.880950156481635,2.381670895656816,59.84478242810412,1.7195768107149623,99.48514402235966,135.4175702400835,244.40494466227935,0.020933047031401288,1
3.4783783487726025,0.833316080882643,75.76361959265977,1.7672085005540006,78.43833966465755,138.54229463329295,207.19532969373864,0.025223439711158934,2
4.022874825634506,2.176840491674304,13.810145131224289,0.8879281569657143,171.0275901708148,118.75159825466727,80.95589066613161,0.05299749650383557,1
1.0807361967995697,2.20906417012063,11.00793747301337,0.988467165424839,91.34663453634161,124.08377351803382,102.89912927921254,0.09507699140036838,0
0.9206646530694419,0.9079569846133048,51.226024516560216,0.854370451572672,99.53873725532836,120.42364936071141,92.96657769460717,0.03965929103308813,2
0.6123824176385613,0.2539812622240487,21.865295602316277,1.862573821056896,112.152216264744,51.46101655927839,97.2063363089604,0.0692396194202244,1
3.21850822276382,1.8251668774391048,69.79098623182429,1.2539740019334233,115.05924196619145,133.8371482599299,145.11594252336175,0.06298041303901686,2
3.561731059785816,0.8132051325842659,29.26472106046908,1.4842055661230298,111.70111856225326,105.76850137741677,137.54386352086672,0.02346603728505018,1
0.254772109645646,1.9681628549310526,48.956599611610386,1.1232231300494049,125.56155430620929,101.3840192757979,99.32644681561271,0.0323350211254747,1
4.68744000659408,1.1345043782380613,27.790384318684207,1.4465212902567968,172.1769319424605,160.3998906294521,229.98000977442234,0.09371374953794398,2
0.35465928989221485,1.238903518739423,59.363522717421205,1.0787830650826042,172.8927561113033,43.25173988455648,184.62268797650125,0.02663466612877896,0
2.7523520429752457,1.9558780465339154,20.444811344611203,1.0095176565938382,169.74697006450202,75.18408851422572,215.39876252259631,0.0725508900779602,0
3.5743965453094906,0.9867901611009885,12.079616750873223,1.4517201097602204,65.16872586747313,56.99648997798449,143.16339610542326,0.0968225034340274,1
4.36774870635582,1.1356619960411407,14.601847429602746,1.3865931170734838,169.95182049122212,44.94774624536161,149.74012276888652,0.02075553929820503,1
3.5990259674488967,0.9716666484855744,95.8832597363779,0.9402919312519245,68.03776602298652,78.59477967463266,133.99560579124375,0.04592637911685831,0
4.02846760704198,0.949984262429336,22.805759674984223,0.7240226754792101,68.7085655078387,178.38667819125487,154.53252405674348,0.030153892999846353,2
1.76330594345975,1.3385691134085758,73.76304278231517,1.0528650407572064,192.1794157452441,77.83208424906033,183.7641346003591,0.02994053656640886,2
4.09264305735791,2.0315586390278195,16.11335838005436,1.1227964587128638,172.9096767058312,132.918814771408,163.80728133284106,0.020708725959971273,0
0.49256274728490823,0.9363323642102864,19.734431701166393,1.4430265001369071,132.86157003020128,56.561844605701005,222.44589105203653,0.06845960655923193,0
4.484601614696586,1.334424065317455,55.79886262684012,1.8717931454552956,181.24553067167932,124.2586682066122,233.02365866367012,0.07717091589196406,0
2.7832026431533077,1.693281947334372,51.83838371389093,0.5542771962993878,198.40469638277943,177.82740763936386,159.84625507249189,0.07091145190207507,1
4.104759072816219,0.7101266434439549,95.64222784958827,0.8654915188127674,141.5963099947666,80.85725328446514,120.75715665927041,0.09321908118572377,0
2.316359594139671,0.7299308720108618,95.03519077186637,0.7905739134193406,141.9347655472277,158.7305862925816,240.6827113080825,0.02311109278462488,0
3.2535307064629726,2.3368621612074643,80.16477782882185,1.2534416130406754,163.1640543739892,179.65999325131497,204.95656931865688,0.03878608360465056,0
2.679373038586955,1.8226597046611672,64.18916471146147,1.1445512105647397,84.8208428547999,122.39757242090415,188.8216046291596,0.041011552873221044,0
3.6847886566011265,1.464107356747107,50.946428565370994,1.5935564357302827,75.0687292278199,83.31615405992495,206.7203347160759,0.03088738934622142,2
0.499986911949889,1.6369141333304995,42.0560680895579,0.8636238688172957,163.93711250226087,134.29437638588186,92.91690300747689,0.022798444974126995,2
0.3957252115537626,0.121783635603375,95.2378792278,1.3917475486246378,101.73571924911535,158.27874887760663,91.49647569840432,0.053803312833363745,0
1.3108058466497177,1.5643522656261575,64.2617930282217,1.8257858953999389,70.2605534458901,63.98903401467696,106.03051093876786,0.08509956652426856,1
0.881768932554623,1.2982967393992948,62.116527491739504,1.866016609877457,97.23165888766246,103.35220693780346,105.06666446489052,0.09590857530429864,1
4.371739476301788,1.3870867154596176,30.871100959202337,1.9381769070875468,103.79553018118631,84.68627941733773,151.51398072439878,0.021640656899664792,2
1.1741485380544172,0.930588375735502,14.202803609660176,1.659891728119983,194.7841489258536,79.67025957473318,106.75869398851191,0.08408415052654623,1
4.8817397535137435,0.24961104939670764,95.066972178359,1.8589818593883725,154.6939566631885,160.51497650362415,225.2693595253214,0.08421230106687475,1
1.7507893796784237,0.5236811223495279,38.23617329601885,0.8517963079779114,129.6284476099601,99.03156095505739,178.27647825776438,0.045008030939731034,2
0.9923777868746265,2.379324547371046,49.833012099201284,0.7963714165257155,195.33097080239074,87.4706878525478,142.60452237954274,0.019902666173090874,0
3.969522684998148,1.0513139275637884,20.317594922713617,0.5097321256707896,185.4709610711271,124.49147579964192,91.8358314982954,0.09910072060812083,0
3.3276680999542934,1.1933737317856175,85.32318969183628,1.5602665361436476,126.80012849212396,70.71622114923338,180.47472531305127,0.06900337274759369,2
2.5411590106203814,0.17913898514092552,12.486864957033756,1.9062007817206166,185.8519453065471,72.18508867953105,99.81057950066148,0.09839761255374224,0
2.8212813995943935,0.14203726238275244,85.05916858891868,0.7804030175625146,110.64569870939849,112.84042232201065,206.34744256844306,0.05352899641161927,0
3.624088713534093,1.8070945452645566,22.62565115091701,1.4554153631403182,84.5630998034937,97.29818201046578,216.46887644644966,0.04556736999430559,2
1.2194282325233639,1.3683319270967227,89.79077013680369,1.6196896388326663,84.90172652331276,81.29753374912542,172.475963853173,0.03224669283734084,2
4.982036188678036,1.2963296613298534,75.67953736025416,1.8914213527220847,149.34732866631902,47.55315851837431,105.43248605394577,0.09852148015948177,2
4.876486494519237,0.6456550995355383,24.82032362565746,1.4702903360258324,125.16054810609157,112.90839340939301,213.76666303587913,0.03279315425160463,1
3.286595863099991,1.8746392924933095,60.92361935735213,1.9554405991231285,148.842627050817,154.32528878415053,132.33072417408678,0.012138648059624533,2
1.0777580095528112,0.4621796188158051,38.13906829196975,1.0170097115188217,152.91139463932547,159.19280874004812,117.85103426808817,0.056122157222963015,2
3.4331183879133276,0.5153401219694992,26.04097890204251,1.0248928006571114,53.34843093465764,72.96159716165123,159.9946289731323,0.04393454437458239,2
0.4537722039979617,1.178744819803275,87.32639794699976,1.3145187650215184,58.10593885218535,123.94976855264837,236.84986103509604,0.03352442530863381,2
0.25019726080844973,0.7513856621742553,46.31704898565064,1.0752528216738606,129.90165898868747,159.82338332481166,130.55345965266903,0.06711473048330562,0
1.3626461537049472,0.6562843040212086,45.868934292884425,0.5021385924312989,78.65532166401154,97.22162995867706,233.94834516534544,0.04278417534080401,2
2.36685248802265,1.6308322291556627,25.2898007325958,1.597658037630481,144.88006532066595,170.499154423054,89.12106248577074,0.04620257994851856,2
4.354535276501064,1.6448807757854342,44.47591084772008,1.627575562217725,132.8278608755972,166.4169940781374,94.19902985305096,0.012074104350463988,1
3.6631284418549095,2.0700668210098265,88.44551616959652,1.6204619070301556,137.86405375563368,69.13874563863331,198.755374272992,0.06301638356977518,1
3.7392619538799075,1.073385989083791,42.681583944067235,1.0175309999156998,95.3683069746516,76.25507660602852,112.40075244618984,0.02098639268623385,0
2.1849173387955694,0.22905847301406812,95.64432062498092,1.283434209966758,145.97652594168449,65.26187981043564,133.8255161434263,0.02924243730058796,2
1.7950814634801184,0.7204826430575714,95.16780092875487,1.039960277265004,174.42389547275346,67.44760920365832,103.18340676669844,0.07454060385513744,2
1.9180899386245533,2.4510133848322013,23.040879337661142,0.5240546000459687,199.71068803883557,167.10069220428971,136.48220575253322,0.038191845356552,2
4.939482862306684,1.5108335093201202,25.95801281703804,1.343673411907128,175.76665792583213,170.3593072869672,127.67819896171878,0.024688917769454286,1
0.2965350379211642,1.7888558577624998,87.64066632987003,0.6856409991260166,133.6248139519921,47.26561376591833,205.1773986281272,0.06196817323562328,0
4.348454330999998,0.06802668258226562,45.348482703224725,0.6200619861371609,79.01443875199348,123.10446979410867,199.34397599213747,0.02934140454441466,1
2.935509502004728,1.3196040438471763,10.393658405470841,1.6332486030451807,152.21688141797313,118.99241880006002,242.3376199928221,0.034388039256283455,2
2.2492155540289933,0.14194521095291768,34.648463773483385,0.5142593036271584,190.64806783369673,94.67667054142439,203.15168647941692,0.06592053789800864,1
3.6537625360341695,1.4446140196240478,63.78660938760039,1.9385126654130893,81.77998095984536,128.43766299523497,198.11901801363544,0.07658756032275234,2
2.4846778129810443,2.3058885816083845,81.93393693639712,1.2728830461688654,88.39934307898656,172.63149557151903,198.0146611406508,0.07656937166760194,2
4.379773866600137,2.4226268697259994,22.00497553839336,1.9745246460592227,72.35128151174767,63.83568358110047,230.10446746018994,0.05340190706837474,2
4.513439133655167,1.3743540547028643,19.94872279750618,0.5869963587090626,160.50824654396024,56.85752736030379,130.3602445888435,0.0508867219908492,0
2.166432541679932,1.1726017728679292,92.98833882150984,1.37529432329887,110.98422551354889,44.6746799160566,131.01565856294673,0.08088806658081317,1
1.456456206451753,2.3652918809088104,77.60335310403244,1.0239905539638667,59.40434583295761,90.93666309762008,206.00634764983926,0.027373125260126537,2
3.002516610107475,1.7003440883919032,63.08016407002706,1.7652237392214287,181.24249872354204,87.26798679090125,118.87987331552166,0.023698220277561334,2
4.5705803935217855,0.20900323486910322,79.22681109963352,1.0418341028514293,133.650785705385,100.31475634221015,235.04340070515488,0.06982255594265589,0
1.1322447261277664,1.191027665285369,48.59689251759746,0.8907313685860236,99.66414380005337,110.46340432333285,170.91289326477062,0.04685562409503299,0
3.152536259461066,0.6386002952375447,78.2610172578214,1.78632969064987,101.59744640916455,146.09535916426364,131.0212377757814,0.07389986145131629,2
3.194645078453351,1.2010205875492699,43.462269214708215,1.0619796374798915,93.53768302863602,94.89587466405257,211.936988047297,0.03309402011169124,2
3.692253809834877,1.1658906514155865,31.96851152433421,0.5252499797908422,118.32202585889627,86.28583531057271,133.09450707880035,0.03923846929600903,2
0.744681657123573,1.4762547668961181,75.61120791636718,1.0854336512590006,100.55625327322176,155.76303483634777,243.7573139022182,0.09070098842668516,2
3.607542326942234,0.9240877013556656,47.770506294154146,1.4817834035164128,132.1919456105914,158.9715338915119,247.1081656532474,0.047949087413942944,0
4.554259351261641,0.45246260116702375,98.32393938935753,0.8815393082095728,166.02758784069414,72.58723500106944,193.35536113425334,0.06318581227483461,1
0.9804472334641857,1.284112614745393,41.45366640772909,1.147981388637736,151.16919251665604,84.05405517958317,99.31776125753898,0.019601397470647854,0
1.2639622921270006,2.083997066647117,92.95546784779593,0.5850727074233383,94.16853391311757,155.51629192741234,124.74550448865972,0.02609462549734829,0
4.859835960804034,1.6768299587656257,93.96662937103716,1.3821391872709359,129.31115173096688,51.11715420168707,167.6208835767294,0.013229895594037982,1
0.9867870682764999,0.8790012715167789,31.76676523582715,1.6344423857905905,176.01892398683762,85.61854925470331,224.74606651665687,0.048193373058549996,2
4.286486957510938,2.3420314057592004,81.8399063429212,1.1199688421016654,60.23093521140882,102.76901498572056,111.43070448014487,0.09900280040455216,2
2.512161496595371,2.2849085495604964,48.97670546301086,1.13034894920219,61.74459004803571,66.19002612807995,97.7485880323685,0.08864858373863195,1
1.3114322645755676,0.5629035784910421,92.57722545073132,0.6324237478773747,133.42551020746302,65.18798752549775,92.66117214213605,0.06696180234464563,0
4.366674516235306,0.1465730835448893,50.511184537171495,0.8029112967679739,145.8672692584705,99.48068812189402,166.184485601208,0.08749868427617195,2
2.281995749513061,1.8662063354593676,76.98733456036295,0.732012954691869,81.71195236638562,145.6330414628798,230.3991648311,0.06347524207171808,1
2.622605034255482,2.0776451403054255,52.02706682474181,1.222531652992307,161.7830190037277,157.63261713666785,87.2010712494617,0.043189199230072396,1
1.8602435100588521,2.4212681865808205,30.502068014157057,1.2938833114261252,146.9395065561091,177.09291295506426,116.09466077890087,0.02561917609910038,1
3.0054591720311445,2.230099165516361,27.941511605021766,1.92341019692639,188.49339023544297,50.35776701284067,197.8536926927153,0.06877438675842018,2
0.9012669756666116,1.5213101821057164,48.2888074830711,0.6098472564158508,75.3431302787805,70.33550816043898,220.39678397443163,0.027374614875167083,1
2.0162995295936277,1.3486282310703332,77.99451913127935,1.3998019597325708,162.7061398037016,145.92817793378768,217.25791998085882,0.04756855754800542,0
4.850120379442909,0.11821057559333642,64.45643366626902,1.289747790992362,62.54646358749005,115.68381884779266,213.46156974445628,0.08432216579397368,0
1.3648538202355252,0.6543082947697058,71.9766360910489,1.2743496469037439,134.79386142768462,85.87516835473855,102.0659661382678,0.021630637230555565,1
3.318009656252332,1.1760561417456699,35.40937156587482,1.8097389310742398,132.78427092487186,68.7825525746141,147.53038897109616,0.02161192771511156,1
1.6934313147010052,1.5898345552047413,53.329181136184495,0.8083077060432298,108.25775669701109,79.26685722994273,247.40659268139692,0.030196217403243762,1
3.8900183158643435,1.4152669916301062,13.99557384723943,0.5611599115120571,176.6856721502851,100.10045304213327,248.11088716997497,0.05967255764100692,0
0.7412809375199142,1.869458174720142,83.57791743623086,1.5084072614512887,50.65559671790184,64.80117073084458,182.41265663221196,0.03265511304339218,2
4.852123120884869,0.7354289806732501,99.09029460158872,1.0177361962039702,128.02691028477813,174.9916338227451,200.5754248025928,0.05528781435295007,0
2.3235687527798325,1.4341338887485595,46.61911563622038,0.5263848743187869,82.57303247527811,55.06238224398241,241.71824536850255,0.03717843499537185,1
1.2566472703976737,0.2659484963074407,10.986728781838902,0.8770610109356207,161.52479286746495,177.98084082849067,156.48773641100576,0.05556179844175651,2
0.4601340619170621,1.0634805327788572,25.28133755958526,0.9639901613252178,56.46011394591457,157.86506004009416,103.26736584024485,0.03498683041015572,2
0.9318137349289497,1.8878940407387728,68.7274189975377,1.425257565176363,174.73320322723663,99.24122645192347,193.7213088377333,0.09820111380477088,1
2.646892347924487,1.7488320909011579,65.08713863834733,0.7588786910739082,175.71383400604273,143.57428681434942,243.21739183308898,0.05434461110277711,1
1.7513155645133032,2.4770747060718383,80.90782476269895,1.119581521930097,174.92990186052543,134.01213411749404,198.52503595727006,0.0769279090697416,0
4.161528492824786,0.7308332586700023,32.84956098649613,1.223713166626749,72.88527900990047,69.86016851285034,216.56459159403542,0.07304919030083845,0
2.2113488659428495,1.270563782976249,78.72687239924207,1.1888560870461364,144.56097778415673,87.4698120566525,151.86729667500458,0.054150343733292514,0
1.3186999356793867,0.8573495137462921,71.91856193713028,1.9609111500001726,52.15510387750844,111.8371587927641,96.39873620462468,0.031497585550113276,1
3.1240104343597475,1.1294776294449782,39.053304794245896,0.5682563566854442,177.19438869337998,129.29818518428175,108.70995471379466,0.055964645012157845,2
3.563208362738685,2.149527818180001,59.09393332512658,1.926452279678599,158.44627902629307,116.00529738992701,247.0513210040311,0.07128744613483912,0
0.9185053487146544,1.7263122342117925,23.254642764849404,1.37290582099105,129.67305963488792,106.21824454090634,163.84133388902887,0.05139273435068907,1
0.9213341598127566,2.2119809188015753,50.73080530920244,1.6935915724547574,159.58871496449257,102.04131828368602,82.04350033013247,0.017373259662646745,2
0.2796899919743606,0.5486022154131219,89.30776056000768,1.145588927024113,64.14861449776583,109.75702990130252,242.41243772429956,0.011618490660227557,1
3.708369873821639,2.189734738711523,47.90722418428517,1.1807568218854707,129.29837482652846,100.80921277843584,164.622585035079,0.03950891276210547,1
3.3526421853468453,0.19641757173704183,85.56100358278798,1.8189897485237354,93.69147377246682,115.78621085640023,222.1656277096124,0.023520153348398076,1
2.4256912911740884,2.2270682370710233,63.1228028733725,1.8439017444378532,195.89291948344595,164.31794186653335,173.23788414627188,0.09155712213333961,0
4.2364351999490655,0.8562307596787835,27.268904179212107,0.8580333221469465,178.56769259358526,128.59610382764563,97.28938822470938,0.025824940307643242,1
4.04778374945526,0.820739701864463,62.299562022810676,0.7988628178769273,159.99135437509653,141.16692249839562,184.64682896243093,0.04548544426104096,1
2.9682363855440856,1.3046170129117267,55.53849962413571,1.2443527608049267,190.0621452874598,123.64763872230871,249.55804697433356,0.07408697608643333,1
4.3545292745149675,2.3546909599219177,45.87772016767456,1.8504155406915375,102.02649568482107,130.0224755379603,85.90542304981032,0.08338794940144549,0
1.1086219291801647,0.16706434346944316,20.766739556446332,0.9835326401092644,185.13198484822718,120.96897598274522,223.1050135775575,0.05299418378603179,1
0.6484061350488666,0.9129658889233261,47.503779746250686,1.478021923008697,98.78573481600654,43.76131310741525,120.03173526063004,0.02630215086475529,1
1.4217730964332493,2.1486013722741726,16.54861386156644,1.5622275316109016,159.91950795367296,179.94377350800278,146.95725786107155,0.03438057012182678,0
0.3797255948376428,1.0203334697168935,18.88921462588761,1.6680119973412337,160.46253676646737,44.70529362980554,143.3606170013922,0.04770716028770325,1
2.702730687205057,0.5379343991128143,47.43248796394444,1.3458866868814447,52.75248146811402,95.32072115271151,232.79552302575033,0.042813513039302475,2
4.689367892245311,1.090745744261959,37.48433337716173,1.1036827674184544,104.15895474172927,54.716194961850675,165.76265210141247,0.04138054814526909,1
0.29278334927569727,0.99460362865459,93.29898932760011,1.9505239831984593,52.91490086127468,53.56998306173054,156.0196287618527,0.021866842158099788,1
0.6983385786491313,2.2927696935934234,43.81352248422435,1.416996129954279,199.56380264153728,151.09377323442772,219.064268502252,0.09219792269538549,0
2.315775238588833,1.916739220570588,78.20723098648901,1.5928478174499063,68.3295142743857,99.62960911013077,88.31421283184112,0.012678094577594355,0
4.675987585886734,1.2875331115728157,57.72227737296185,1.0174742685438174,131.4216343472164,152.1594191618271,94.69757356618804,0.049600191508817615,0
1.6491649143860776,2.471507888467849,73.36771017781018,1.5049237715046202,168.58343581439559,78.1901058953164,83.68710566896918,0.09822893432527781,0
2.585450562573123,1.1899299516260122,33.41043847138593,0.8866964932461889,80.18954033913387,75.90479085287286,196.95709368128362,0.06937515449416919,2
0.3037070093469213,0.19268268550967432,94.77144755544961,0.8676453762929542,122.7579002143209,75.1723934540247,169.3547433034608,0.0419869597359775,1
0.8268816847142354,0.692572088446713,57.70796472229816,1.5720833027141397,141.11431413817263,126.2603876971087,228.92376139760805,0.023148782600785293,1
4.93448760249835,1.118372676537316,84.81916641567247,1.2820921043944027,74.03071315933181,154.09991457838402,164.75059350534298,0.09674853450811849,2
4.829081612536623,0.4344114291579943,42.85411241285021,1.5249149156335846,166.78331898673076,103.31654141053369,117.70932736953901,0.011258772568583476,0
0.12420590657860713,2.3715345594939055,19.019021414547208,0.9041577361221376,94.9004685784048,93.09484468975154,216.87505342775074,0.07132488135518292,1
4.763877748573871,1.9287797996535443,70.6340482948764,1.3980850115850956,81.65346145082604,176.30113758823092,130.03505521954588,0.08921237243007946,2
3.231687695295952,0.7073036410480431,10.698368350368204,1.1659004745546688,133.74331196561252,56.345565041629435,239.06726296587553,0.012264444089761798,1
4.352799643148108,1.497471107118894,52.77636789089575,1.395440430268292,111.54704414644068,108.12857548628496,122.57206093488088,0.0752657377681451,2
2.32822529260591,1.8175504349184517,27.35217123998133,0.936319598366329,188.04289169546266,97.18828544540082,108.51251098794876,0.09989539851292614,2
2.6264205400383265,2.356133375821655,66.4637953991826,1.5731764454736858,182.0094047297231,53.73772352216466,163.86507855681694,0.06756782217160145,1
2.4953482432589094,2.210006605479756,98.14778858240669,1.7088940492391984,122.50259950833248,77.54805069235069,88.58757005494137,0.04732110530590589,0
3.3676348619759118,1.3122209540386236,51.796261568858135,0.8898747107865854,103.88956620883963,43.98176976107568,86.189993842045,0.08869606474206537,0
0.7842911483059333,1.9478989184928932,83.57484308731,0.950930839783463,98.82769724468977,162.77360045761398,164.32247269342787,0.059876132178036556,2
0.246870590376122,1.4272546468775833,55.70057682560089,1.4917314045786394,90.1345434622261,125.09893405865616,116.56816973511388,0.07744967621109461,0
1.6088567137968357,1.4041245306115735,54.62560279936217,1.5433777614553161,131.68217805687158,154.1025897018351,81.58994852718082,0.06290010926366545,1
3.552935737409569,0.33111779792857016,93.73811438609,1.5561495265961751,170.74679071018153,113.01762333641858,130.3296749433587,0.013446198323915434,2
1.0890819154024471,0.3590372621395726,90.09692818720133,1.5240477571637552,96.61349123053367,123.9313761190652,161.15245015392063,0.029183048938481282,1
3.399818923292095,1.3473573568050208,80.72204186691769,1.0892115754288083,78.51411345321222,138.11962689328308,147.02907924827196,0.017088721658807465,1
4.852569025925625,0.7087107851985662,36.663017798510566,1.0922805116055176,121.32257092749302,167.1216278449901,103.02980924727193,0.01960189861449007,0
0.5601135073681501,0.10154041102814815,59.05075741515465,0.8822264354665721,60.35516251964998,52.845264295618406,178.5447207314362,0.011386494422926477,1
3.395750379303119,1.8209560495555202,30.15075099751165,0.7352505498445445,155.19185091945604,86.33277526300176,200.7566084950983,0.047904848111273775,2
2.2743760745923987,0.12959216189090417,49.95250282418858,1.5388660690953584,127.75373994529004,139.26366669800007,194.8416575677602,0.02607864685787486,2
4.353897046449776,1.5084282607049337,53.579175918381154,0.6397831789584693,124.45622119592812,174.16907882019498,146.93952661815632,0.08701268684445745,1
0.968033968292191,1.3710247956119204,84.84760361523978,1.9066884301801723,95.06680693250337,177.31303998860076,103.39134569908938,0.07750337837865943,1
3.4938671659082066,2.423595991915621,90.64255287924938,1.7400294555071771,185.7010156297605,129.3344212792167,164.91275149342286,0.061585929533394645,2
4.20676491927574,1.2363221914017222,47.315805615683004,1.7862586099358841,63.572943777432904,67.10378688568142,231.37339833930406,0.054011921081535595,0
4.728609675422714,0.20582351912560354,11.59340005659135,1.8600032219227853,180.47360133305472,56.689247597953944,159.68288432000958,0.033028177651837826,0
3.4479153386192647,1.4016355211258313,87.55964558104192,1.1129074560848602,106.5057803623884,172.44611019925955,113.2657784560699,0.052745631928748704,0
2.536156343641294,2.1106856180094486,25.68508106512246,1.7700510850256015,182.09352739625334,100.74987652475104,95.81906152593416,0.06771063482779698,1
3.1274514769859483,2.492280746489528,65.96937675013541,0.737091950437474,159.31421874985756,67.27424465677588,240.46752847680952,0.0804005974173498,1
4.357634423945719,1.1043407755382277,12.247381039071808,0.5324626919123535,65.62560899930574,170.74495220886416,206.31159950907553,0.017351385963363407,2
2.8959877585302656,0.8347319191170193,45.955582773450786,1.6773370919957753,174.73044297640303,54.633398019003664,133.20438535908198,0.0737618219870995,2
0.24889659251450064,2.2713005775323976,98.73642719038148,0.612194971995409,152.32652505492575,142.13995355999052,130.20990905487966,0.07684568890851569,2
4.6616486079841915,0.5185432162364975,19.06242409934228,1.9827870009888824,54.84528693730227,127.53682385606679,232.1871427428416,0.060307498083237085,2
3.47868108005465,1.5578008418306704,48.13238367996781,1.512194644402334,70.0554023164505,52.28285301332485,110.18659991764069,0.029288727613288115,0
3.4149155903085084,1.044000339243322,37.643495517095694,1.6301745653631583,145.34420837535427,87.4248313895219,170.95633924161257,0.058526612875105764,1
1.1568082467488143,0.15065179414111046,91.45793110494378,0.8687057844167989,149.39007543204275,60.99029653560149,201.29572678048123,0.05524343936337794,1
3.328538804140021,0.9008567620489596,88.24060971166196,1.5107980908795322,161.99771492563926,124.62980295464259,147.38635983416725,0.052813908674811665,0
2.029935587705377,0.6998098801315529,31.392888427560596,0.5648299058824358,158.0368101162473,106.79582443484003,86.78339823232506,0.05145759239204657,2
3.2910415875033117,1.730923327161543,17.306900834538805,1.7567385798854014,148.92799320049323,40.598517452468734,118.71899833231866,0.01997430096623678,2
0.6223058485091546,2.3745367193451994,66.44245546550057,0.7544361395473587,164.93583526196338,176.59947927974713,233.30738336520355,0.02646032363716283,1
3.323441992554877,0.7067156090776626,40.27318406953388,1.5460371002506559,136.26285588385593,88.94185098453565,168.93022436272423,0.01875988796062081,2
4.997127256276266,2.0380915509216204,70.48759515454567,0.8367207518490924,89.11870782866824,76.148614997187,218.62501190295487,0.0318230044901186,1
0.33623899041672456,0.18563155149910332,12.890778046103303,0.602679754139064,186.85649205960775,71.14201381117437,174.46654227440496,0.03371291044576057,0
4.888153502684455,1.3683964745975423,22.005931165974047,1.2222405178240914,52.73210463979669,62.2342254642995,240.41235627109157,0.03205682753437409,1
2.093849007542066,0.22284765608924173,71.7735009495379,0.7539293154091842,104.98425798072353,179.87919067031137,234.55279284466366,0.02898361613670431,0
4.366691906652569,2.338380828270066,29.1133589772248,1.5941659824898247,159.3305439645745,81.31532550342467,162.09096714176832,0.076187984093631,2
3.9336888718855403,1.9275606373656062,87.18289081861614,0.8563487650752273,114.07340617245114,96.77188961139943,134.1065843241794,0.08367088596383061,1
2.8783796788346727,1.6619772824512513,15.27317989391219,1.0137088343537433,53.72516112200215,161.98982826493244,182.28369384875373,0.03943982949153129,2
3.7184011253315004,2.0685461349804273,29.393378450701714,1.3511588768967093,59.89713546743198,129.86425049600294,194.73090588381052,0.037461600251600405,2
4.404726250376605,1.6364234991468998,99.87042236365617,0.9274524163659674,147.2956053707433,91.61721764433815,164.72036569110736,0.08596291147772572,2
2.0802875760900617,2.4239137730770133,48.97684923281134,1.0669821743149424,194.72968991079495,165.76598102933943,219.78814758616605,0.0661531511499212,1
1.7024624916598698,1.7991969722686905,73.26690971901792,1.72343265656058,132.77954537517485,144.961388309904,111.16584870343007,0.03640944923101518,2
3.3712075892615654,2.3154135934765048,26.43967439713123,0.7688147743415386,126.01367270356536,71.90607105583796,136.8500112060855,0.0742251063327924,1
4.058445115512167,1.3169731354260632,64.8881861486984,0.6233023842229005,97.74878195844009,130.12345924398886,196.683980752297,0.04101335292098506,2
3.8351971604054174,0.3368078118055635,75.34954615324766,0.9925366776995289,88.50360107990947,169.1357897609362,121.93625711588473,0.06279000529079558,0
4.009286879407309,1.344035417486392,38.30289722798595,1.1365651505208172,53.14774726344271,109.50452298305775,154.77360659621775,0.09933706269890213,1
2.234358242583372,0.3608384287545786,84.600740077829,1.3139889232048514,90.94323014607068,142.7057363964334,243.83470292680977,0.037143493769442995,0
4.107387659257606,1.5016090239821924,64.3075820625055,1.0586355442625106,117.36656612978787,175.9545241584823,186.39891535671762,0.09374734006374999,0
0.6890243713159814,1.2321079982927743,45.02107086535272,1.6848675503342077,79.69246745734253,136.65797972532982,241.33972988899137,0.03885871728562284,1
2.767996580008163,1.5753097246903154,60.18781540088427,0.5589792315027099,63.10219827221438,54.34141656725129,202.8150385522579,0.05862580339373411,1
0.1282174364407957,0.07461510358433741,61.908476269233184,1.147651307297837,157.6591800881904,74.2383371303805,203.1933508434194,0.0513985410639136,1
1.6904705665113247,0.5273592045556421,24.89817634244794,1.073383871984607,184.19304036021006,123.31350122797085,180.61571952733496,0.08048436061095425,2
1.8956615208698497,1.2537595581847207,46.245913288026955,1.4713677362102886,190.51581045306284,78.57781415206685,104.17546111850356,0.015498342953379533,2
2.0412461888853515,2.3787337258933805,40.908752921754385,1.949414377846094,142.6998092745484,174.05583875447957,168.35142945066892,0.06644100736617975,0
3.507789312780325,0.9898421488701382,46.081245032121345,1.2655631099432934,57.91618738989227,96.74928476310433,122.95325408559006,0.07846002499139407,1
2.003934696224694,1.0897114638314052,78.49995296367321,1.9803152704125808,161.12939449426602,104.01225680253111,249.77433423971763,0.05249303662439074,0
2.2985987508504007,1.8010054180662245,53.428456672000536,0.9533740923697962,66.51429578928295,138.2242930858164,125.38352981720749,0.019476334588402484,2
1.2639662412842048,1.5292922553509893,94.62845379153379,0.5463021988136916,150.46221765317358,113.39496238786238,119.21659338844624,0.032032451213633184,0
1.9289337789837666,0.7823690677409165,36.43087720225925,0.7484947512146192,166.90487536218137,93.50043536442757,186.0601363710876,0.07117051330907774,0
1.2136211735894424,1.056500169140198,47.41332204564361,1.092687327161851,158.87970662397092,50.729302521641024,166.86129824733712,0.09058936469502837,1
0.45866002646537385,0.5833645072002196,80.82611294311373,0.9745008637828283,192.7825708641696,123.50238253110093,83.62999525326741,0.047944774630043985,1
3.056898107568752,2.416752574869011,59.142213398867526,0.6455811964750665,160.72194267010846,161.46120431116486,102.02064042871987,0.06043708315704334,0
3.37424271291958,0.37005423481553135,59.2325331782003,1.1489901615360751,153.9814666972713,136.00674184640786,217.87730011067714,0.030554653305417588,2
3.1355026954471112,0.9610001221877278,14.800614670466516,1.0071736574893442,89.26147582746536,93.4093014065733,162.2276323750853,0.04709919826331844,0
2.3711208146228047,0.11330548193902742,45.873969644661024,0.6839288306861577,188.71530296538526,57.88164904723811,104.82258651991245,0.04031108269934424,2
1.9609503228782263,0.5933597552371888,34.36603591795593,0.9441756959178633,76.93158061912503,154.28734616659415,159.0912356820747,0.06899729931743713,0
4.330334882901943,1.9621542890313797,99.94016105480038,1.8296540830330859,185.73449172096895,171.84477071236867,123.03534412400863,0.09862290565076,0
2.6435007471674687,0.5428793191077548,37.751956356907925,0.9530732982340102,96.89938150188655,94.35821871147706,118.01054838909843,0.08319731067871176,1
2.447991200385682,0.24615533619596575,89.60468813144772,1.5709331348630775,69.52453908165032,142.00990648576862,242.81329699566774,0.027294812643356668,0
0.2256461224515349,1.2124102906190821,70.86103615364297,1.4180706194866335,174.0024540906756,97.5068815847058,141.54416956581596,0.06199107339760902,2
1.7721143553681664,0.07442462509957032,40.68247682728814,1.1407717436125577,50.37431804012437,110.31737143930792,87.89328779429765,0.015977054345356144,0
1.9629585320507,0.2576770783445163,58.918094053671126,0.8585384552055038,174.8132476521246,157.10669328629734,244.95553434834147,0.0322223938158372,0
2.0542316263948126,2.028683380429289,85.64822919542743,1.053522049018918,89.34677630689639,51.679407909561505,215.12272771126683,0.025499590845435138,2
2.9428446092139287,1.940109694906036,89.50314682278207,1.388160820206564,182.7081909133432,114.2469488301387,123.25026211590695,0.04019909838755167,0
2.7146524789617046,2.292090109991995,24.43544875055307,1.0261298221240325,153.72187733623687,70.04683845397115,149.51161189991655,0.07109325721397923,0
3.078734954687879,2.143562817981336,40.561582708735266,0.8223446503613477,149.9274999275885,87.57283236940674,226.58922768117185,0.05494539852251441,0
3.847927981556429,1.7237801299375546,40.170086219221446,0.6746941233374482,104.7979344747265,130.22003544991838,140.76029828495663,0.0939618333846296,0
4.083630119708858,0.17821550038662398,13.784031646835022,1.819650406864348,58.910446083615646,43.81197772715877,176.4586871411218,0.029147395586365782,2
3.618803073509823,1.967979114067311,63.84139838667069,1.1604694636278585,174.51096473083658,123.13551385624278,170.92566784298415,0.04277882316285462,2
4.78206611017918,2.121501486559373,86.93380476929691,1.4378124826143952,75.6355692764792,79.68191352352495,148.22007326689595,0.03968673191132226,2
0.189339655114172,2.0077512571412885,44.3416949042966,1.235615541705208,105.83879628421283,133.72781051313012,188.71532330833173,0.031236726336393697,2
1.059312129849376,1.295773636504664,76.60323504857593,1.808849777536945,140.05320282636228,59.82138926782759,160.45942534132067,0.09938536922136201,0
0.1370580873928964,0.6206095046912301,66.4930372240666,1.3204022786723162,122.33806078409326,143.013624534265,83.60918358457538,0.0448502990898749,2
3.272626099357555,2.1210584404373805,43.80838619437007,1.22117212692367,79.79909527569771,130.38956076681694,218.44512830014938,0.09464580824496387,0
4.500349689854936,1.8315488838633394,22.695381954306736,1.886901485632569,71.09245353234259,175.97385660324917,99.23648306813229,0.04514261264676906,1
1.2930632532238666,2.4528648772526864,73.83914674983706,1.5795343940680318,68.48694083754359,167.57295085614072,158.89528825153178,0.028368251086659482,0
4.642469269501903,0.4314468645020357,86.91086520471164,0.667324861020286,179.45118222488014,79.66240084795832,178.58313445767453,0.020728569761444004,0
0.39531021241884823,0.602878228477535,71.72690431613427,0.7665566917952211,54.73393235920004,43.82432018156118,199.93602921285944,0.08700068738579546,2
4.67873653134702,0.5689054672096817,11.609063563133626,1.680684294409163,196.55213893998413,131.75159855564607,149.8354109989514,0.012888787643657041,2
1.822951167474209,1.9917224306722752,29.460960495189212,1.7537769817699314,79.77930355781211,124.40423446065415,205.04324279519034,0.09679551295053533,2
0.596962059401161,0.5079228763027895,16.253198639517873,1.3177862436354446,66.54834453186172,43.84002762730245,102.32951440215695,0.04763720906069936,1
2.480771620012996,0.21331658306709994,61.334748961860406,1.3316828417999589,136.54574821651926,57.17485408836298,191.08574320603242,0.032263691597592146,0
1.358205181830489,2.4964739761347903,78.08299109563711,1.4478994442771667,61.997893691104494,121.85823863503798,220.47761768956948,0.06557015189938263,1
1.495877219613422,0.1108021680406154,19.95212683617935,1.1586736614239592,140.36798947453923,167.65581696608888,231.2054753823752,0.02196216926525677,0
1.6057208281388045,2.096347947389221,85.45040385340467,1.520298685225856,177.593996722042,166.91003871187695,178.52630431216116,0.01649310162097202,0
4.034826899380051,0.9451487617990995,59.995808055593486,0.6627218863496236,57.184703220113725,61.20790764569048,133.19218367275636,0.08450050167186103,1
2.7418902557087472,2.1119578764066476,72.09721109275523,1.9419188635510796,169.9802906792816,93.84035249673494,107.7706069913165,0.04822036971627942,1
1.6254077258644182,1.4088202034673054,97.42616637477816,1.6252322356923825,109.17161614731779,46.048401009304364,138.74498798916562,0.056642942089407886,0
3.0906355382235002,2.2589965122415823,17.531288942292758,1.4467613060135105,73.9235950746815,105.69805849081007,171.79564343625475,0.025902640798755837,1
3.6091383036936486,2.3191728167158354,91.11016206800103,0.974483085514221,76.41447204011885,145.43168435424877,113.37613807856529,0.015528182007424805,2
1.4358576035943156,0.0722905441379012,21.349242638866837,0.7414332311850937,187.81468155413393,150.5961795911856,241.9275339678258,0.04309985193866621,0
2.1263905974742228,0.2347598311823313,45.3662925973014,1.114014445743417,66.59086279109967,109.85852532352021,232.5130229083946,0.05555316271420805,2
0.697241857351043,0.663378887448596,86.6294826698003,1.4923651108610878,180.01741806734856,53.42175445915058,85.60272312712331,0.07888875596902252,1
0.9876318127199336,1.6898227700905792,91.56288130640814,1.4505646151346663,131.6366931475422,93.3909565254193,175.53350569916608,0.05509468002119171,2
3.437477484428416,2.22626688145319,55.57345061906308,1.0739617325983573,55.85842682246586,170.49427439641102,214.18249434192424,0.08042563159173127,1
0.9890479037085721,1.176857780670209,63.46941744478826,1.4199295907496947,119.67142185760075,72.14575791276005,121.71663318878119,0.02038895017068825,2
2.673300579968595,1.5370841348719504,73.73326011387014,1.7206224433513213,172.61742717144512,84.76562298778171,169.06235950676646,0.015756649483955647,1
3.5743266824399207,0.5118246393491248,84.94828016074428,0.5394271585064105,158.93041814586508,144.55580456482994,149.01862000959443,0.02429748677291065,0
0.6236969231642449,2.022168743010129,20.936005258389955,1.1759315718954135,123.31736265270769,142.70131044403132,113.412864917073,0.07948109141998558,0
2.8798298761816277,2.419953872816001,82.90623774063049,1.6378328427001865,179.00748195443256,167.70832032349054,184.50535525888984,0.07833972077548314,0
1.3571576401366827,0.7080673856407639,53.31485354604551,1.3192167056950659,68.05471426703446,94.33661670085256,248.92766981916125,0.022723102405957735,0
4.818341688664141,1.2623235814213387,50.55610825973521,1.477214131893605,186.49115800885534,112.04382134240076,142.09883424759062,0.012788979242561178,1
2.4693736689276315,0.2609844707406158,48.15097767972984,1.2750145889080131,176.96618127250233,105.43494457086686,173.90443140495938,0.07167537425909487,2
4.049363493898275,1.4198848083342728,55.829042672143835,1.9878118170234664,156.24152384858542,169.88530394314344,135.73529587565508,0.08697536049186798,0
2.796110056565683,1.2818194325243675,95.05454980551431,0.5819323047335574,172.68316131931238,147.70628243544888,229.08126485642447,0.0778696925959164,1
0.31272141098861395,0.4038693861799401,59.33833955129364,1.236567232658566,131.5723260263999,156.40184917673875,226.98245907202784,0.02825190825535704,1
3.20244174041071,1.1330622221392839,95.78597844368252,0.6371248236717766,151.27436436465,58.63375763611752,110.39147595115494,0.06253911075028021,0
4.761876376812619,0.86855639761208,26.226111755407654,0.7396783431703556,134.08971060616682,150.8585370015424,232.9913086204703,0.07816291485629871,0
3.047897918717023,1.328485644497714,75.17223809493699,1.0745575256273927,103.3142795761924,100.61702724804957,105.75648087953141,0.03302458340923356,1
4.114025411191272,1.484853121800558,83.10155847478725,0.7333101372507309,135.32911960417664,43.2674155962906,96.22479313630683,0.05749487212325077,2
4.432611670407198,0.0708141675876633,71.12159482013757,1.9455307489349765,88.61979987978886,48.41236938405984,190.9988846692604,0.03830143635763933,1
1.2175908825497692,1.9144646582264109,64.62300522038863,1.9201846650877386,116.04187562611779,134.90711156287824,145.60369799788214,0.030301787559431907,0
1.1390197155503108,1.7968850150612652,60.833150297756404,1.0041644693309058,92.11631108903649,92.08174176043579,170.22590088851803,0.09726303940937674,0
3.0938068453698597,0.9474016462059796,87.48374343208263,1.4596215680565194,68.43316841920836,161.53618025128725,190.9370329293688,0.09213237643482337,0
2.1140395020528535,0.17969304214360476,83.94819374480501,1.3006299808906792,98.27927845848592,142.79823874262132,88.98233042480743,0.05011009578563384,2
4.2153203840469295,1.8995847224733735,21.005984906253957,1.7233804707736529,177.7980827277156,43.03520163337465,129.8020390854689,0.022310025495757876,2
4.510113304650255,2.3901791431714243,86.37288913277904,1.4411684147254133,107.16211559634586,136.16436365704027,158.3540730007074,0.07551165729885838,2
1.831764758583319,0.6383714102539348,47.26617574963982,0.5003786817358431,162.20054734533036,66.92934618252987,125.31985966700842,0.03301310171153983,1
1.2606657389749623,0.8426353036557429,32.83271469962297,1.6447615784146081,76.2796781357242,99.1615596185477,88.32513532853856,0.02516660252542851,1
3.9245750246949234,0.5003415792304466,88.27917112125333,1.6202721819441772,113.66287387514623,127.46292829721479,94.73501744927907,0.04433761159643662,2
1.4465495741858672,1.4634935021948574,48.882231967036745,1.2645840583497217,67.22841040027649,162.18049778139698,216.29713768813468,0.057686482825006526,2
4.130810160717024,0.4293614168862646,82.7528221159135,1.8543784598495807,70.79315950512346,103.85370437487148,234.93574906619742,0.018769629683837316,0
2.176317442878938,0.9226751614803798,33.706325076026005,1.8626693085356023,142.61545698351037,153.18866358675882,105.87966141317631,0.0614571825743674,0
3.3709945065282056,1.7576818841389443,10.353638927999603,1.2858675150565957,141.12227261735165,149.61519279208858,122.37453273955256,0.011381353728635937,1
0.5681230377898742,1.4222841583729038,54.591327361264995,1.4119823467948065,82.00578610322933,98.03539179917615,190.88239880428182,0.0902682154533778,2
3.156910690915208,0.9968332826034415,19.020543097859584,1.9947831078870086,121.16347914331979,110.1372228806064,242.22620193571603,0.09286675203509799,2
2.313661625812423,1.0796115244284779,77.89383599724187,0.9482303522171263,179.49592504669218,138.06790140697382,130.93025055265608,0.07597636961606663,1
2.974381469559823,1.4271716624269124,34.84676224624693,0.986925863467216,76.13022630147243,44.36078085057156,225.38631646012018,0.05198944677167599,2
0.9232696179498308,0.0643685833235452,49.92810819431308,0.7741608539952445,52.88157996102723,164.71359793189444,166.024189556564,0.032940664350698014,0
3.710681350226493,0.24234917771134418,17.833020858239884,1.843800408736802,147.79927109953584,147.7742623212771,242.61496864373268,0.07697008816402569,2
4.32770567996182,2.2090822660193785,35.799332360252734,1.6167325849238994,58.02473121330275,74.91822339632625,103.16397261279252,0.09386174817568572,1
1.1620250204448008,0.2408035232736624,80.33412189327147,0.6584642733053628,196.9910357858669,177.36519344645657,245.5243076953577,0.02426803344076956,1
0.5690013220487925,1.7816688107157377,23.64291207120875,1.9726510267969486,141.44304256983213,65.11464936254663,154.96636673101636,0.05192397903679283,2
0.21582907162704834,2.304093502067179,68.24436050142617,1.596442562241674,120.55945292659584,167.97213431861624,241.9995263724645,0.03837354724323354,1
3.2456603521720035,0.7131748305392414,92.5683267524051,1.7757831644074618,114.49888100364602,85.42628416523556,157.97733689875827,0.0421067610141319,0
3.074760776835026,0.9577040207958101,71.18530837819483,0.5722261837598014,135.9605987775397,146.84053942297902,170.11396280049829,0.04651820031906393,0
2.778817322298943,1.443857444319555,82.99195203630042,1.2574413784132514,63.59366550803224,103.89272305471232,216.81175166214456,0.09566167099342046,0
1.2365407709682796,2.2101869756145325,19.80744663735242,1.547897430090559,189.50285882292437,143.1054342430003,202.84684512569697,0.03327734510812843,2
2.015439379937022,2.3576686887880296,32.5658643401849,1.314419876857762,143.84631028278164,61.80962671151128,185.33256447093854,0.054340825518415604,1
3.0129340424122484,1.861929957872607,90.5084967016532,1.4999711985489161,77.59677464163632,77.7309041741076,150.88660401022452,0.09563387244956113,0
2.5341576084099304,0.2622184140940004,74.35950522562803,1.7268110953857088,134.3871580646994,53.98009542608359,214.714522457933,0.052845120119648564,1
4.940149049052947,1.6894276810603845,67.55984437395801,1.0615055944402942,69.98847587495175,161.12015740129243,241.19881665918447,0.08772395697293081,1
0.7685547875279923,1.0552441185880221,69.739006250953,1.7730030134280645,52.63290763374682,81.48101828772991,81.66785248031456,0.015288829689275285,1
3.5062083148332097,1.203217448753101,47.27804988741791,0.7443741571479361,144.5775477820997,137.22667211833289,179.9336663969524,0.09577273766169124,0
2.0811619637110317,0.17041355634568375,14.01009684558879,0.9063290825395621,147.27250128051918,154.83096768381392,227.21675792631925,0.02687780323234458,1
2.1981781131355125,0.5181022413985776,80.5997387863656,0.5650184298909886,137.55448742051232,166.19855309310844,191.02913134874473,0.09819415312581559,0
3.616229051725064,1.9867583384574372,71.08419125938184,1.0466402170028766,77.52248065400346,54.88159614364049,216.14097383166725,0.02580191787326936,0
3.4929371414894117,1.1621991409672565,52.552401770145224,1.0698643172361804,140.51447877421506,165.02209069176575,232.1603876543275,0.049992935301547685,0
4.9571543691407225,0.7890724919963148,90.97836538314317,1.7079058958108764,58.47664113867797,67.61538888230072,207.66167269501983,0.03777530424152901,2
0.7291320183252137,0.9908467312141476,40.2543698486589,1.479696005434484,141.38575333578837,143.16628162273463,201.89295823201024,0.048990827898553975,1
0.610137281982415,2.1432788076479166,36.48895698081123,1.1550838372335,133.10255286614282,142.03886271104557,244.0068015318661,0.0325472265932973,2
3.649260203930832,1.8850475926421446,88.55166925714985,1.4781709679356223,148.28822462586493,41.19043984373359,226.82639184156736,0.09687856711848777,2
2.934095893331405,0.7171727230936529,81.72888892830869,0.5791750257735367,184.32134086285907,70.88734716343559,218.61423782907156,0.03751524856657826,2
1.443387266143049,0.3378795085203146,56.348182958351025,0.7704073040275641,177.55371578593048,108.86719205308142,94.68857128021894,0.06879474208578007,2
0.48915490804603445,0.6673956430279758,21.766126551206497,1.4404217828626324,197.09812873438082,98.8048589328595,120.63508013370104,0.022370274063890964,0
0.5197254230225097,2.3058533050840975,29.35643243185472,1.4620502288379533,196.43615494048626,168.60028718384535,174.64852413526523,0.08419487363648955,0
4.4815352858541795,1.4748926527319008,69.0605191367926,1.6612019880611406,165.84795400606288,90.36372173035323,200.62521784571834,0.05882571491585621,1
1.0401498911218403,1.3570265114247182,44.65371140563705,1.1044996385804033,193.4629433266592,171.17772007703473,131.54653186108106,0.09815015120781843,1
1.684520654366052,1.511164319246531,85.28258724993741,1.5838311449242344,180.0925828833668,104.32010457495436,95.86577923053997,0.04810619951500917,0
1.2106163709122415,0.9467692510789625,95.49595083989837,1.5259704988402842,159.13736748424594,175.0094055296232,132.88686175859212,0.027590308747899438,1
1.8394818985764931,2.0274121997828063,82.50732327474265,1.9450900675547735,61.30763819656328,143.22967340348055,211.07496069868827,0.04114170994968853,1
0.44017682945585757,1.3320513107856122,43.979088069600145,0.8226953396370187,57.35748324048316,156.10684282850184,229.15817498803344,0.07632690454841448,2
2.643392975450525,0.33603236178354906,80.98177863082816,1.3275193456289593,175.63993512586552,54.68276436886014,235.19362021853829,0.06931958688962885,2
0.43130156160185307,0.3662095558312043,41.629750612361505,1.402646663165704,123.44837868075474,122.05980065393149,144.40733545450513,0.08005126668559527,2
4.021746888329572,1.365304908931415,25.03900789890705,1.9979718274013312,172.19100265623814,59.97805037610911,143.3315577262334,0.01661232629837882,2
1.2451892013611219,2.344597034273556,13.005388437927166,0.8017762132499775,96.93774059828291,81.66694028713637,149.14027006520448,0.06223318978103079,2
2.746058381562102,0.805462698106687,44.714504148491805,1.2848270299509383,109.64747874845193,127.29915686341754,143.88760980164614,0.09389518093326743,0
4.412387529051145,2.180375863705085,91.32033733275537,1.0192779615704584,155.02800815178978,141.67159865714473,193.25342327622565,0.019711172753341964,2
3.2892991083312517,1.9220341871182545,31.508792898010885,1.2888394528684997,187.299010539814,45.48572948157512,140.91495456243877,0.0184901733021681,2
2.7114931541015435,0.6571404851219219,28.58618484368056,0.8481929031546589,63.16422117183289,114.33212235013106,83.45846922442179,0.07449439280675625,0
1.6892353902653408,0.13903483337479403,97.28387067169363,0.5714185676412322,179.22172169519095,119.1439580805841,154.63418211693818,0.038366421025978176,2
1.73170937398517,0.29952579959883774,12.250370156553291,1.3588481808465334,168.95190873190478,51.03591959542816,118.10585125035992,0.06927212893248164,1
3.380486080471132,1.8348101379262287,80.72039353543789,1.0037814737912483,97.33089060947819,110.0963247881069,84.8972134233854,0.0590846061745324,0
4.971282869983721,0.5391908581995845,38.923296016678336,0.7729121026226504,103.28249211973394,139.93791920697572,160.0433017607882,0.0987459992505915,1
3.3430120302619555,0.9596137552382149,13.37391611826934,0.9859033491170506,56.96922158328644,47.451819882574334,115.01227506370982,0.09001507752593867,1
2.8331387451131222,1.279162956715741,92.60222861886253,0.5739203021716174,52.3610916675077,146.43748868535468,156.96610852275478,0.07102655034055405,0
3.6801875001723063,1.8273970127028991,22.567809718862527,1.9256633511351549,121.55091895365936,120.69971068657915,127.2174977237487,0.03355071634928355,0
2.3795075001902193,0.3274164969848572,59.660135535312584,1.3717218724598907,64.33094682459658,156.65180915805072,182.63050794767364,0.03357173459354226,2
0.39469747874384753,1.0455976929297808,34.6648786686593,1.7221530220205372,79.10027216228195,70.52876019956979,248.4491557685731,0.08940194205120514,0
2.855254397801758,1.238428627399604,15.867352196622193,1.1346772963215956,177.01507992899954,156.6583157898366,173.02942652098304,0.06268069587478538,0
4.792363894076363,1.3750263067302724,14.493023709704119,1.8549720013492785,135.65425868756788,53.23853653744552,189.9723058717709,0.08103536038468921,2
0.9589844175525323,2.0549835714182807,20.400102895270493,1.22497733232838,145.044865589917,96.53615750225399,236.27687881770422,0.05048777858831472,2
3.4810239650212624,0.4706115778558814,16.423031250044204,1.360917983301004,78.121899624788,67.9278708134508,143.58007101326558,0.019276627298637394,0
1.0845750744293767,2.029187056975225,78.45023039679306,1.2376909700939853,174.29927066816293,162.6429165207224,108.31323646354912,0.039941781241566346,2
2.7255556539180983,1.7475521478567981,53.70095820550863,1.5999174438014774,180.19696586596214,138.68877428224835,128.07553809819404,0.02450342748595269,2
0.5737146032689262,1.4118834947874506,40.86028822140817,1.3499841164030935,128.4991390569565,43.55064880250195,148.47513992147339,0.08036495347829521,2
2.3068175876651074,1.7638432824863013,47.65320191188064,0.9073983853705966,186.88366578179898,41.33326978595386,189.65300581349248,0.07304607906913811,1
3.805200311586706,1.0594434604315583,93.60520620153609,0.7183092969839695,176.72429374318725,80.77489562743375,80.77996500305258,0.01795716301492366,2
1.8031004687710124,0.3890740856219052,91.96766314643325,1.4091865833244666,159.6986265011657,60.05963599927915,225.07514651038733,0.06592468588856894,1
3.358067449987369,1.68112483865015,74.41088321103192,1.2337699423205544,160.1113873540443,128.2426268584274,92.93597541847117,0.0886721956295316,0
3.9977048078696735,1.3354471513797748,89.6214139679519,0.6439635450441694,65.8090210926295,132.93157074355838,233.11137531615358,0.072762786585997,1
4.643171315449318,1.6164682613298003,38.768322482886234,1.0934261986899025,90.62540565434986,171.87312651259145,241.4038686048328,0.05600007216859793,1
1.2497462010917226,0.8780970135198006,44.29983934074546,1.2721646330006804,60.02708297265141,173.28558943641772,248.31747499906277,0.038067695644499855,1
2.05664798746561,2.271823114482598,65.23409636688052,1.740339850738385,51.3021813839463,132.24553875758838,217.61673134916919,0.08983870746273061,1
0.8468384653190455,1.4890561780101637,66.12633525675378,0.6141515837500435,73.74642970758651,40.79451579937922,104.11543940982594,0.04805243939269179,1
4.963169160576038,0.2592360865126409,53.35298542111069,1.0227430223690044,182.073077397041,90.25970831974601,200.04839734828167,0.08698542222104069,1
4.642304742829047,1.1520197772258505,46.059206359415796,1.733984184065578,85.98110885540773,111.83981185461727,114.56461940339,0.08046998543963774,0
2.745789938374742,1.9030723341219042,98.75622804478256,1.4726358976573681,195.52309438875827,109.88516591118523,232.51173204866868,0.08346042687527738,0
4.225963142444464,1.9956296762440675,83.90112635059519,0.9349374827056802,139.59364993418092,124.46768813031173,133.8230073614086,0.09908177681454816,0
2.652694088633007,1.2617627792712092,49.14821780992407,1.7680026830339637,85.58877314520356,174.47720759266647,135.555316102757,0.0773882664285668,1
3.155569871213523,2.2421315485366877,75.45632295156116,1.2399403708440384,124.56962052263192,163.92697687372151,236.00106030552735,0.013063684214678357,2
0.5367097173684815,0.7057876711260291,34.26055239272135,1.2475278369656908,82.8642234050173,55.24712468306836,82.24928203322978,0.028489054148267044,1
3.8008250604343594,1.0559668082337532,19.01523936135969,1.9648810088005764,197.5960337273561,77.23725479507505,112.97424575220685,0.013167563529264808,0
0.7257960698126507,2.251562430893977,41.71879229974665,1.9206747548545677,177.0897475857446,156.6353184387491,151.72848531578737,0.02709222129475216,1
4.147731388237389,2.245828955355368,46.26755201110548,1.037799025054766,53.935818317349366,155.40296723468896,199.1226664427328,0.015529555961750197,0
3.9319376295848913,1.7299962836204683,11.488341210460373,0.7108686929946235,192.16640472012068,78.55190137703394,190.086248227605,0.05514553370676277,2
3.572849018940585,2.1545023404494392,83.33128014723064,0.988500098417141,158.1597660954331,142.28232429605674,193.80001877841534,0.012538559181977004,2
0.2771858645713344,0.26749450404277003,42.327406215026336,0.5457248904670821,62.35718780319175,134.08523302050003,229.6037448298129,0.05253211896537336,0
1.5853289441321103,2.169237691709052,62.23763492021323,0.5311518300655869,150.59566194896684,106.29335509579461,100.57517008985363,0.09089568164080108,0
1.3892515925631301,0.8355187710480557,16.656686854386038,1.0932832043771288,147.03900469485282,68.2036933750641,168.76748835719098,0.07737184113173286,1
1.8646683966104438,0.48691220544913,25.74971458755256,1.9115297340458512,82.81831187113752,164.41004532517206,203.33120714742307,0.09495603312865805,1
0.5294494591428089,0.6364560990380136,90.0724352794804,1.8070360118483118,163.76700500113634,134.89916580295687,188.14013529710797,0.030398209638086843,1
4.6910933328522075,1.0740228446340234,64.78187750945207,1.2671642508764345,63.05970549694507,63.65900948297246,156.21340038967548,0.057797723476476444,2
2.813630979490644,0.6654204112809448,95.5255645153437,1.347839571756246,123.41677718468718,138.6723282777205,82.90947959826788,0.038672150784925495,2
1.5970691222243156,0.8353905857404228,99.88750309521852,0.5089002451190847,51.48848107446319,143.8007207407772,90.27688516014038,0.05444378161228307,2
2.045209433663989,0.3806972908755231,43.467410379978496,0.8232517337506482,195.31062333421195,164.1632399169457,100.22002556515223,0.06013682466258597,1
2.291292448473695,0.7756330756195465,36.892275767494716,0.5371611904015756,162.7345447665364,71.1974957338709,138.3487179820118,0.013256751742827866,0
3.042912233467025,1.452095345627903,87.25204496431871,1.6318092990430813,73.8278114239484,178.42557475787692,100.00108695341497,0.030993052169348487,0
2.6268291957128396,1.1325415848231069,99.87502843337087,0.7184686940397467,101.25110599269244,61.475079153768974,152.4339932206434,0.07342955013195977,1
4.605020668750645,0.8994609650279825,66.66771108092115,1.8035706537152254,74.08435667122644,124.09644486034163,110.36913839954849,0.07956352220862697,1
2.5351210662385686,1.8788077156999294,81.56266502603701,1.4649864705136824,164.9926196193972,132.00471073828697,212.45825357945503,0.0612506230738753,0
4.961574272634232,2.2390994299136286,80.3571272933747,0.84412801477357,58.83444881415728,98.65340533722048,228.15289484107666,0.0343746125153809,0
4.271982292950969,1.904133596110873,41.98057373975922,0.7365804756248746,176.06099833455713,106.50527922785412,146.2400763545899,0.046457570505046605,2
1.1217015203509457,0.8634017201883141,61.684334223137846,1.4414370513845798,191.3294508253595,164.72741354109922,166.92640010365858,0.018643313069324614,1
4.65991655175519,1.8738833112020068,84.97512471377922,1.8512554704234851,151.494191420945,130.33839215316465,242.09436106536006,0.09578616551133326,2
0.6701953496388329,0.42235144706142547,71.930248863495,1.5775403283715725,81.94481750021512,109.58013415285608,171.03631840926545,0.08818097240892595,2
4.105503571606839,0.36927907082366274,11.904743258383444,1.0228199774050664,104.01351437203262,57.96893874069346,249.16244669338224,0.015904211221671703,0
1.9650541380352426,0.8967862407385895,40.303510200778014,1.3810753929029707,121.5859812213397,41.02726753123885,104.16226892764928,0.024984159909249744,1
4.402074170180841,2.0288708041579397,23.002812693514482,0.9661425430586321,140.69371583033808,57.495606541256684,226.57849150143872,0.06229849970698782,0
4.353477781526506,0.6535532057436396,30.96749908702352,1.9987243501679883,150.2994634717531,173.86583944671077,164.5245104544041,0.030918706671629437,2
4.049034460576344,0.204970851801765,91.49405297421931,1.6232587826927767,133.13220729783242,146.97214961878632,83.86139891244359,0.09409606282127154,1
3.971149137904601,0.37268836125557,13.320396001969133,1.4215724596351305,102.69708812327836,175.3962858514347,245.27790004468923,0.07800315227839671,2
1.5929277815804,2.1539251728974715,29.782064076573135,1.1348887141487438,183.63759208473545,44.999219359144064,244.05814295637086,0.03459623616199745,2
0.4965044869511357,1.602769047630855,37.86124170144083,1.427228435389336,62.20880870269374,135.2308565402095,145.15604283109082,0.010549127007142852,0
2.0746028759492914,0.6703428502564429,65.51956647697554,1.0124240937010023,119.93840813652426,46.20109369647852,242.20415208460383,0.08195026520826773,1
0.9502701234338925,1.4104747720540445,58.069152107727895,0.5432972591870462,166.3347257701221,149.48790564163525,103.97163918055277,0.04816807386409591,1
3.505260335622063,1.3425700749421086,29.644253456804748,1.0926327835349492,59.130899793710135,93.3330241829272,195.61872399051597,0.06781399406719994,1
1.7958886600351494,1.6558181471796203,24.7816960500839,1.8957212293698005,155.80028252169518,53.407150414909275,112.62792777093188,0.035827734287916774,1
4.880489984213583,0.6213095083329601,31.311823113650693,1.4394516421607988,172.95674341299875,119.52652985025215,121.9300301769207,0.02285859334223539,2
3.240763178992127,2.1677873186262744,55.227666403149,0.6259335546063525,149.12469477905785,79.21682752419434,212.48736432444292,0.07077804326071713,0
4.1301547618083685,0.8079529770960315,34.40600071400831,1.8274904200925388,51.9405338413034,132.3403518620546,144.15087437610015,0.05052921293319933,1
0.7493708964350573,1.7506225522417804,95.284225144695,0.9033122740122723,77.02055406983094,132.14446633193063,81.2116754808656,0.031165273096298282,2
4.3238709631358505,0.08950538361192649,51.74786992859628,0.8656542396240912,101.31696183379262,138.7010463769054,150.42053211325106,0.02238651996095829,0
4.621510233515632,0.9630099682406609,15.291641489017335,0.9456364531704813,85.0535053457069,178.94511102888626,118.77178450760312,0.06224316349974702,0
2.4866034022127863,0.9116890539990804,75.633976525297,1.365803354188936,194.39782103411412,94.13767939263676,196.1660853049095,0.0752994946186817,0
3.0706393949797897,1.3815368500283856,39.596075938809065,1.3170321401509648,147.73908711706906,105.14416642791413,113.05627844299505,0.03554982659108038,1
3.847568024424678,0.2282038413541314,68.81400388524227,1.2371206319343226,94.54564360273554,152.64563814354773,223.18309983420087,0.07616282818124116,2
0.9567092735760215,1.9858218656289655,35.16349334709088,1.5763052952689405,189.45462479981683,120.97180322306394,125.40581205838792,0.026480997885949473,0
2.5625737746708683,0.583562964330543,61.366936755998786,0.9748065970024384,161.08912992142803,45.216009496291946,146.8148039081123,0.04045741219855984,0
2.053448836084334,1.7087426464609252,79.49372543267182,1.6730967823586467,92.6910817740563,158.0309928363799,130.66626633550666,0.077039405811996,0
0.8172325615950207,2.0178697019480283,93.52078675970985,0.7629825175678987,106.83223541029331,47.20981547132573,189.46696912759217,0.06941291676823715,2
1.9009186692285043,1.4265985427917074,33.501442998976934,1.673931183615514,79.91432874559351,63.9148191088498,97.19780200848744,0.03434712642135213,2
0.43404431598891846,1.8651638564688646,40.13712558990831,1.4957151578754242,195.66109973987326,54.291195376386206,161.2768933587015,0.020992150139223984,1
0.22647834405248624,1.6715577649267637,51.78397782573457,1.5248124643213798,127.59447438351098,50.909798603356826,136.85731858655987,0.013822608245251774,1
0.7623148168586316,0.9210480030224187,93.445735396239,1.22233009569089,184.4085031246977,43.595882542659425,230.3034537590135,0.08541236619273572,2
4.819264046786952,2.031703420632235,91.12481711295914,1.500502299021297,101.97496565252715,47.70387995613143,92.4800559076467,0.016762775461107403,1
2.792694725885583,0.7720183562195436,18.089045209057424,0.6196955698391862,179.12624046462136,101.9414864850334,221.0481610385853,0.020336063698574904,2
4.832528589650778,1.4494716484912171,21.873684317842976,1.7773266755740509,58.083027264074595,75.39931779756594,108.50568101008456,0.031393956724780035,1
2.219239603817647,1.876224460896772,54.59582595975744,0.5833208502314691,197.3135476286432,57.715163678634624,95.05820218809238,0.050110273381586315,1
1.627899052117772,0.9784419790406437,19.595734552488114,0.7231122648072462,186.8051550549954,132.21877598171363,114.39488588091136,0.08108083722128465,2
2.5800951279171964,0.7917806386626914,41.10227860138277,1.3651845627458545,104.48044171649823,71.65566748879618,97.45100694200777,0.032273229334699546,0
2.25360727430126,1.1753977249234158,23.354684039572987,1.6091171831850373,166.2083247971866,42.65288174827332,168.56727119436135,0.058915742352377676,0
0.6177569528825452,2.0540105611554265,67.24363196186972,0.6143773465193803,162.8386889710739,98.57876972742588,247.99654199568283,0.018133526984503878,1
3.240048941982011,2.3283083197068786,95.45458885652455,1.8811472211834797,185.18821956543974,83.46061887696271,85.835649827124,0.05180599046228724,0
1.1585870942970382,1.385454361506731,99.70603932649433,1.9604114732010478,96.08824716932168,84.60462038850898,158.39181938430843,0.025987509403957748,0
3.135980978999365,1.6705922030429472,43.771701924722336,1.4089252595115664,119.82800079712243,102.33780394541861,145.6319559483365,0.02900724030015086,1
3.2859853527509517,2.2630203744853397,63.91113734031511,1.2218651830652547,179.74994189090796,133.64794981279886,137.73309042188805,0.04301455906980365,0
0.8449217803303758,0.2914397859617089,87.06408881716732,1.6120924584196246,166.7869181202824,126.30707680531916,136.41681377367135,0.07852129288307717,2
0.40061317284227405,0.6185925157721044,20.571586551674557,0.9925360284908081,109.02000781104186,171.21662537044259,232.15216862649856,0.07695877869102112,2
3.9257317717353555,1.7868050153163773,72.06079699467685,1.2398966511576597,176.85878493681832,112.480333282353,83.22594553542869,0.04734756788367881,0
2.353022076469669,2.068173931685134,46.795929555256144,1.8742265402216018,57.043105884860225,106.1597873615101,211.73578585462351,0.020680403877316775,2
0.38500259797683145,2.1497211194099157,28.553154425214768,1.9334831378623003,167.30694544444853,69.87802093036558,122.99864039701009,0.03526224580215517,2
4.974844954131859,1.067012583294585,46.24782568726978,1.8906036740767775,81.01487891505509,145.75338043874194,145.16023683898771,0.055482019887712446,0
0.3831247488821965,0.26888276061507377,16.836425826842518,0.8936721004457602,92.91813617356809,59.70860866999986,151.4254851842582,0.08824706008256109,2
3.505672621406911,1.1225646193840688,72.58664337303752,0.8487035603251452,123.98222653933905,108.75860457486777,131.80439819253638,0.09714291533319974,1
4.920026733790727,0.6152997460072819,32.746840187360775,0.9464967588939714,117.46017516049609,98.98510777424222,95.90500651201764,0.06737238415215221,1
1.2719825106580356,0.7634313147417293,38.02650805403902,1.1619666685826904,128.08551603048215,132.16212297661644,99.43624430100391,0.04156178414476612,1
0.7970219065672612,1.9420555142518894,20.897316841731644,0.9712511191879454,131.7163393508036,168.46700579393223,130.68229109404953,0.0724108108324941,0
0.6947862031699016,0.23504136076342286,87.81932025009026,1.061319193608587,99.72915365472454,172.52338280975115,219.7075389908326,0.04026071222385388,2
1.5860482230812183,2.07757398282772,54.409985135446476,1.4309554281811394,76.2841269525545,63.49189740284218,102.88670097386002,0.06629261080749459,0
0.5951244739521688,1.0977892602692143,61.49321900077602,1.643788515640964,165.2721843930959,76.65441055740494,206.24877163480824,0.0319389914526109,0
3.4915905743012465,1.510356631196458,61.24894147853691,1.6033372974018756,109.9964223630713,153.62894479505894,129.1078540029789,0.03402898311082402,2
0.40522981083730725,0.2696479665274136,46.94438030872076,1.7216353506187279,125.87612936885886,112.559166742887,230.1890389690558,0.01677030301370108,2
2.59616842793397,0.8765297419753352,27.327692389432553,0.5482766048231033,146.70450775266772,103.42483956980246,152.81584081810894,0.04781270369918575,2
4.983814583879586,0.26976725158637216,77.061947364856,0.5716006845181341,186.4456883459984,139.48756333329882,109.19296326055385,0.0656357068086101,0
4.088454320579492,2.4057821210587185,21.43506388219069,1.684074441032944,156.13292467103298,124.26949336497604,247.59355651878676,0.0809915449429559,0
3.1145752473319535,2.027791040849314,19.348641125092946,1.2996182334869477,56.818883838557674,175.89996761898684,110.02786826908496,0.08293136903539243,1
1.6006427418543974,1.1761002481733276,73.91305338368531,1.3672110106431805,175.78405450970263,121.75645132035737,176.4953696094858,0.09932000045564475,0
3.157089597829029,0.5978262433929943,28.795331840678543,0.5788802903215656,198.40325226912788,105.23633568861545,176.77870127634282,0.01789801532532657,2
2.682503173167093,2.336965007862138,37.60954762175491,0.8829707017569064,120.87275380570732,115.9944306909446,143.3782867002226,0.0543823091601246,0
2.1878085810628205,0.8942616595310809,52.77047203015662,1.4575314573282165,195.4385504681901,153.19557433757626,241.75306073335227,0.05692371178621721,1
0.7404808460269775,0.44441185763406815,50.44161850565916,1.7887728351660142,132.0993113514724,125.77450794993092,223.45867560999437,0.08240800837401031,2
4.444360654678287,1.4297527517121895,73.77212125584992,1.8754750957721038,118.94239938079247,130.58673279414046,221.06932534250114,0.033972266402996235,1
2.3039447792244805,2.3622465948447995,66.10886140990249,1.2506292437526225,99.71071470911826,176.00144320512288,245.60582902301124,0.016243508794552032,0
1.053650307921749,0.05938421172579031,67.99565460536792,1.3182113491072964,148.63323137500083,126.57536781956402,157.70858749337384,0.03823829292415777,0
1.9020208192987194,0.633405865972297,74.26488975899116,1.7495744466034864,84.4730630787567,93.23993476683557,96.52158185540497,0.0985535046157835,1
2.129235787391743,2.3491967190054988,36.335145468111875,1.306436901121032,65.74013277716065,136.78564378179152,210.12750732646495,0.09094970780421277,1
4.154935688277684,0.469160618800047,39.00999806204263,1.2752877883059761,54.085565387632116,132.3243155768236,144.73813850682876,0.045572226485198646,2
3.6947104647508704,0.32744645651755866,49.41979731059987,1.8576260566414304,93.85701690728956,41.93866897089347,112.35867580659811,0.08886447988705545,2
3.8695939788425653,1.446958678709521,37.67159557301734,1.68489908158382,109.36562482505573,105.42610155001664,162.1520483474431,0.012947903570499285,1
0.15405319570037135,2.1615173670723333,98.64440820737771,1.8636087895419418,132.81150444218719,144.0065044035359,237.37221982841777,0.038278366971778055,2
2.139154591080832,1.218919053350119,83.26467337792867,0.8273705821717308,93.91247377805097,109.86580408095806,109.13069323248683,0.07541306631887901,1
2.458586343013086,2.4866824288770855,24.81892194304266,1.286563229983035,197.60893585781167,149.14695903095452,224.27879858905612,0.029930702591515507,1
0.19404215643297779,1.7139706638680825,10.503474029368256,1.7637081928900369,93.76177523617514,103.12371749986602,151.09484007456996,0.027855185633857603,0
1.373084722850668,0.23148352266559696,13.850494142254107,0.6667217412006634,116.14630826696131,177.66502366921299,103.25633671953413,0.08756267913679361,1
3.825420133298462,2.4824387226208398,31.965710593863275,1.6919932314409427,65.49142482978505,81.00482248854442,224.2249916780716,0.06543585649690695,2
0.7718375580720954,1.0493408801114665,20.28621572531709,0.7744600751223042,89.09397700056135,52.8971651404503,244.83545800254285,0.09901204464808323,1
2.7230196441176995,0.7541362079214323,58.00043034033149,1.7121781324779817,57.249820968348665,100.20165216157363,129.51602169195198,0.022120270865123366,0
1.154489172884464,1.4168039997658197,87.21957004546228,1.4180014063353021,133.9262950155992,115.83926348234867,131.6011556731517,0.0420515566509832,2
0.15939179575507706,0.7955535999611176,76.30751988219046,0.7898539872273007,162.65970246986475,88.87312243554462,146.39281711678865,0.03800920346233161,1
1.2818871422377534,0.26182089244437323,29.40481567739714,1.2100312689992017,79.35647215041018,73.91936241651425,218.40216195833722,0.08921190139470188,0
4.881781399059264,0.053499440543982965,45.936933042320724,1.5228577496911573,105.18664067241062,134.08821679396846,81.77092344571497,0.03297668680387096,2
4.02753184822665,1.1514792146546429,55.710478857814984,1.4507793513253135,52.49243400907409,92.79751397987529,118.07261379538085,0.04181148979067531,0
4.801925557173064,2.100315384455151,82.9185264553002,1.1408707943475567,175.9283083583318,128.39159407408917,200.00296788807543,0.022855048810788474,0
2.490484815239176,1.4521722047936878,85.52094427955483,1.8490497933813903,166.99452873975042,149.07000280382863,148.95870658253943,0.07978608843842684,2
0.6377073735197671,2.49805788241143,91.87464807169984,1.2788951217317663,59.488104631143855,146.54036788640332,136.15025590458168,0.03139329555629676,0
2.7850014959710956,0.75277428183564,55.83207254525877,1.2588009477930326,104.73014139806169,92.54330348899677,228.28809111334297,0.016148824500899755,0
2.3264489393438086,0.7371149086621357,72.48472717922766,0.5933758849121814,193.29299207742432,119.50575205302447,235.9467664248607,0.049159785942180706,0
4.237349705424118,0.44138617757316334,20.062033411054344,1.8831805846964556,108.80405841184655,102.95215142198393,241.1576572582532,0.045231231156538126,2
0.5806046458427985,0.45195579125007124,60.87600639585839,0.7656748530175594,128.93130150860242,161.91273537935245,126.33359055123043,0.025984828387483797,0
2.4923815714067135,0.7487071602246173,32.382262852402164,1.2925170401548314,103.28642915155328,163.02618717199988,235.12714362164817,0.022023780390641397,1
0.8352384570005229,1.9924581109201416,48.854519652395,1.7053514021004652,139.41970821923928,88.12382160432514,205.2841443036391,0.09069014920449348,0
1.6909120417612942,2.2691041370592973,67.06454574760474,0.8231799154334649,196.72353134552333,52.8432427030223,106.21650724305871,0.01610600378961075,1
3.7130496792002186,2.438963565783819,33.128734406840294,1.2910599349562617,199.62537552217955,63.46154766536273,183.74590481239574,0.018937986102668797,0
2.432488833906956,0.619109652536309,14.696655201708497,0.8610273638350112,166.20724670167868,91.38024389832373,84.4769192821885,0.03205425530245654,1
1.94185259721427,2.2091789867545244,10.921047076788176,1.6395424966998677,110.6466647030659,118.99499366681869,200.4242864810471,0.0957555270690852,2
2.032933764993173,0.8542249687294758,11.994358199006939,1.346511751809726,124.16483012434824,131.95018153502008,204.70647885065952,0.017684582456786963,0
2.3512891651893346,0.3264593340663668,10.75147637623927,1.7839637905927153,103.50969921684582,86.39194648004003,214.18754646114954,0.0834413344068594,1
3.946581064801579,2.181561067524406,19.931955090208792,1.8418370043160743,197.83619448565193,133.44987674735802,109.32925920081394,0.09028469379869444,2
4.471214975807149,1.6084588048768658,31.553984311311687,1.473100223668097,156.16404587381055,171.28359771432585,186.80248996108025,0.04400809673057969,0
4.781139963869249,0.45359069539860125,29.909936276406928,1.5880868692384167,117.33971681502669,131.28197780365306,110.40563642070124,0.03645049598486582,0
3.955826592650946,1.1030865809068564,98.81169347619071,1.3238301498302956,51.81729051644035,62.19913212220918,240.93051417615987,0.07096399554316674,0
1.6454937891652626,0.7537813524488158,37.54054946880489,1.0766430996010743,128.07251215858224,121.15364781686786,194.75181775574185,0.07323711405492006,2
3.4718600598240568,1.8551466933399827,21.467870502345917,1.472176884531252,197.58923025524268,115.86537234737759,96.20539416068948,0.080197944654174,2
2.2442553078714207,1.1608697650294568,59.10062897509822,1.8624329352309932,128.4591363459578,161.8980155257789,111.79547910098988,0.08475101031960332,1
1.347886048025651,2.473735865510643,87.21617098577575,1.125020570647157,77.36400282336706,89.04242772981641,192.7882166820571,0.03415559104111061,0
4.220270739187021,0.18412520653600806,71.02543391089077,0.9716150395606931,53.31406206571623,99.21238540793519,161.03398434713347,0.07182654416979842,1
0.28828910991539247,0.9197874020338045,36.647388022190526,1.0826554078288613,103.20556371863137,123.81226776810911,205.17060325584933,0.022141515185620797,1
4.518633761463575,1.2306554094194448,60.54545438123095,1.1530964453173995,187.73420835449105,113.41954364388356,127.73409581736205,0.055965819838973835,1
2.3612395766611978,1.2826772091333836,74.33703767803682,0.6103415434665743,199.48311622638215,140.6623229367244,191.84598126400306,0.0651598224861335,1
3.2222872363605743,0.8240427648448102,75.5294043130968,1.2476627606524917,191.8051962218004,45.654458727749414,110.08322856517464,0.02455587430088932,1
3.3308342188083357,1.8366386102890417,69.988460976792,1.2414713720750894,159.4129989881385,118.89224268897438,172.43074477137563,0.01688558857475867,0
4.486076929462028,2.193130330047988,88.37293822980561,1.3826657414607848,133.7214092660983,57.03406502054254,242.82593056349765,0.027527165764857364,2
3.2196814426193163,2.349862289845764,88.30949125096939,1.0442300457069973,138.6029219573378,84.12925895276098,186.7977794894677,0.04785298730671304,1
3.108274565324303,2.022478773158839,62.10429034663029,1.4196613939333846,130.84880136379414,132.62776061453465,88.4989149758358,0.08990568800338374,2
0.4265949987473808,2.1339214834011684,48.687073220009104,1.8173244654113045,156.05739573844824,62.037988082904874,248.08956341522656,0.05787229820812545,1
2.6401993075315002,1.3988359865189892,67.74132660085898,1.9332064857427464,112.83098400430286,83.23785697064804,106.66727604030714,0.07736436025605915,0
0.8358281040035042,2.073426154745696,83.63908012334169,1.3754183242115745,150.38060074336482,138.42090759694366,202.07174745850787,0.02567300754623019,1
3.7134254667352797,0.793584577412483,10.508689435706625,0.5638864309554696,68.24181724358016,131.11273395375673,170.5301066409133,0.019538037824970295,1
2.6098874119821054,1.0262729671675754,99.2797308113366,1.9538539959006633,89.85429598422257,52.74555368936333,130.04131692673164,0.03156556218690158,1
3.4331161181209318,0.8264368838554337,26.460439509627932,1.5587930913443844,175.40045582129443,120.81758908892535,110.14278252271055,0.03824923715113232,0
0.3041972129516829,1.1950989718474174,52.322408709397855,1.0039454728304782,185.56233961150866,60.61562466860953,110.20940192704167,0.05932918169399796,1
0.5154808786244358,0.7496700597846592,88.482676135858,0.720736551445585,130.85123563404494,75.31799302002898,225.92794580538728,0.08931189883279968,0
3.6099846015071435,2.4059480335233947,30.253635913977945,0.7151279183544124,54.74534258193986,104.28957900900902,228.39512740778198,0.0483483355099629,2
0.45321324639349947,0.816469338613887,52.91157015103449,0.7516166092094041,189.04603561876522,55.30855526174648,159.07473867620104,0.056691836906047316,2
0.4491579660497672,0.2902091183718026,21.932396216306124,0.5683587824207305,155.30963870409295,179.11057550859934,97.61564869724556,0.01041521823864286,2
0.15933152865094852,1.340702056823513,45.556869284937335,1.8532312829793673,112.10418856330412,63.15173854756016,230.30806765395428,0.012998085660215798,0
4.786856851667452,0.18989274219068208,25.942190931370227,1.3111523492410044,139.75684147992445,149.38376798000462,162.79280264976515,0.017539227993479286,1
3.7137909613491344,0.3208307574560223,42.72649738940413,1.5499391190707559,114.46622516620492,156.1774383032515,154.58961188737533,0.07290946769311257,2
1.8309319016601147,0.5875040035308035,43.611779511344984,1.7421627639024613,119.80088400980765,179.2249557854402,149.25069415439543,0.05375722318947257,2
1.5530243483095107,1.1876581122112473,99.38537106384995,1.6873115094998004,183.02147984891025,100.01145049931758,142.05240955606496,0.027366507867867235,1
1.813545825754663,1.1114647841571184,99.5331726373395,1.8239084355932622,74.16263703756672,162.37323281950762,169.42091861346103,0.06333394948208372,2
3.8958023027877915,2.0092450619068383,20.33076507945512,1.9508819337874277,65.55037032233551,174.05552146235914,182.7720085239897,0.059015093663713256,2
3.340715994245031,1.8617129020160779,75.33719013955125,1.1586059221129092,50.40931167695236,64.2051802852534,159.29347460740252,0.017991937162899617,1
1.0074582825505929,1.0944798202772184,14.657093170219103,1.9255032000025858,97.100056341819,107.12105246833457,232.43018778735757,0.06763714954454317,0
0.9531357431370133,0.8675753085602934,12.717281380346977,1.5849349225142246,72.11206497266411,48.40151463985228,134.00240885001455,0.07904393853674592,0
0.5821386835956469,0.8253485209506717,19.48005048204679,0.6060022854621177,82.99782427071668,126.90136168338822,178.3130156537528,0.035789896693818726,2
3.3354833265365573,1.9462879638703223,96.89370913071406,1.5226746818185182,51.68584739980654,121.39686195991929,130.99216643297748,0.07187399757948769,2
3.8454260448865063,0.17757739524211086,94.67771931052276,1.530074989407273,84.07931220315548,68.57767985284761,208.06950404473082,0.02797475653079056,0
1.39872749879252,0.08141304130098428,27.45350382526124,1.8587908456887907,99.9067372898561,151.70638624517767,97.36058688580006,0.07810559323405704,2
0.20263030905147278,1.999083760220288,24.550510199834036,1.059398198705138,54.7351244614822,45.217621186895585,112.07882945520653,0.09205967522104483,0
0.502641170634494,1.219008621173171,31.64815778643523,1.3773672504077268,141.18561864457217,152.871825377858,216.20423968758163,0.049768041142148244,2
4.84251417074065,0.37065878945626113,56.39922946676279,0.5182813265176138,135.3200523325637,43.73034076294143,111.14359118732158,0.03201598703904561,2
1.5476794096393596,0.6271365397565282,61.27341688318689,0.998112863272004,64.55536677648875,131.95603369908903,186.37687885310584,0.045925903197792994,0
3.869193424406855,2.334634685088587,29.94340873955026,0.5933655892381714,139.25146662776015,51.02773194808618,244.9413868237135,0.03250697253901452,1
3.1608514873858926,2.155782290281,78.09605092809507,1.2828094591473453,199.79808779133165,75.17157270372522,168.8914043402142,0.01011154381897379,2
1.9715042342991902,1.788973373048733,37.85978524623857,1.7261714757604298,191.6703429217311,141.06786890365703,111.85739587781177,0.06854109506240007,2
1.1078675847582202,1.2314518143264501,92.99181929764693,0.8096640381936034,50.400649005149496,79.25667194755414,134.51747776774837,0.013827397776597722,1
0.6947934489810915,1.3247928841688952,69.10504358110575,1.2911615683366677,169.30674669955394,111.56433882048286,219.98787299722048,0.028935166619550798,2
3.113563543390447,2.4393491114456984,49.27160748732505,0.8060129547661505,103.0407914354729,168.134757732816,139.78235523039552,0.0750204600516839,1
3.8957055251251616,2.4161375875165034,81.09208015325608,0.6810327017693607,59.54770555019411,46.94880956512097,202.99693103506831,0.06991525125242051,1
3.255130842351541,0.577409162175294,83.61231634419983,1.2664951879015136,94.3974820574312,153.55117112299428,212.14951069028174,0.01659960208415491,0
2.698480452920876,2.0372061874480294,36.14334450480493,0.6187229314245914,98.26047744694435,49.13807979958854,165.2010840316779,0.06940492669711694,1
0.30556099481501775,0.5332445321091912,40.574308945247594,1.381031946706984,128.4866358963585,57.75127820713473,213.14627534228612,0.09375174006182044,0
4.845595010212481,0.5731668208156809,94.23596383557431,0.5470061910150894,149.1625650903282,56.70467454448952,133.87351075279645,0.016705222211636485,0
4.0136995391074155,1.7064279337032133,24.82669345269447,0.6600724578025633,162.3583418312612,179.17431964950165,167.747139941789,0.047411940490897274,0
1.5348279798347275,1.0422526915394936,13.793537526664078,1.3249962282310368,86.88545638449,65.22608470641467,196.71490487526387,0.07564905011027273,2
4.901854613858368,2.3322837974109745,50.864979034859424,1.3871111193483707,98.26558553727455,165.54665847587756,108.57243504174467,0.07009507028601221,2
3.0492197892179784,0.26807385049522164,82.10889102192661,0.5434803951406371,96.25725602896028,178.73050281251759,126.51573445497225,0.03038594882225485,1
2.9538710252155083,1.3032378199832582,79.45012956796712,1.3600651820023377,104.41053021813147,93.72986785772171,190.84622257692087,0.024676054974703574,0
3.7655585792047077,2.300377749585647,92.75775660215493,1.7577537879854555,199.9484463434508,128.34679609401596,191.4112203710241,0.08058223036368388,2
4.077671961641674,2.2650784681747878,57.98805979321362,1.5834742659409309,166.6914954241139,149.07277552690576,163.86144989700642,0.0960620189714917,2
3.316745175924363,0.433496572868566,19.005820440987996,0.696777655881198,196.24856979030454,94.97031145706916,215.24951065296048,0.07908251207885462,1
0.7276691571943802,0.9482623652363185,62.982007690241446,1.3887119713454223,153.96665893205858,62.65397966969302,161.94933334084584,0.09668840339779751,2
1.7575107793730425,1.566847430114406,80.05560529178905,1.5083787501113202,110.94060524709263,100.72678413095856,229.82478512033467,0.06444958817233386,2
4.647609837597644,0.4405174676899354,18.399530824284376,0.5558468026284377,108.46162754404624,148.06427030041226,205.10358324823073,0.09361889746227255,2
1.2006164980348746,2.42165432151206,25.539166098783078,1.783021503025434,123.28717174625677,149.30678678477642,133.49812676156802,0.07213921250903982,2
1.9236184168038155,2.291135855382768,11.106159504010382,1.8594010959347453,112.53046750466561,72.27543090392787,147.19318144237445,0.0917996275180978,2
2.2171767264265605,0.4590279386344495,63.42873215021294,1.7756784100433878,174.24893691391185,64.49518958470452,193.50673658087376,0.02454300711726317,2
2.253084449502816,0.34683088008941426,89.8060952751314,1.7369472019836698,119.75030195400393,168.87849829404897,232.05694519999352,0.0834008694169554,1
3.1034039542231753,0.25925078288025,70.35969844018896,1.61744779769134,94.3421540316269,46.15986427816348,110.38048455959648,0.027707122085810727,0
4.721071604949067,2.2781369768897464,98.38360788318839,1.4501480469229402,166.22904030449777,142.86338660711215,167.49280158613664,0.012468619175136154,2
1.2793942879792746,0.524378333998879,15.67302872497854,1.5179405074823777,178.1630614072092,46.49899396254556,100.19335162514405,0.05658275206386667,0
0.6953567438744985,1.0698980749336693,91.27009766363466,1.7095929400024745,113.06434342106772,157.3060071205383,127.5073764044223,0.038642660250565994,1
1.067605400313693,1.1496858458474075,83.26614586480126,1.4937476875419569,150.1712857858298,166.7580738670543,196.61683107985118,0.013917822560921608,1
4.445932011025421,1.5175770583232406,38.28173684495545,0.9915904350231064,58.82068008324571,81.63867739207386,93.21488799218749,0.09822739408553435,0
3.26447298201051,0.22575159218119117,97.61738966535266,1.063941653242031,129.41972779572,50.35099009233766,192.60095892110405,0.06998194859409936,0
1.5009432672718848,0.6055586126312642,35.91439733542735,1.8455862025584382,56.7471706618262,107.29583508864,233.1378905607005,0.09116309558940389,1
4.098140000946224,2.332151447951369,90.03742514453967,0.5256831286957429,54.378626074170214,81.78482514436675,244.79294947313926,0.09991743272847535,2
4.3207129821808365,2.2756047628079954,89.26737193667705,1.548230871866423,141.93872757841086,98.39905999345306,116.82747417433764,0.04527700630039829,0
4.247920259582362,1.9641620861439462,78.18918549426752,1.9321663286378232,95.50030735924807,133.09796348841525,207.3126526233389,0.03292633258607037,0
4.602740014833817,0.09753305176462782,60.71234264315667,1.5593422549369604,161.3805743683198,69.37564503282037,237.48297627994006,0.026549595341814593,2
1.335980998849472,0.8511665828154502,20.800247465519924,1.9908679823476731,184.41238409488884,89.97321973197208,95.53278284440412,0.05636683970122084,0
3.799705450856764,1.5884989015901243,57.877456104684846,1.5313173582924962,70.9086760595526,149.55874864097433,150.38401344316492,0.06454726997519418,2
2.3566435366432863,0.7242160188450155,42.11166300894411,0.5515445438252916,158.67842578683857,130.12667299339503,236.29966036826823,0.05251804624292724,1
4.225792909161301,2.2784874028817543,81.29953298398166,1.7405148224703852,127.17799974325149,85.67856876117341,114.47387470332112,0.04485268133611142,0
3.669604318091905,1.6030291814894828,78.23162858471603,0.9269448679089787,66.81788752440482,133.00222403639,238.7393162439331,0.025144530711321552,2
3.904592487848651,0.2261714574252917,91.95512566353447,1.1690858384966614,147.73889097210872,147.1438092048753,169.62265208492232,0.04976736614295616,2
3.315193004637251,2.2770636926474723,11.334714618853708,0.9681378738606231,141.42002046597094,122.94798133339025,96.98182403138446,0.017671882337115846,1
0.9694009704015637,2.3965283125317454,82.81928951407414,0.9028311593145192,127.34628011011738,73.5295565501412,156.47914384843756,0.08785429829988327,0
2.770631902594998,0.24039542505972744,94.4615847812202,1.147108555504678,188.9706806839487,40.03434067167903,135.46440322940126,0.014221238688816348,2
4.92488172367009,1.3542825754102217,81.03704041973351,1.0681271726610106,128.16195441560248,152.3988749783594,127.97470729380741,0.04425814555583993,0
4.693201525835883,0.7932424914247177,21.717501388333005,1.450007872763884,198.5772673175319,155.16869774426303,172.05084785772624,0.01901240821386717,2
0.3115513054053572,1.0124557373794358,17.315119435679897,1.7197268014812659,126.38432207721665,137.6646301952107,162.2107574278179,0.07974824495203704,0
0.907592597074242,0.49014548399058766,11.876071582693072,0.9456329797808611,67.37780574520514,50.721330391465926,161.93441713541563,0.03814632809451342,0
0.7454709899273534,1.466276649930411,66.5870703245264,0.8205817292330262,120.57068766125457,121.93112025112646,94.9840942875296,0.020179505138729934,2
3.6573015589279483,2.397049415459782,66.67053866738985,1.5003429063055134,77.34931438326069,154.942893978025,216.39409077461323,0.057834216897806254,2
4.10714811629903,1.2825278706654424,98.8222342796391,1.5054800987461725,139.5700227826141,94.55356481514319,161.8446836104852,0.09246493065065861,0
1.1462056949222925,0.25314072441647884,45.823885669368615,1.8516968589292577,153.96982627904018,67.72010279083557,219.55399087931863,0.0917780384007283,0
2.5786781954639624,1.5690032670196508,39.871565640774705,0.5239185296799662,120.26529180606406,122.26782161380589,220.18108906366155,0.03246859370195109,1
4.21944483725488,0.8835463364055798,66.19824344659531,1.779560993174765,64.65544515247224,155.6829278221229,133.91300522416734,0.07476937083642102,2
3.690727569354628,2.1470167144986796,84.30478052568346,1.2815032594225353,120.29620978753293,46.84179421898918,80.7388716472941,0.012725577355689214,0
2.756962306910057,1.1149614633753522,94.30965545707016,1.4319531337581481,62.218132210160064,123.57317040250301,234.91176516788013,0.021866661685308215,0
2.9927036832479876,0.5224570419085018,82.28117495611347,0.6370571608421222,152.3188933259801,130.04433134750786,209.31809782466084,0.054952513328240166,2
2.590966679889772,0.5182087755933051,48.40065825542243,1.1489223993080686,168.55523372976313,124.33138550875914,98.2328326599901,0.0305880791039517,0
1.557987411462221,1.9334722427668432,67.14228117808577,0.8409536108577857,194.35704908405586,131.0047157931868,199.29359578052723,0.08184356685641243,0
2.868607765009179,0.7006896158530318,87.06693940445052,0.8813375451237636,72.32031606926847,128.39254306458162,83.4039556737097,0.09379649548473952,1
3.475537980045445,1.9297218156900964,54.15487194805655,1.2561426720140412,129.86305032999562,58.25654389724887,84.71904176751875,0.010389998483450402,1
4.379282287717958,0.5544239113781686,29.501797933485342,1.7186839256046684,135.1306051303128,72.89114877284814,169.38995073163323,0.030962424664088183,2
3.217827634498316,0.8381316033182081,25.275109577308566,1.615671395217284,188.37148006714696,126.65916074046142,96.32636297017892,0.04955980114686046,2
3.8294955315114745,1.1904430824772636,10.014197012025106,1.3864999386289307,144.09149608947712,42.47704255914791,243.93720882243622,0.06067713595171498,2
0.8843510112774077,2.3608298317489544,74.64141954831558,1.3091272891302006,71.82644684679816,128.86423262125422,231.95130853054462,0.0924312499832891,1
2.3616316246569706,2.3327419906468703,19.998748796139147,1.140959064851735,115.45269859447838,133.1541273299045,190.46804531214042,0.09026951414637642,1
0.14572493715275717,0.5568360947846052,31.945518972634638,1.9590649603420796,148.21437927593757,73.48446638063218,90.83052504251326,0.06734530895211693,1
1.308726436155953,0.9276366510455285,36.808869837051404,1.34028883135135,155.0426648103946,123.73859616543955,135.22199382720106,0.033164921267549614,0
3.6596624040537242,0.4160285017117422,60.43418741230915,0.8809495974683332,179.46109978858604,114.77260850132703,143.19290964402745,0.08049590288905252,1
4.959868761611881,1.2994634443180682,45.81615495661923,0.8451361880600594,77.07606797665957,76.49681674143594,161.74957209087893,0.02823865941585086,1
0.585972687977358,1.1784272492019332,70.72065928208457,1.4170295461627127,192.73132201332476,104.81636166246565,108.71348858109687,0.09686550916871352,2
2.0673221477203128,2.2568623980042943,15.007479339583245,1.2842412909663932,58.87091180233884,167.3474341177054,178.1769792755233,0.01052559241605982,1
4.020347746625882,2.328513175588128,21.154527483799548,0.5115467044320692,197.5643201853353,99.7243892643836,154.08101014456795,0.061279345351711145,1
1.0997746096816043,0.9897401079678657,54.92903531799401,1.745098058293669,178.66506392996126,128.17818476313022,241.04048377678595,0.0179557522229465,0
2.819916251581203,1.2547579603965242,40.32683090621468,1.556183531348652,149.0409174143257,44.94911494569719,239.15318903628724,0.046683957716381924,1
3.692049350545407,2.245778810408026,36.62320264762238,1.4927439345171551,160.24932503966323,50.89201586509383,176.13057240779528,0.06714401862793755,2
3.1183287062748777,2.0264341289754007,16.032527113377046,0.6031709865464885,60.903800887819465,51.38313026246458,189.539387118391,0.07206386460327248,0
1.0213211996155391,0.05895796279439073,90.61472572732013,1.0430837752587372,56.22197943416786,148.95370690770238,103.4253995215362,0.08070125227065417,1
1.8413843865601234,0.8341459322497772,72.26367275125457,1.9030733910991793,65.26486948270482,89.03596527248337,117.96495060282916,0.06339949324882932,1
3.940579743978447,1.0833468927435086,20.945634113768442,1.7938838620120456,63.10397219962067,71.86563637121387,233.12161871432463,0.03261874161573951,1
2.8157099192468817,0.6128048950239178,15.854136196342655,0.9283144068043001,132.10718502041527,144.6254395832412,198.85820689227495,0.09003279186413844,0
0.1256251063602724,0.53895045894505,97.73852800881187,0.7355883261487081,82.31659806676836,63.794408757864424,112.20313353812318,0.08299966717123189,0
3.8288547241376603,0.14257204115941519,71.30552953955544,1.1736319357528657,179.03084558100898,74.50895350983929,176.9357520324479,0.024404708593616504,1
0.2730256392071715,1.6262558264209135,47.571046398436735,1.0337455680014913,116.86229346021082,100.33040205780293,238.90941258320632,0.08438600657870642,2
3.754095535383038,0.6931502116837559,73.15579366802064,1.5233395650589867,154.32657146874124,86.40132966204585,138.6790880475236,0.09753800643194337,1
1.0921547448096633,0.1782505871567171,78.06986078321432,1.9496522151264795,147.93096394552396,121.9549095451302,111.5894638382445,0.0673497205127126,0
4.794560052584963,0.615899310793756,80.19659821499015,1.0445021749738421,97.97795583945651,87.29768667047867,240.14429707454673,0.035362470080250445,0
1.9029096813802142,2.01468918444851,53.00895750877519,0.5933362589783631,86.47513602885935,95.01322902024486,158.41511124965686,0.06459344481460728,0
1.7019649200565878,2.136148495034039,48.68944823123632,1.8464210125135778,101.36844279449528,160.80412515492804,150.9311397726703,0.040828156223346915,2
0.829551446628979,1.2335123007235917,10.992527584201031,0.5569245953598062,169.49875607747563,163.83440154792032,125.48642396476754,0.07083518235780757,1
1.5974606559020532,1.0693731425012813,93.39014036276542,1.9291488457299995,137.94152726294277,155.87956671387707,231.56950014101452,0.05903199635102862,1
4.395588732958183,2.4457415490793655,64.29770905500487,1.4968691420135598,88.03079937787629,161.07633057864857,223.75485037122777,0.09365415508807762,0
4.982038254373512,0.5413834159907713,28.28385434709713,1.9125338126629237,172.67696645906454,119.76201370747638,148.5083679042482,0.06561176888807226,1
1.9047166994835572,0.5776302429937908,92.7643077479293,0.7994895299734674,58.213907916546006,130.47265006519376,85.2042575825034,0.029258351535445218,2
2.298192091677259,0.7650745837391795,92.34387115932667,0.5610496928807114,154.8775062485443,118.00424331769167,155.93074318604374,0.07525988860076963,2
3.638147597193412,0.4732554297886639,99.02657479294864,1.2323149674147378,115.86512086239664,149.98233176740882,110.74586281860906,0.037079048607479376,1
4.442359324278865,0.9794457156002573,88.6650906825081,1.175935121855188,159.69355790988322,117.14006800660219,104.2647919253098,0.03451518576539239,1
3.0059172375152428,2.281543856124897,99.80059490380583,0.9972384098823243,189.11919203651402,55.550775037109275,146.825914022222,0.045259896301705314,1
2.018475921071364,1.557602209540007,32.02175693109453,1.9364847115830464,162.5051146920356,153.34121686396037,96.84307934858663,0.011079701115640809,1
2.1218470201582567,1.059269044100046,85.80246266793107,1.7338755982421483,116.29480329670736,146.4819238948551,242.76896617838304,0.09722265941451523,1
3.508528917834354,2.339306446699476,84.0725477916188,1.49237303206339,72.6463522270821,154.84208333956755,88.0816609028179,0.057909800022282854,1
0.11576949166096555,0.16873736956576468,30.78463232986604,0.7442874374567416,170.95264637081505,66.66012487456666,148.23283665778362,0.07961445044856644,0
3.1359877535532195,0.5651766358595605,18.85937941008917,1.6014851123277871,119.10582903820574,78.02638738009539,107.65945934538813,0.03320670001400905,0
1.8419157511626514,1.4364270824993097,98.14784623098397,1.590518682049586,61.29684851856947,81.4052376168942,197.09792465988855,0.0771956318470263,0
3.991566923257713,1.558103926823289,36.64220963685493,1.1376022604240112,157.85830966652992,111.1312750659943,93.3979463664755,0.061045345205032193,2
0.5556541351333476,0.1469158910784022,88.38026114210254,1.8871788645710206,93.77779488748845,58.74279178288437,172.9569476154678,0.04817297564015523,2
2.9821911080471137,1.037444956872474,10.37144392071435,0.7504668233435157,57.33323442577778,93.95344545848143,211.4272541843294,0.09736023035768158,2
2.4567671604420065,1.6404272138356384,11.892232649764198,0.9010063436174964,185.41265224611166,65.50214255106414,241.51017195832503,0.05444593427317653,2
3.247395076935615,1.7602728386883342,51.92841778267316,0.5948365088759504,122.46516381408651,77.06677982458311,198.74968570480016,0.06917127237007092,0
0.41778261296654495,1.6134427611648599,31.48432155415572,1.6931764372663811,92.14415797595323,138.8942688381798,96.91359879787919,0.011380797234089173,1
2.9419205583978436,0.8353798996842653,72.08571550923679,1.4326390791430959,157.45798368273674,159.67356188441937,95.04849345140397,0.037130968584878354,1
2.8512744810016666,0.2791243028148783,60.90078930111589,0.9724104585218742,182.88535665238456,43.20682132360574,204.3716682514712,0.08998224095440598,1
2.847234462639238,1.0964254937273687,16.97372177054423,0.7457204953914731,50.04606125506332,119.22557486970005,116.60599885058967,0.0783063155004417,2
3.0570895663226287,0.36544837155173593,24.636546668414535,0.5602216550431105,153.17782775632304,45.0483666887174,156.0306824676523,0.05830786325580849,0
3.414692892409175,2.3716779633756344,44.924434305257286,0.7501183529389048,165.0517541027632,51.93489430161704,246.02558722973103,0.0910143736401957,1
4.044446098435772,1.2141686217554393,26.704365755988984,1.1799269695064873,81.48911409192395,138.71176484597527,219.38415572865884,0.05375984618868002,2
1.4221215286282505,0.8272849771743257,81.30001125195358,0.8707654535159093,123.44357471152617,142.98513491029632,223.9208707410341,0.06098563577689981,2
4.142742109882304,1.9274449742413053,47.44632119979521,0.8884732661479501,63.392884837690374,153.95729424419181,226.3308838037734,0.04439375624777911,2
2.541452843090923,1.2699740518265465,18.408868015824936,1.8133645500015714,162.01248237730215,106.3938116478427,185.32270782066485,0.06580360330505959,1
0.4775855677582227,0.8095833588305027,53.59086120449123,1.272706510191651,177.11840278450288,160.37304748226634,206.46876705662132,0.03871013778287864,0
0.3868995532954981,2.0393209688574645,18.175436295527277,1.5938779596926218,66.22799859869909,63.35736082982741,141.02335548782884,0.04469429597881215,1
1.7377677616106981,2.1745227699527487,21.604357487783545,0.5535664235422146,172.46903801492522,74.96029790890037,249.73585851738463,0.09696936368865418,0
3.9459951878461914,1.6988700074072587,31.564884882538475,1.047745033517043,165.73552557268005,58.83030066427598,127.53576884128967,0.020017781181963113,0
3.5676365802304875,0.16506283489878487,87.35749347227409,1.2187540210931627,102.0369980556346,151.65521648146273,180.30125856159833,0.019472981072143687,1
3.964213326894792,1.4374910564080037,93.21512790996748,0.779625282815277,153.5434294900375,72.01451657412665,127.95048531460287,0.013898441750951417,1
2.634618376563886,1.92007253439334,84.36319563988621,0.680287312168308,50.00721858414676,61.771573986161386,99.05207859521244,0.038804006778424084,2
2.256975089981904,0.38443237960477633,40.06694956760625,1.8054556677497637,189.7696481698998,127.23549626232787,176.48958852342503,0.04584063182211319,2
0.8225173808607914,0.6102433408922783,34.52017969979485,1.9091474406496949,132.55748529625595,50.79148369049442,140.06927404724377,0.018506407966259165,1
1.7081444926856268,2.212113007416934,59.424012171121525,0.6182100470681111,143.0508296092999,46.28603881082415,179.14727547897593,0.059421789583014674,1
2.226694894251989,0.0992982185400314,74.9667844479801,1.0235280688136648,149.6989120308648,54.94047079734425,174.97534103304878,0.06249713761493823,0
0.5341421054301245,1.8941814876736414,99.40355093441573,1.9374284422167105,134.205352582755,40.033723758203465,172.18364395440545,0.07759240242519953,0
1.1809985682849353,1.2107445666603363,21.84136406910336,0.6247425996986973,178.51458313091948,137.57862159105093,100.96119074791,0.09783713049542214,2
3.0313039409123204,1.144591789157037,14.4362799121424,1.4654620593180894,141.4552748227316,118.71294504002701,154.8307316395607,0.06574170225631597,0
3.7047492597720306,0.06738650461247359,72.49203000957439,1.9583320564505082,186.1639986860709,69.38251526528134,218.0406696977946,0.02004857260128509,1
4.991902805825453,2.057525665867907,84.9003205153515,1.9673355028720618,137.34974333510132,72.62069271686342,133.57439424258808,0.017967181892120453,0
4.672255323583433,0.9315710065595879,86.17139018797809,1.2068349963556149,75.668363297085,153.53560378580556,155.45135589965108,0.0799792177285334,0
3.2485694777224388,1.3748757966863303,71.06171941694447,0.7441236616735709,187.03438337589543,110.25481622044205,163.95137035444554,0.06853007156823342,0
2.164115461140953,1.7093866815223657,95.86142237072684,0.8031264724661582,152.2441247539665,137.79396999144353,226.6643231405966,0.02457229552359056,1
3.2172690870703406,1.771442462272894,55.99042871901282,1.834402092686592,154.8858491653334,103.38576317848818,191.45196076842322,0.03280239754151807,2
3.9496929285931373,2.392151144123877,92.24333185025912,1.867524506494604,197.82226258574025,73.28052364291092,97.03443092234338,0.07752163485632665,0
0.6798473355245979,1.3517828854296925,97.10309232923707,1.411819465810332,61.279483131436876,175.85639209560696,227.07906758685363,0.060954020362508195,1
2.1085339595118127,1.0293128998873475,86.2441711302797,1.6492645992048671,114.2888910642757,119.19065887255564,221.4512158319553,0.06265000562522852,0
4.215031199614525,2.3865738849046845,37.87827069327585,1.6098968772056121,85.86430894799227,58.337466527507736,208.11981670185983,0.02890078041591186,0
1.980781464471916,1.623170075812527,27.659408605326576,1.4927323969836606,144.56396970704856,96.85260590574694,159.2298631142024,0.06661521834919404,1
2.9021741290132144,0.7804683728775613,59.33080584836366,1.7409154323079086,171.0217525622108,86.1072376725661,208.78271519258715,0.07935657358665298,0
2.9800698682247715,0.35983740123874935,50.77132753421696,1.5281099345604816,194.9466063338619,69.97224560239299,161.38615064926873,0.08967270029174623,1
1.003933640354833,2.114258528589694,88.99825079734596,1.3010034586212489,118.18941604320801,170.68159849363633,205.2260008356177,0.07630455923362443,2
1.8749536640962132,0.9373449268456715,19.002850396043833,0.8554345438822352,167.93273459639062,163.32879936436535,229.61872804533115,0.06187380859081146,0
1.7391053148354678,1.6681508173428565,33.19660551803668,1.6158322161779286,187.55773880605693,67.8805963128163,231.39206947220146,0.07059333765220992,1
0.2283638718071175,1.2035002274464506,77.66190500668377,1.2101568017574116,152.49881488038272,89.30070446777235,157.27835761186728,0.053660031626249,0
0.21853964306764073,0.537377960497844,18.548798047958094,0.942187526011264,86.40988286746568,146.724154833915,226.08825548984498,0.03042084188058603,0
4.17531551401129,1.5241321911201395,38.86879726195302,1.702919413612663,141.1781226661687,69.19084673963019,97.24775468631123,0.08939862754947418,0
1.438046968866781,0.19867351892917168,44.843985464858484,1.5450704005295424,195.49280717257798,122.81908076459422,97.30930097275277,0.05793603698506829,1
2.6385859545701957,1.0626890266844211,66.03344169064209,1.90600934468705,198.1330743292348,137.97115189747433,173.2053809674716,0.06348864800325116,1
1.5637553105849882,1.3892066021759941,24.23193811474281,0.7481624600283165,146.35397355751672,131.55612559950728,190.81358513756572,0.09910980223778644,1
4.7093283010651685,1.118315086590519,87.45440413147386,1.4737839269547397,183.04816368079838,138.89720963857008,106.00894191632845,0.09865141104453765,2
1.3705541184422916,1.8842468293649277,50.27880119196468,0.8663592021322639,80.05240457729042,138.93794246402683,160.2706076170188,0.06276798864999436,0
2.2053183824207823,2.0784161386360154,92.53195406925008,1.8553744779524626,86.91179074283252,175.07282877884998,96.04165352870692,0.013056153581571956,1
4.376378227374549,1.9395455313812864,52.108292227053845,0.6492491213849235,192.93314193272894,88.50984453284474,182.35691254406277,0.04565327842403591,0
4.225474477279862,0.1450917221389152,34.75362330466601,1.4842427096673159,70.28530632422118,163.00265941261753,225.36598624798415,0.09435639520458003,0
1.011896947446759,0.525615487592632,22.76459458189074,1.6866285822920448,78.66596571402184,43.05298875211495,205.39862592331906,0.03594759331384083,0
4.032952217998981,1.3646883976962472,10.337058524015633,1.0323767605470608,113.08228986800776,80.34841486525966,144.3095639129761,0.09993418166766845,1
2.3451157450156743,2.340313999087313,57.8941736486352,1.9312071190757139,138.43764316300255,46.81180947987842,248.9449454283107,0.017588577417089725,2
2.466547473218241,2.095644098877686,19.64410272342311,1.776096026879056,140.57258284524073,131.16855439381763,192.69894599924325,0.061130276290466856,2
0.7540518648381246,2.114209545461914,45.25549872680604,0.9419274495273551,93.79640129983466,54.11065190242674,218.59223385522145,0.05639044241572249,2
0.4949474174099109,0.7928600747112036,63.0344585113378,0.511311639073998,188.09208469255222,158.39896091128648,193.84855583959455,0.032981762203093005,2
3.6669026041714496,1.1021473478428214,34.81173072124302,0.9449857641770913,187.2649861411794,130.52283573063636,248.20076948481153,0.095374641758059,1
2.532659646540969,1.2032295709240468,25.770186312950372,0.9219657057061138,108.81020795785588,44.034156147504795,219.6311604270214,0.06572540889975792,2
2.24056844281438,0.4355603792072805,79.72494603484074,1.8349469112513634,115.14376541454457,140.06883116084722,168.3019470422249,0.030720545510020854,2
3.6745903203967445,0.12611691909891798,95.21120550534584,1.9506817673821213,155.3745675235868,160.68489261597455,142.36952568239028,0.044564337805450265,1
3.851013205056438,2.369912103678266,19.039637607576942,0.6056599789553905,149.44938445983513,132.5569410727009,195.96632095530322,0.07491064841938563,1
0.8786500215798325,0.6397458348755916,24.003129194650707,1.206942242799975,107.34455224414435,44.2733902309045,180.3377074971915,0.03679270414266823,0
3.0901032324404425,0.6378748141228968,96.40113915274468,1.3224979977946936,112.1366377281505,160.1087367844569,186.9896004746827,0.08916455818550631,0
0.7632350031606591,0.2542786817334609,13.400579963102164,0.6393674919945549,102.20584151323084,142.54494781076488,138.31200026823868,0.024910650816186174,2
3.7817379215423244,2.3248439922622572,97.9869102895425,1.066246563706284,85.30775104299619,92.98318374775779,152.88383149699428,0.03380545808783638,0
3.319080265708984,1.4703559316024415,10.41800347764899,0.975623626089426,118.72075443862096,86.00823616417037,174.87641773141047,0.023040875202949,1
4.787411643308944,1.684240299957117,88.63017900861982,1.304084531490631,152.96511978538106,107.17482539704162,222.67817832671332,0.019376095488354846,0
0.4378942801464638,2.2833633737944785,37.659266288897456,1.491786349597907,161.29500579714394,161.39424513130194,209.69451601969354,0.037028388111753414,0
0.37956813364114617,0.8967694138069344,94.47299723595668,1.5552276657448498,166.83104723839438,75.28830926173805,100.17149798547436,0.09992608717018965,1
1.4827166659966808,1.5726929122883062,38.52507597720269,0.7051325354200813,106.20980201796823,54.13493357376816,121.74422250329661,0.018489647193550132,2
1.3823578503059395,0.14505866408577428,68.88756893806504,1.719421552916932,164.69539914274606,161.049092214547,84.53181323861466,0.02917019726625595,0
1.3101961154527992,0.507592694166267,17.202931278934297,1.5178130446861384,50.977447353781294,43.68057884330121,81.35329655415055,0.03444551191702019,0
4.54064744455308,2.086552222470359,31.80968303083651,1.8336123751200795,121.55749065753233,167.53958311416903,118.1438297776411,0.06572167160249835,2
1.32277637926258,1.9285824730289227,79.63114118313257,1.1740040891531511,169.08566001990363,82.80432720219609,215.88456116158605,0.07708111267670673,0
1.432553658030292,0.90907459407001,57.581726831093775,1.8408346440832872,144.506708096203,111.15117823635747,233.8071018896458,0.07767403073686412,2
3.8210514858480225,0.9731860380468207,93.51721556083403,1.798661183534113,121.10946862317616,58.521373465311925,146.60062220276166,0.010777238374494808,1
2.303725228007646,1.3572083622062698,48.58762675072189,1.1576139985389045,146.69630099095238,166.31569571273593,175.74376142313537,0.06866654129195188,1
3.9058817290803884,0.05059046147857965,88.28311292325307,1.071714972939468,186.04190047229957,144.97707127381665,200.02894233241472,0.06676631914303928,2
0.4202941720654877,0.6410486232931684,50.40598937304138,1.8992180224553852,134.9572700915311,169.3817821251248,241.9992388727935,0.05658892137008895,1
2.4890988489995833,0.5601679310901254,98.13234508317868,1.5727471018076564,169.96792871901593,135.65206715654273,235.19848034056338,0.044128770526338325,1
0.26470664089808493,0.6636832195369206,96.3850943258989,1.8923680196571135,197.11140878377964,65.85712874392566,89.72269157483458,0.0817699777715107,1
0.4070006969312372,2.0244693142069314,39.62230350004723,1.6954621683437194,155.835230311335,83.15738041807491,122.18819334557773,0.040949271589001704,1
4.541543521387614,0.7352009485387858,89.73313033751229,1.4139461589371214,135.99886458335953,108.15880051448627,88.35457247238011,0.030701104489594115,1
0.7823023184762163,0.519227239022863,86.28502367940843,0.6737791655056468,55.622892068801036,125.01614875042897,184.8122115681387,0.03790856571108517,1
2.708861343148564,1.2854454789429273,28.961235759480655,0.9372210088686477,106.17168473818813,169.7043212270783,200.78386380034863,0.04956831254108494,0
2.1143684527434625,2.170830339113193,66.18613607049427,1.9532636106475874,134.81641002726775,93.75320521047945,132.40818010060696,0.029265164920246563,0
1.8019822986683294,0.6413067744018748,16.541408403083338,0.9791331480713067,169.58098575590486,138.43008306700042,225.15482438264647,0.0646814121584938,0
4.509183393867635,0.2424137948423568,85.30396485251154,0.6398823046780562,115.71571844713644,174.54123884751505,156.97816756995462,0.08957882822607062,1
0.20693464419989857,0.9231916028316787,25.709129515314686,1.5613300338789797,194.008741364716,61.33236887816342,249.72485756649215,0.06359141117458676,0
3.3525694622603868,1.8817469701841958,16.373323124718805,1.6010063818155262,90.76906289355124,160.77934242913676,80.06794774018523,0.050200147672964324,2
4.820632727646397,1.399191834502247,46.01971859849301,0.9281865804307261,161.68507928154747,98.89884985504781,98.61325043115463,0.08171818896024136,2
2.844824098963026,2.051143755457151,61.92299247396791,0.9465079690194556,112.85471256261913,142.53904863010715,131.30485129900785,0.07732347605870758,2
4.69043006396215,2.401000761642623,86.94252627037939,1.2033394782631759,122.89827418488588,81.09536742319172,84.33629165213124,0.04303523093776266,0
0.3560636085015165,1.992023068041462,97.68182729695629,0.5326834246433834,170.37530507981603,86.75779055724021,212.99770781550262,0.06437381235988257,1
2.152087263463391,1.529317543167196,49.55432613128773,1.6839845155417454,94.43228924775583,43.798651481529255,88.97120393811883,0.0756858574286192,2
1.3747731757140509,1.2586868907283324,15.44022306867432,0.9756331809111884,64.52180848927148,175.99658144337434,207.32653765995065,0.03209169322174969,0
3.6810227284055763,0.14816926155325336,77.42040211232836,1.7806446530029665,128.03833769201407,153.88336053230984,88.9366379942234,0.042964649117577094,0
4.908355743436509,2.4615888480944013,60.86559306015437,1.7039456324000506,129.31919177056233,53.14851410967087,122.96363499101776,0.019519846349497348,1
1.3569973059768143,0.9895287503088543,50.310221036001685,1.4921030496781746,169.57516583380607,179.93123139292842,223.01705866195005,0.09889122504761501,1
3.3054555472229654,0.4229591240963237,37.834199091297066,0.987312300648933,195.24788093481527,124.7034436084118,241.6862000204131,0.017728988538082222,0
1.0706784005227268,1.6834366957213192,55.21586750591821,1.2744748424917551,58.29510294925226,159.52200931501363,150.46947825228708,0.025174551261121968,1
2.870118247400889,0.7465063082838754,40.48116440113279,1.1672438863969385,138.75342106146633,49.33250685890165,244.88962393313372,0.05318487546977259,1
2.3732691847728478,1.4851567637810668,78.13106809726243,1.0083228293730113,152.19177954722,94.52316498886931,186.56975703895222,0.08787446501900854,1
4.862826115194531,1.4875813742192485,58.9504326843377,1.7722044339547673,197.87020261227826,133.7511571225054,150.69197081359835,0.042029382065316354,1
3.0817836362126863,1.1420380612120296,88.91629967387007,1.225260611866498,191.38853214153673,54.900720617958214,216.47622847454588,0.07917365327782114,1
1.8125812232254122,2.0984906080853545,58.91895231844978,1.7490846466957197,156.86761470679664,108.44639741156008,130.2058484238342,0.07084306659846125,0
0.6590693459508735,0.6991693008108355,31.443617200593703,0.6578277112127364,128.26841168666988,101.97490243617982,125.18536443123713,0.0674797669443711,2
0.8411094608011793,1.149149849463449,86.598269400893,0.7115371829005036,74.22858834488919,70.24563142630116,191.61310507488264,0.08605155258701562,0
1.204052956761052,1.3673457150478803,60.14971404370395,1.965980457669465,107.62648328066261,82.0377770192523,146.38285153457616,0.01127532606657631,0
1.3297366405674604,1.6758805658798843,28.615693432920512,1.3816526939091345,137.76834875857315,175.39656962929755,103.10606458064652,0.09362377347043525,0
4.268018683421575,1.9707310337386945,66.11570289605999,1.2646545102485736,158.78005948936305,80.41078804139104,91.3839199992845,0.0846303562302664,0
2.8499916625843724,1.0172778430517273,42.19450884481848,1.2847340947161676,145.30993362186683,69.87965875557754,213.93323796224115,0.09440804976866445,0
2.664615465734396,1.6328150130366603,85.99650510628592,0.8229031610492897,157.11842027416117,115.06928394956668,194.90482440639857,0.08142290954710184,1
0.6623674721591656,0.4189968350178719,50.79697647818885,1.5780559242529595,114.37287568278465,133.9341247698417,150.00569818312255,0.08907322667088452,2
4.314684497412231,2.3349878463290725,75.37972222966751,0.6271709355946316,159.14409358565138,141.51303554973907,232.35869797907964,0.02827702433795313,1
3.6417900857215706,0.9884940757314588,18.598258687261342,1.3599855696545349,71.56118840295788,145.59460582956825,149.84564791524193,0.03873061601893455,2
0.4315749733100078,1.8373274838422744,45.64219116721116,1.356153194878852,74.38794676446703,45.15654881206543,200.7502301491152,0.03836989121236579,0
3.568391976425867,0.09983565061133524,98.49172928251588,1.8712826362002666,74.42482187441942,95.12645605313887,234.54959678523977,0.01982500712902511,0
2.763337264978966,0.5527085001167772,82.76142605294335,1.2892742151572905,183.62974355536642,148.35413116963264,222.92162798043537,0.07566213297561317,0
0.5004541941592134,1.2433522335927663,24.39467221302358,0.7055940439612693,61.405109496295175,166.6792942520181,166.8878119777284,0.022255380341836557,0
2.345673143490417,2.201718545944249,34.998764452952955,1.3591298888722438,170.2262559100214,124.30801726658966,195.70818671594455,0.014725824947115457,0
2.4750118069372307,1.341775117379159,39.683422797072495,0.6369914665479985,85.03563470701057,47.322959491355995,150.32318204365274,0.07979021830495575,0
0.9122952468000513,2.3281826816200035,68.53290044459011,0.8056907529498825,120.2644910742876,95.53041281971838,190.0235192899994,0.09141968527587364,0
4.733920920301383,1.2353023966278511,78.129528354069,0.5466628762811242,187.3934893198517,50.39179622158365,123.7839145187173,0.07877110131686199,2
4.264879320255243,1.2516002870030776,77.45739479271188,1.2699403736892474,137.890584453126,144.79530077584184,153.90615934082405,0.08428169915487788,0
3.378209452912631,0.34337963182630316,55.888665067576255,0.6267989229403585,81.51765293485379,48.89076569943313,115.62277539231263,0.06360595100476941,0
2.3652482489029754,2.0165077981729387,82.97384840543361,1.2040915677969934,92.61350904782107,66.00234934292482,86.49144195552316,0.08989717041232778,0
2.117651153764092,0.6550652605443033,49.337027448172755,1.899417552986216,188.06699358436785,98.37417935506839,180.05177459781328,0.054703313412206966,2
3.2897699890396757,2.2540505989621717,21.149250876600572,1.579642119528998,114.07158876649675,104.77077139608208,226.9529887096356,0.09894903566387185,2
2.772616160093837,2.2815193398094706,60.79976574884319,0.6161175113379396,138.04782245101842,96.90743804410172,84.34830668594256,0.019307353849250405,0
0.40513821882123957,2.3611097740916667,95.7071246140996,0.8363147183132648,118.98982949380832,104.87553052484,113.3250559239803,0.08282626360312455,1
2.611262978974626,1.3245646983025707,81.36942862532602,1.5104936298401515,106.76571320726744,139.85348128282797,158.2314600759714,0.06772504744101478,2
4.051377724440914,1.7088797727199287,62.083058292301814,1.8420527915362754,83.49186903986029,91.69763521377581,193.20245886318307,0.06225814613990757,0
2.3502754002250947,1.9573639061510757,68.21250943141872,0.5493778801459306,152.92872507269033,116.68506428108668,109.1089629238807,0.07532294777750093,2
0.3545872300159153,0.37098581569364075,93.75058243320154,1.7186766975808911,157.73630394081806,82.47169605402252,89.63812092500612,0.08562623777189639,1
3.9527631769817626,1.5223451277438684,48.55085149914645,1.342720820507463,91.23276374110992,89.50784931266756,168.23828201357117,0.0876595660156459,0
1.0866825324662746,0.1340298581931136,39.825472504837364,1.319136987944589,168.35162645822456,125.93185426589132,219.1806512197425,0.025784286664958647,2
1.3672420909513903,1.2690369043023786,97.95174085004041,1.9367197741300368,178.18028004525192,108.6692512291828,85.98993458317112,0.027733233677767234,1
0.9070611318182499,0.4293645699695572,87.70988201593,1.6214669188951596,188.10126443594456,141.22508128029935,139.3928065610344,0.01145498585622374,2
1.7180538178703382,0.4981611686071075,39.07392261567421,1.7751783020841678,74.18186208775549,118.47540232724496,192.79750627486698,0.02186582120130455,2
3.808082377874312,0.9443665383968738,51.74025376248305,1.030993354317,95.58855254198996,152.50037195374222,102.22614103741938,0.03374942435649322,0
2.644990711569293,1.1094710584554326,47.35703161070192,1.3315460612426149,179.05300212555434,102.07714981926031,120.11095207176865,0.07489322402952546,0
1.1039182433384918,1.576772440103859,23.418611080429052,1.4231085161416561,79.7810304241841,108.7447067813522,171.03374944366522,0.052819075810225914,2
4.401367382945,0.23234962517436342,96.20373914319332,0.9823759105436976,50.520268886524306,133.79598884613154,242.04938838191705,0.07821131820256157,1
4.409951089262493,1.2840448150317394,46.38811880977829,1.3553721874210993,180.62409653774517,70.97415221768685,128.84824510143852,0.05378822630379017,0
4.365834282725434,0.4974315691200978,88.77961743741172,0.8549830692195708,98.9674162627054,94.03013517037652,162.87966160752075,0.060003770761897154,2
1.2701014357695426,1.4562391788277678,27.042060491259857,0.7150635066023594,112.1746287708425,127.47777416163909,147.9882467209511,0.019995992793422426,2
2.311072786486842,1.6116413000398997,59.30837295734978,1.0609553889159988,116.95010385809569,44.042677697203096,232.5574342451136,0.07989024562084293,0
4.926449315090288,1.4139376785544921,12.156524661184283,1.6089344431196555,177.24119010008428,101.17600070875183,92.22127688528965,0.07823138789795994,0
3.8828611339189534,1.858824000671854,78.77984354580776,1.8742807221108313,100.68382168901906,123.83899108285635,176.24509052792993,0.03768054325125576,2
0.23312036400524314,0.8722426483902084,62.282250842165055,1.1865710772473488,183.84198287847227,175.4325744769477,223.84034886229048,0.03957202700203618,0
0.4195024971764111,1.9245111495011709,66.30306251227773,1.4642355324131475,142.5408707072072,162.78231862647397,247.97998810064058,0.029771330551582195,2
2.373263746380431,1.1102793501850745,14.654879429918811,0.6545556964626507,129.09300860505266,79.30387341197215,198.78333457870724,0.08324557084325375,1
4.555179008721645,1.2362520208903622,28.993449718775388,1.8566956378284931,98.84217606911936,111.00941456404946,144.58903086330918,0.07723061217656024,0
2.7396388099683,1.6378502117896252,16.689778511822215,1.3529063203549017,86.55675444217788,47.898012172412784,150.01013993077046,0.06482329643658274,0
2.5392812893680223,0.09497804079809871,36.00228842234306,1.6705073714377354,143.6087664166023,73.705618074493,139.78597735626988,0.03149398928167277,2
0.6168211297874899,1.6522858424796085,66.4695106913936,1.6916618013820908,117.03412400848642,148.47982152953261,182.61422696718208,0.025466799935236983,0
3.318222513149041,1.5655336152266828,60.956738588563766,0.8847207895521589,186.57740148980093,57.26396171854824,205.69898102210266,0.014524196605715179,1
4.128305486941104,0.8091254360455359,65.09348394520512,1.2937616797727742,123.74580741710746,76.07667347675392,219.30948581011825,0.014105033360066754,2
1.9640580367870557,0.26019599800374926,59.43261442401049,1.9407196273414662,126.76923750517867,172.1659502430131,150.8208286461392,0.02684225258274943,1
3.900498069534105,0.2727918522869508,34.572591610827345,0.6344518172312417,112.50849217040012,155.33981206894413,201.84044538403668,0.01904792790908999,1
4.825935604113977,2.31189818011381,32.005674760998275,1.5245748470443452,168.38944954869277,149.45587977084767,235.75784064506198,0.06004969056301988,1
1.0984556497256766,1.738734337003301,22.335371518292312,1.943396117052758,113.72587971639055,161.03804864230193,236.5402150566199,0.042228111501502935,1
2.664315192854233,0.361401403738314,86.41637874131429,0.9508656620810332,90.40129996246324,144.94479612152955,199.68493046148922,0.050045120395133175,2
1.5069759946144203,0.9239717648068206,65.483142268712,1.7921718821065222,179.30463114402647,56.88207025655289,188.27337277813115,0.06346604652284708,0
3.984986653265813,1.5015833350589114,26.785991125365378,1.9004863181124074,139.52423320478604,112.31858570793239,170.35943283925116,0.06931915708181623,1
2.9302074928176722,2.097150677472089,25.948844183911557,1.6206293140922376,138.72653296535026,102.19414891232509,111.14360359096186,0.06833815478943203,1
3.2094538459964888,0.1569692753468709,88.5732041373523,0.8469924684604374,141.62333107458898,83.56122095785321,101.01704094292114,0.033477092813874926,2
4.009779382117881,0.6297511721015218,76.84577773869874,1.0010010782398908,157.82596223085,156.76565736074477,162.57087115419466,0.08286643182664924,1
2.040255316046029,2.229885026223681,69.34591719148342,0.5537139416265962,96.96019839688503,104.97948833239272,107.10550655526808,0.0925938702927307,1
4.5839413351945115,0.07245559795035039,46.61776967853698,1.7471798513680328,55.076655624950426,48.441664190056954,178.08998736378712,0.03843445125008758,1
2.7118414495060863,0.5434278018450241,33.57780078506658,1.77441677976662,171.58897413155142,78.49518172083756,189.7694641512071,0.011535887490946117,1
0.8739786318932052,2.3996092311337667,98.15056868015414,1.4490654649492891,69.3357580822456,72.00694812412232,169.35465157840693,0.09092387679836546,0
3.5099056790271326,1.5528345239793193,81.75156175205201,1.028791776895777,158.27296058158163,164.24704387357968,86.19254112714432,0.09311938596581285,1
3.986980617147447,0.6910948482618909,37.160130082264885,0.6152165414598808,62.34729474309931,130.64133408945997,89.81375299639647,0.01458517963717302,2
1.6521322176308808,0.21412818126982663,86.28083166506453,1.6295864148723642,106.29617630427381,118.45267722349051,99.26800139585254,0.010446093267329105,0
4.30017835929389,0.1190687840956943,78.30387537532134,1.5897892904148843,59.45391047473073,110.93089383501871,106.11978684801764,0.0834764304693468,2
4.540101948352255,0.6496254451104719,36.73724948901985,1.8689037826083514,128.3320519441587,131.01582385580517,248.28004434078665,0.03713170190347959,0
1.456831988151264,2.2096402579928305,48.38975688174757,1.5957980315080433,147.97036591723628,145.68257654879747,138.5641528667308,0.09231239505663898,0
4.919255216304588,1.0689884530288984,26.735810085192398,1.7430424133660027,75.71497117672824,117.61385881641138,129.63547351901866,0.029506921594259196,1
0.7894864874389163,1.8148167544566831,19.994719994029843,1.6189319268559994,105.74414276576032,171.35995812136548,88.88532806291894,0.08750391545139284,1
1.089876775172201,2.2997983366808965,75.04858295557271,1.4460307824684746,189.53592365645804,176.75678389105383,188.0044664165514,0.016177984275253302,2
1.0027017122663282,1.0496991309269008,34.076067161847995,1.1404495912865138,116.35836756611852,179.34792432523523,190.8724334723177,0.03345731625825763,0
4.480549579038565,0.5186295590416229,83.80534291716282,1.8531759629634168,170.3815353464835,133.71475541241026,109.82627722837299,0.0975815991231077,0
3.3060335063923136,1.3169389305994528,99.60478403629835,1.4764528578612048,189.07771175903136,170.56686534582298,236.27106195718423,0.03080769888981541,1
0.8453109877891372,2.2748050332966434,16.89578325366838,1.0975329829488636,196.15187374659297,96.62715734311365,216.08390292117164,0.021971168566753706,0
2.25758475000491,2.0207173146373667,52.57316125753302,0.6252039427729359,184.74830295370538,160.34293477463393,119.15428385727637,0.08713491872256958,1
3.1149603228420304,0.2112831162397268,82.18563033797227,0.9360572838565732,97.61079937384537,167.28440182355533,162.59445425581134,0.020602071258533118,1
0.5089740164479781,1.7468033601900756,81.00558068871102,1.3155901022452472,194.38593292417895,166.5796661265186,157.92644555380448,0.018771049772155317,2
4.42384020519596,1.451148930024437,78.39974424978716,0.9134530550242919,171.85928626190704,156.3184796071734,139.24847553819453,0.039108262077058226,1
4.037657323663523,2.2732847820487425,41.40954417717198,0.8318530218768532,175.57633754592317,96.92388262977505,218.99790118035423,0.06717956559372636,1
2.5755131905255277,0.35007947128322825,50.84679301165471,1.2910902711317709,52.27594762577522,62.24704747730281,98.57496255559568,0.07396717364008261,0
4.838920414769935,1.3583884773514088,63.547152160732324,0.7547305188436019,193.13582949774406,86.75388988822243,150.60342077072477,0.08931149054446562,2
2.1470287984479888,2.2046835991041362,97.65465252159315,1.700615094987655,166.71353357731113,147.420399701733,152.76529219336692,0.058682037336319555,2
4.922140563278839,1.0545582775172704,39.47925438446436,1.226552227013987,165.19512447618501,72.60397158619654,159.68335278441054,0.04540760080848779,2
3.372807994137773,1.2308875484455244,93.0829498945172,1.3607941609439753,62.22870963928794,106.95808907563614,226.42949848676687,0.04229503856510187,1
3.2098892389443137,0.22262866028404782,34.242122636244474,0.7210749013960228,84.88528116099968,119.15593251785408,117.08836793425522,0.08622124556297266,2
0.9131789869493465,0.7314519190998316,99.0167018926334,0.9868645034440511,194.33924977068486,124.54019874130253,97.49693949708637,0.0751433778534399,1
4.421446015692755,0.8450412904639211,70.32373181448327,1.1151345248917295,125.10156122082144,171.00157677303181,185.02743867958836,0.09148861123526254,1
2.1946994708110146,2.365549999424973,51.71603323226959,1.7123192457747545,109.67870273558842,132.60902285800447,109.55186074626802,0.09676319101584527,1
0.8949436883341488,0.7425350333258397,65.20513852572444,1.6552392846292288,175.99112257203706,150.0818342508223,92.73845459528536,0.03700457524754267,1
0.16177684788121932,1.1791284014106476,34.52780521361861,0.8344662121815221,63.10106211709165,121.46296870482868,152.5303674970791,0.05767067068307556,2
2.842802849828075,1.6946958377324857,34.675647176031994,1.4242686224105117,112.5413024406589,156.70124464067487,117.33989324588396,0.06686387266283497,2
2.6842581484011143,0.4473492623992996,20.219908945914447,0.8651845366579964,106.35511616331254,76.9129058297668,141.4068252075572,0.02474640520988118,0
3.6248327496088772,1.2417838484975927,20.26452679348589,1.982370733535368,102.47770805455892,69.38287403363049,124.15088361741778,0.014801233053248628,2
4.462264459787231,1.8594206467159737,41.29045673220202,1.928185817196306,96.15383654796096,169.68480682611576,95.74819866298068,0.08809875227037822,0
0.48909226475084466,2.173795271916312,78.65699301067345,1.3448970807809308,81.5112435185117,137.08732269003298,175.25902449711427,0.0581971159679836,2
3.6843328026677757,1.5843352229229455,64.71740508383462,1.5483538578412144,75.93662044857832,134.01358078815096,84.59313106671257,0.061369679472403536,2
1.0183185260781529,1.6891811125265226,19.232610429791873,1.7021455733129676,146.06091753795113,105.42133340798298,244.2838091590479,0.05994229108851594,2
4.305067560470103,0.35939450783219395,86.70128724783198,1.5814976300673558,187.90922618130176,92.73761630109146,138.02618869494427,0.07794646343494215,1
4.113411217922115,2.3671524182535504,64.12308642910597,1.5497430366236313,126.32774678748223,117.79676722700943,198.17677678326663,0.023095175021383894,2
2.7498893994291675,0.3748064898369818,96.47700191063018,1.937831011924292,94.69618285199664,56.8792889190334,217.76168833306647,0.06526435966943794,2
3.5801897132542266,1.947948696095406,70.31669206700869,1.394684159460925,73.87402965833395,103.6597585516351,127.44781524172437,0.05225315604198672,0
1.6403155546003674,0.6987999883568812,25.76573773337629,1.4544540077285835,174.52150475788915,103.75147862516732,207.2855805487116,0.09072623435569518,2
2.408722704770792,2.337303202068066,52.640502607704,1.7739031256572717,195.72380847098208,115.36711181219712,221.5115454222006,0.056765884410669286,1
4.126020798781311,1.813900871455225,68.36478377924837,1.50483630178761,102.37331022017779,128.85598601140833,121.02392974797431,0.0948641476666749,2
2.3503994661487484,1.896843596797004,12.543823094497991,1.5993989330262837,93.64256383281933,174.0245712379507,248.72409507233237,0.0417927694761916,0
1.853211500094665,0.5866949739967142,11.341923773932711,0.8512530292949636,140.2239429462412,131.30367779284597,83.51707608315519,0.09702052357509915,2
2.52164099152647,1.1354479427561441,21.646270053871113,1.0569003861726063,166.29934714301385,163.7215212734776,116.89008164004198,0.0887642153282591,2
4.15842133694237,1.5636423267437518,32.64979915409236,0.7209520185678395,118.31042053244965,117.88254060568293,212.60352856708877,0.06258369607618193,0
1.7425194321172766,1.9364353646061725,48.6594211168608,1.2586481635022082,144.51097247914237,127.76990356784857,113.00227425947799,0.041833893998712214,2
0.9514318063651447,0.30470047098535447,53.86964263838095,1.1835911010203695,157.48236020349378,49.77717343533975,198.7041767620551,0.043833102170730394,0
3.588868699620826,2.4077950253135945,22.42248480441071,1.9957442214191854,194.08884317842688,58.65692120381818,225.44016884709362,0.07954768778124625,0
4.147293242269601,2.231040642858662,70.60524212042478,1.4168129792233137,74.75559957801251,121.15386092765554,243.06642634782423,0.062256821605214015,1
0.5931236447653133,0.7123540467141818,63.652425552688136,1.679667234791635,199.60737407380543,95.3998017941241,160.6220776180458,0.04614288269223889,1
1.2753831525041293,2.0657625954292134,36.501768895704416,1.0010220061364814,108.82349828618432,151.83347278117026,245.08855090695997,0.0672449465270948,0
0.7956627498288701,1.3198936114475677,11.229389509176281,1.7473179970141948,158.48002140898308,116.04490248238464,149.97579043588536,0.07599100581108499,1
1.8049129167526168,1.181425879826946,16.988312381796167,1.4226274497315252,135.86215669594958,163.52074545318732,117.08176674464558,0.012061046130261934,1
2.3067197966365223,0.8203635592379434,45.25252979597555,1.5454884973976577,123.00029255132601,176.1264349847208,167.36671502440328,0.01808765210057591,0
3.769249051120202,1.4733730372474017,23.85769160491155,0.9416461669241816,154.71130530973795,60.6689259170079,190.46995153295376,0.01850368963663713,2
3.2906231659202034,1.8382283383738147,43.91376455331738,1.3229575875433657,109.36307753353927,95.27588523178773,157.85376372849043,0.030874042473700132,2
3.142549980644313,1.0567856171587577,66.53643440593197,1.451055460120413,68.91649720052096,133.0973435333243,176.38531547435457,0.048429139530458264,2
1.8266372383873068,1.5915870228703157,59.25136850913552,1.3836420137248715,123.33400746818596,82.76842575604896,150.78956191362207,0.0823284909363299,1
4.223093010115323,1.7633166568304943,30.805829482365482,1.8727905671368497,128.2873806023478,77.38452728100933,169.20953218361245,0.04159891314996017,1
2.4093071202510066,1.7922484516874506,40.94402421328772,1.8474089967388303,80.28532300999089,153.92339848803715,241.94126423091546,0.011573000954254429,2
4.897614196274257,0.17731694042139162,65.26280786037856,1.956476086815306,190.34290344929857,177.252985668224,164.97129593117643,0.05350256676565561,0
3.207296477649111,2.156382123928414,87.47695252391038,1.5011420090104841,84.12134699694369,148.3324663746474,123.04053757757424,0.09969657358821597,0
0.7186972336660634,1.1727206211743675,77.78920948649895,1.957871195188527,111.38413911261466,113.3147271925759,208.98692565713702,0.04141188960894272,0
3.413270054169627,0.6929194001557255,59.80600241500734,1.7487170000478633,73.2394530267085,101.95157247234405,137.3893578228634,0.09651290668905833,1
1.6930096756153252,0.64232304332522,42.60636984848376,0.906248210509939,130.3694969280416,115.55068087425109,218.75521903963642,0.019121061802278037,2
3.4630032637618777,1.2333845764676787,42.85461497876249,1.1411535043269456,96.14564121501346,104.79755830628302,89.66313812726048,0.025578969211477433,0
0.4412416259957882,2.22273727169895,89.14755792379565,0.8575886632835147,123.3908779964126,110.40432794999353,136.47025610847754,0.07517098631311375,2
0.956919042162201,0.9769515751224851,13.531921843649176,0.5062957412458478,83.69253746873028,68.48342707409188,96.04118440430871,0.05510912040736357,2
4.293112568638353,1.8868280796196812,98.91843799782349,0.7820731297203629,58.06626919230736,166.52387290330586,94.50403012179135,0.07886096231192975,1
1.2131798294152232,0.2872058909186856,69.7937869766406,0.5060908794303135,166.8839976623383,145.63490021325754,191.92622505931433,0.0877202510526001,0
4.201501513690406,1.2163389202701014,71.30239291651515,1.579757692025735,146.16294259394874,135.33683917705082,145.50691623011326,0.03259763884549312,1
1.4684528334266114,2.4796310439622022,13.419805357426794,1.1383014465817993,101.11090335665193,172.98949593642624,228.15142013746913,0.07145462533957678,2
3.2501213592876677,1.9375726168412257,64.4976347402145,0.9688620906167874,57.12413370234833,79.81520646779732,167.78887343849996,0.06468411129703805,2
3.5013378101981725,0.5657947966795019,53.63002540814023,1.642581336642782,179.83625940456812,51.36231752510599,130.20834759928806,0.0875381526272918,2
2.6120082904107598,1.2785316105598814,19.52010162046603,1.7487301619294675,75.4692507403519,155.65941244974644,202.5511109535731,0.048709351054889445,0
1.5960223158139835,0.6223806709389881,35.01298096924232,1.96294930797482,189.6113327422142,179.77837491089568,186.08285456956895,0.0146683387639594,0
1.141957444218371,1.053424271793148,90.1283010592286,1.4630203770128618,121.78930678939378,120.98054132282792,215.93108554096457,0.061676751454526085,0
0.26262783735588846,1.961205858150664,59.498957427935764,1.1922934378100776,101.05800648627256,48.23331430777546,189.41000697812046,0.09629904872066121,2
1.589337366079547,1.939500797461489,47.20749176565179,0.9578964524111538,161.26392153364458,149.26552562169178,108.39228090681644,0.011316806155470108,2
3.300497673603287,0.6088459258608436,16.541394025672986,0.8334773138213394,181.52591091127786,50.32486683841782,193.95270640340124,0.031623218958020914,0
4.6976936103975655,2.3094471294794072,74.2709374662075,0.8193889257239018,105.60703454685661,115.60195807629937,146.56336359468776,0.0384461010967708,2
4.3689019630889545,1.5017920477738258,73.25657410564293,1.1137840620796982,111.10156282552809,78.8545463894738,158.73431514378657,0.0789254999101878,2
3.853717405022983,0.9808145128569357,65.26392462753071,1.9876795329318946,114.9737329020796,168.10374928293535,236.6659778753486,0.03909492302213457,2
3.963391981941164,1.2797421729131087,55.92363815985843,0.501280546156105,188.34845922180037,103.1863698563279,141.193887870617,0.031517547687668256,0
3.358426027032377,1.5324245709224722,49.04059619866354,0.7958088458465011,153.88459872714992,165.78486878699746,184.0330543084426,0.0683702213020337,1
1.375405602073415,1.4217318030221744,63.394398368919305,0.7825894736053607,87.14691755684834,81.87135193563947,141.79189468008073,0.014176476006489965,1
4.545255650458566,1.2416923370636368,31.005590655556603,1.5756792282984384,77.74995462529691,94.23076173498917,96.1036725108246,0.02535371739628723,1
3.386588328338587,1.2870853700190303,94.71331577598829,1.0287270913970927,84.55514951372241,172.59668635459127,157.0993081482111,0.04672272058024994,0
2.846159091804156,0.4822091805483211,62.99150762622066,1.185891206887731,89.53458337782762,68.18402313042895,181.50045575814082,0.042003996610602806,2
0.6438483991460573,2.0411956155464646,38.00731999189389,0.7229361957048575,84.52752370010023,120.99016123116031,149.2755596463918,0.041244923726502694,1
2.290572164651485,1.3773127838554877,50.471186579664156,1.1074955583154216,148.77596707885942,94.39144599841559,146.41325139529135,0.01976995118076956,1
2.355755528889439,0.3711456611765226,82.51163099892031,0.6547997178587541,67.39002659862595,148.38336390962183,219.46434736204748,0.0424756017504817,0
4.336361686661083,1.9270848988778062,24.54544546572677,1.2995649318328746,108.1037734561941,58.101491963990036,85.04647928920994,0.08181934947922626,2
2.7785762789201636,2.3344877470245096,36.355206021423434,0.6469075480742839,143.75803594555498,101.2100956606536,130.2495174458204,0.047245978161765574,2
1.9639626899550076,2.370901903130557,71.15572204628998,1.6857625717597344,93.62899609143963,137.85056775833684,217.99873511412596,0.06275540663341166,0
4.886321609702231,0.9540934444073733,38.39402858340015,1.3499025763107342,59.79115770524871,96.98227290086237,236.49012526389785,0.024722146838558577,1
0.6425309072989468,0.3820163402238474,81.32515136753193,1.5859518106602755,62.273588426895245,48.19444349855274,150.09092959294082,0.01627402271217185,2
2.1704872987285286,1.3200790852510098,21.740813845962474,1.1277745799790257,68.89501644570295,138.71571658694813,231.09502134333297,0.08919604377384047,2
0.30592090833988594,0.3258926119055907,78.64175534091477,1.072236939863341,175.37645373022326,110.44776587589763,113.81812076125556,0.039823533653136296,1
3.725530191757959,2.3382691753559124,16.151654336550962,0.6473133335732955,148.67952584074547,41.58321613521407,117.64260153622935,0.04153035097613195,0
4.598575105775838,0.4997700870201077,11.13333514007453,1.285783410564234,59.678361664646715,125.77182533197222,223.8525340194166,0.08899190645309726,1
1.4721829147973984,0.669276356880352,90.84011669489459,1.271753247285638,108.66033187271299,168.7833431540301,233.5538160279051,0.07369942140178695,2
4.305874216315693,1.0462594908681777,62.32052952390688,1.202153066674408,91.78777592705984,55.54363274963646,117.87698055365348,0.07806364398888516,0
1.5318693292632992,0.9887529479698582,41.66442073781303,1.6107775470236738,136.70601674432004,122.69397290128366,90.08511229466389,0.07138031357508964,1
4.562773792055185,1.9969240863748283,30.933517326746536,1.7487566000485317,128.42089245084702,142.01364344676824,95.35510329939892,0.019521302031238273,1
3.7944133276242415,1.1679762103498579,65.51972049347344,1.6261845124227623,122.16860350545724,49.908313819642764,124.43474201398175,0.0962196238950605,0
4.04404320652305,0.4683822370081754,55.81019651830644,0.7157986142102657,97.17685555589198,43.166164142986084,209.44634311495514,0.09182226584151348,2
0.18823212244222706,0.7046642439408817,99.24379979769867,1.433089263923162,70.66996580659861,104.98742133029262,166.6986107253681,0.031259811414830904,0
4.817770749662727,1.2973277937094292,98.48943879883711,0.6204846585343,161.3564574308957,150.76613621281092,157.45010318127083,0.08235947720294572,0
3.6606878611445843,0.4112620976940305,67.15221095274487,1.5419334311607147,181.97851532639817,62.50071741390597,179.30378829822016,0.046845678834758805,2
1.5932803673920535,1.5485564053327348,49.85834554953015,1.0727586448416901,191.6226363849226,157.1292181100892,231.33792928857164,0.07153902710780348,1
4.16403385780835,1.4360809010503077,54.202687222119586,0.6987484343994299,58.79284559203707,131.92081575930345,95.37316452616179,0.024904269983191063,0
1.479453872233157,1.8010206751365314,71.42311596131758,1.7930762854641917,160.98630673833244,86.50426029038799,198.10310169821884,0.05846988255907788,0
4.376493813874027,2.347376307679451,19.141708981184323,1.421012508558406,158.9755189110444,112.21561178894292,237.55444376141887,0.021395466960391546,1
0.6516439130184913,2.285023674697831,39.55168664296464,1.0320874519212913,192.06644212183838,175.18049716174338,116.269507098928,0.05825504488223044,2
3.5480612895578996,2.3678852642686365,16.774501690324346,0.5460907694757493,87.93718917466481,70.30117588852744,222.42129371351186,0.03192345604514915,1
2.7494225355600608,0.6495532127080674,16.60246835652276,1.3059653885054159,161.32685574427347,109.93495568416563,198.66420082911537,0.05072198758919333,1
0.57301890395766,0.37233500126641883,27.625531770481036,1.884838817729349,58.193943314972685,127.4281178550669,82.4596511324346,0.07011724304569877,0
1.285279758468311,0.7905779162162989,53.67279291339042,1.3945697490535487,144.68685811424285,59.32204476659327,119.37398566156179,0.0889367123494557,0
0.16077977775884247,2.242958673277471,80.62968890465103,1.9574759069292398,102.62717360782696,46.09309240726335,182.99360935229973,0.024876010277675026,2
2.396963030776079,2.4315310128275462,53.69463020492853,0.7046766774056878,165.33641593212127,41.88439341040598,165.40805771350597,0.09039422038759284,0
1.576199777724002,2.155346130122666,40.192894950478276,1.3524576568922553,179.49564296530903,85.45699992400228,169.7491629295672,0.045103388313456116,1
3.0319516730590186,0.3195434167624818,17.411769130308233,1.697187572009644,104.72315633262744,50.35262122788115,119.42817218315986,0.08594169117452928,1
1.5564652577722244,2.371198595246493,59.526597086481665,1.2883110966885742,128.8379139048951,152.52779335575605,194.75059002046652,0.05612931265759868,2
1.5696036463842251,1.0872271670094258,34.41417278348591,0.6365995339812089,67.61060935453999,179.62473380264444,125.29112305925207,0.08759877145866458,0
3.741646673784857,0.07281021236776652,65.34407601254327,1.3743290023208266,112.53604478352149,48.582535042824965,146.20394430133717,0.06965416607681797,0
0.3358998962939319,1.1338646648330744,97.94689652191765,1.4176068587637074,104.12005898887539,100.58167863068155,142.71570569961295,0.05578445265550915,2
4.524185476440738,0.1628694657048956,20.018288932979516,1.5930638727130289,77.46851896767765,43.60249721756047,194.24425376038278,0.03812847697002959,2
4.276092984516789,1.382500906844738,29.091285884974592,1.6418172727482108,184.17179371501638,58.75872470601685,95.34296948614696,0.09720181788567898,0
3.3722429478093923,0.8794573672207758,52.57850842894373,1.6561590323159108,72.21317570602403,85.20915852749437,114.94212317683149,0.0820807891899776,2
3.0067856935261834,1.2099155873054195,97.17524338113365,1.495166590458449,145.36090362952808,95.11774982807097,114.08450201646153,0.04430684666550353,1
4.4722822408842955,1.552267383820637,79.46287986429961,0.8237167796279872,183.52139652198315,171.5696125000096,98.43219459967072,0.025005123375314145,2
1.0081178796907009,2.1785626847536594,90.84062738465471,1.106353633759219,186.79528697948385,95.41715322596542,115.29114640219804,0.08015818767339644,1
0.4869488947350602,1.6716588623562252,40.034336362821364,1.6641949589215979,168.98595497608528,109.4788722680363,183.20024554697022,0.0990949859029828,1
1.2735998325567368,1.1134197277715427,99.28346264007351,1.9301404751012199,76.42117008112649,74.3816715583413,204.468589048612,0.03510774584132249,1
3.9934335656309328,2.0575982414923946,19.254953445774166,0.6184204472549331,172.61471138208046,40.01751942592057,192.25158598475088,0.09242767651014962,0
0.2698843069597683,2.2686762370541738,14.767561544149075,1.3033050166957922,91.48472186234369,165.90682394263894,160.78198345675,0.02128336350291282,1
2.9557534919090993,0.3434119177588832,87.00423643486253,0.9687834069864596,188.35970411487634,51.440065985082676,88.91387708633081,0.09569856288266687,2
4.977643829337419,1.3532357950043392,93.45383831862875,0.8380908414752446,156.36300221357743,174.99483774507206,243.03119181675177,0.0770805021198757,1
4.292910859803943,0.7470543013689882,18.15268217914916,1.2587160252795726,167.79013415133298,58.31817457403643,108.57299834237364,0.041193660633733316,0
2.6550838763135887,0.16529993479852115,20.208468407125736,1.4091340108348052,62.754868025290584,124.68298730506163,193.63163296896403,0.037416864006661055,0
0.4118404555045475,1.6879394030292643,12.985674198019643,0.5146583471292219,137.41476701653167,179.91748229992916,235.19140463195887,0.06790918185454162,0
4.173730220489978,2.1637884047751026,19.40568063784517,1.6703098583017864,173.17131903480194,59.38504344975462,198.62210631676805,0.063415642623283,0
3.034994690068332,0.4491115034696154,28.84778351202528,1.7298231968891715,179.2385529158749,99.3520318915754,117.06843883212153,0.09270430313443179,2
0.6631716855918774,2.0404134611785563,97.30689570190009,1.9482662368518995,54.294755710046225,149.25931365600673,133.6853707898839,0.07896188207882929,0
0.5599006956344454,2.140819547165507,70.10742000157124,0.7709655998370424,190.8738848832679,44.50662097899556,85.13499739188617,0.05863283853165342,2
4.557171415239303,2.290134084532885,80.06977229666879,1.391828843541422,56.50080999537196,136.56958515960622,184.16890094315931,0.0934809257655689,0
3.3790812883965846,0.6999484682608285,79.852546332237,1.1399380602145919,142.17780195122748,51.25226730471193,184.2088067498663,0.06334575681998969,0
4.163505316652102,2.2646850097152287,58.15663748012932,1.002241777333026,154.0081291422968,73.11281991825169,203.3350988339845,0.08647163520946097,2
4.40699661138311,0.8356237491042591,81.77400799417154,1.348450177156257,66.10179367518647,62.41066274907046,81.86936917685563,0.08568483868880708,1
2.9016845250367793,1.4032281329659821,63.62267791509727,1.6735746398353255,57.2017798413789,167.02710043057107,219.03301910015932,0.09272753730545827,2
2.6354871235997024,0.17374330353909123,38.30914878430218,0.5345791751678152,167.73682316760937,65.26394034943532,205.58086275805238,0.016084182815119412,1
2.209094310572852,0.15750866650342182,60.499909789156064,1.95410016884928,107.70059371961509,45.66077337212201,103.9507236190951,0.06254377011521,2
1.6530382801764847,1.8149143711938973,58.01577275210621,1.7148223785585661,66.06687729726855,122.2675949826867,139.09652357572637,0.05215533320539443,1
2.229520208207688,1.1389759460455882,84.11077483833886,1.6267305554683675,164.4001724581463,88.46532955735827,188.54923179371684,0.054148814511820534,0
3.892010313077767,0.6779163196545831,98.35544956434931,1.6405810732707553,177.37446052154309,96.79887088979129,164.28546873985573,0.051391954325818265,1
3.049424811974145,0.51651306526103,46.993830887883746,1.083591064427979,138.10792861382112,56.668784280756576,99.56602486321461,0.08537200204801068,1
4.473364120778746,1.6913860526050843,78.70516105972237,1.6274308262672206,74.18552126519684,144.75282880064725,94.84871377322028,0.038658960767524495,0
2.27256207045802,0.05098378286208269,18.978670363432016,1.0801553129044366,52.28337072372362,124.21751095009252,212.84757084837557,0.05164759734668006,0
3.074738935721895,2.024433364532293,79.91482325034598,1.8480602443621896,155.12037219529157,90.9903862647592,106.51441006302767,0.028061428861097713,1
3.1934070101507452,0.2441615350183256,43.42752207939089,0.7658335749597045,132.5209512237975,64.02049212683903,109.2557545681754,0.03265449543322613,1
2.9993160953009954,0.5191495565248927,13.5451146600718,0.9385211363227273,147.61957125801194,123.08324348387845,221.25693131064878,0.06943780750094876,2
3.5429054881190303,0.9962791684827697,42.69215607059595,1.3270063140486141,171.97770052993934,149.00361913103282,184.0637378757469,0.020524234442559575,0
1.263423995036551,1.237903912304454,64.95784758294803,0.9788165538309088,115.13416654894581,83.73561974140728,182.8016533861753,0.02690396298952096,0
2.6105825099743747,0.9197380337441576,20.73251509133199,1.13635586794291,68.67732032504307,43.6204536954036,161.48878113176778,0.05752311036141827,0
0.6107015337609036,0.8357448042115201,93.16310431872292,1.238634034097892,190.99749280862397,70.00815786541776,176.72915244838947,0.013939572516671217,2
1.9841055054595818,2.4115942295793116,16.990517194555473,1.784530023220263,131.7893190870286,135.5356946449961,182.30084736320788,0.02142342994783524,2
2.4895686362441958,1.6218702190463161,93.70060478498496,1.284788380413039,142.29411786328103,178.47349284396918,244.53045992340864,0.0877017645070074,1
3.2958988717728155,0.10741074065010112,73.64237661421178,1.0436897729218408,190.0117144327627,41.87267351722871,117.90546226948848,0.08615320892154962,2
4.757602157672397,1.1039309756885674,39.674095787278326,0.8716042460526736,189.73754844653945,82.8614986984941,116.47561134907804,0.041299849454228404,2
3.043190226086944,2.193771314372727,45.16753129381839,1.1130139681882958,135.81419100922602,48.68292186283744,89.72714290990366,0.0413192183780066,2
3.7436101892651434,0.7885676567061366,76.67284282594697,1.2736041566215548,94.64171370821391,84.28890028682451,191.8937957975848,0.09428639043376033,0
2.5807036915264936,0.2816630446972512,64.13239907930867,1.6191722858048545,199.56704510191088,96.82800803783897,173.3371707397845,0.01232570251648209,1
3.2071097537440236,1.9080426903952987,70.44786293094506,0.681573164258508,152.12256349303038,168.9206928724757,98.91066465392876,0.062226596177674384,2
0.4475678590554898,1.5347338882433992,45.0248154862132,0.8324137823587263,111.26550153380848,51.27851191669702,141.97161897009184,0.06376515211366547,2
1.3465187461250505,1.4472656441749348,53.90321336268391,1.06948102380301,133.97552042803846,148.7987674292078,110.37274490630466,0.08090983604634952,2
1.8730801567051798,0.1812625710381494,99.0880735634104,1.0405976076792718,112.37510754020445,95.37481544881487,136.35189586814647,0.09565754642403407,0
2.415217439531917,0.39422257399901744,29.253058344974594,1.0876221314078176,183.2457728444971,153.5767989533699,241.71490879708372,0.04202448283390096,1
0.3236788529616803,1.5752460207221288,47.607056786991826,1.690281896960487,122.37490622986192,111.87630594558698,196.1642026096899,0.04940501261104011,1
0.7861180780112567,0.5591684115741479,36.26408688165706,0.9862316044432597,173.52925639718705,45.499485438077414,81.28674713517412,0.07041686324681597,2
1.4563901081773984,1.2849716953836396,78.86003593958648,1.252847270603997,176.0264446734506,172.46882386007744,122.92637254330103,0.0970544460109759,1
4.860510185415148,1.384960130772014,78.76113630991486,1.4358605492868448,173.64985066028726,51.58276888083306,81.76146300322243,0.09017131183630368,0
1.723600334804949,0.7445926161638017,36.32009148976563,0.8482678252754077,158.32829187135115,123.67569035472586,201.5276447906757,0.07003477029430402,2
2.4620011847492047,2.3736416310766577,17.32512849696846,1.5780430807213084,178.23165752113727,162.8734868106922,159.8017063494313,0.087105121450392,1
1.0608787924181255,2.114037061747159,11.028940900498364,1.3206669796074215,108.08443694344538,51.16777168502715,248.98317760844617,0.017668398780229265,2
3.0928223482712647,1.8198150937003565,48.47054799182369,1.170171744547067,67.19948092129405,117.54507437824181,204.7091543738519,0.043941424856666744,0
1.4753477560282742,0.2410849727030523,46.93038349021938,1.7146760401074708,176.36813065587717,155.40058257342332,168.04520026033993,0.011178324612896248,2
1.1142636343482915,0.31001854730709766,98.95508907758766,0.865242888777773,124.72526235310178,178.08545921041141,216.79992279538297,0.025972501443485535,0
2.6312058793852975,1.2573142973691416,52.28218681279117,1.8247639559214848,69.10640487917766,141.40583611396298,199.81662070979291,0.06674433140821619,2
0.12697841588606204,0.4437477055179149,33.07765326178786,1.3415731030500555,67.29687832730119,78.9668125648611,121.44195019811781,0.08970054613603001,2
0.13755375998120412,2.4467503856472117,90.21064969283206,1.4137623190694872,73.8863591014839,137.93984617835733,170.14390672067782,0.0669502278992616,1
1.1734371645991033,0.4383745733671532,54.196115468822065,1.812588446253414,162.64598895006588,138.80734770306952,174.51978322179207,0.069772429630771,1
0.2799346762540236,1.2442961968867363,63.925807168952005,1.726374031774004,156.62850101994218,137.99524169464644,156.7093887633266,0.01934394447305817,0
0.6293261952403878,0.9420965892616884,18.61018393853914,1.4023431032328504,80.57280202773248,159.5964611930348,110.46274588541154,0.0698374441822042,0
1.760417181759883,1.6164967325625401,44.462476659679666,1.6297815557722612,177.03851271646928,52.23320875272873,117.97273878184079,0.050891204563227196,0
4.032669829941083,0.36613920177909104,94.9801307026408,1.1499792353493452,92.19421932923673,55.17877835816067,127.77805816251347,0.06862962084236411,1
2.9030383525095744,1.1042752487038578,63.055484575788284,1.3210666302496195,168.94783749724212,129.6863973915781,81.74337539428784,0.03935557985768447,2
2.6120718571864407,0.723027330377502,41.00516696282155,0.5931052050627668,123.32088616024129,173.5433534537463,235.8804616688166,0.06233373474968532,0
1.5380952337197962,2.2249912354456356,66.31004625684338,0.6347868770000702,159.73230238078492,105.21740944869443,196.63631856919142,0.04816623671478905,2
4.6655932252208006,0.14943499473000296,91.93699806203045,1.744138106279498,107.20814946103488,174.47877822759452,197.23494368336003,0.06027733498915548,2
2.045373702062239,2.288632360315825,34.6591540425331,0.589507483523745,102.0710895642164,171.33193633226156,177.29620434755063,0.023238056649682003,1
0.5267545572992803,2.090835639454851,55.4605046623607,0.7540986884489109,176.20393984389983,166.40736335280474,197.18283738738006,0.04562423682555566,1
3.1236259289772264,0.779048255279998,96.28215885205798,1.6937489884256622,55.29533817711045,167.37913648097194,246.91663347851818,0.04368507915311687,2
0.6578081280353469,1.9837621039589066,25.51565289686074,0.5017189259423844,196.2105420886261,165.76463106591802,145.47725739786387,0.07627550685875276,0
1.7915933997282913,0.1264732228299315,74.76975330370404,0.9236064932687964,147.22693373980601,154.7845136954855,201.12934976901585,0.0735768562571259,1
2.586318499717264,2.4188205982188142,65.3032907382684,1.3760579867399327,114.87250822991632,137.29705420474625,141.11993074417978,0.09179728162581997,2
4.383690370957361,1.340157609344984,71.17076180265713,1.3931748972039448,144.20817967256377,43.41714500296516,225.22909578696041,0.06688500330548779,1
2.518378243666582,0.793038513860341,41.60976676008127,1.6657293623442104,68.41114196884742,58.51550290184735,225.86486317130596,0.0383092416814126,2
3.5410679535551552,0.9383288708569589,38.24914361353885,1.2588893817382556,127.10786829403214,58.792487634405404,233.38529232199244,0.08049021969117982,1
4.964802511095445,0.21269311597821855,71.57887035295334,1.2641028042964555,197.76432850096964,43.295639799142585,80.92876512111931,0.054729787918026386,0
0.74429668750011,2.473906309402996,29.39889565940908,1.5879658633110507,85.29041567700602,56.33824757930913,130.69254564933613,0.027414388956617068,0
1.4461844750456458,0.1462652656191965,47.76892703731046,1.2479366948994253,158.3417148554524,168.7645006993949,102.76713970427133,0.07726703214944139,1
2.0334227704284675,1.6545224517122548,26.93571814476262,1.4127366298454254,115.2457063747551,132.93260016751003,157.17765364132666,0.02192782561473061,1
2.166958074840274,1.134703022880823,10.747435701099677,1.8466611023825765,147.86872227319304,83.69022256135915,164.2264392554806,0.026033799812151627,1
2.1140032688011745,2.374844734562352,97.30516240342625,1.102176511418558,80.73308430376632,151.0704017131352,123.50368728104144,0.07828803355916326,0
4.5472939125271195,0.6526993637516483,48.853268079077715,1.0776876063788334,120.56974739264035,108.37172817367913,202.98590364766198,0.07931302246641593,1
3.598759957887597,1.353612718648128,97.24146529778427,0.505323487797157,197.01390707889126,59.897785168222725,125.8608519221248,0.08117031419237938,0
3.0787355490444486,1.231772711027745,22.629116779104347,1.420139392281848,79.29307265240143,163.83029137170897,225.16153379817095,0.03639926119754042,1
1.6159263175276324,1.7720227879227484,62.86301015117375,0.544657861110698,145.46675417731356,87.41267247310614,110.20209258410377,0.08799287116343671,1
4.1365728826843435,0.21662506828343026,28.087662951211563,1.2562227345924744,136.33966231501932,137.84029227418517,142.4300001100982,0.07504013223658655,2
4.779796506276446,0.5247833685572194,81.10667142669473,1.70635068354834,134.7577379435605,80.68318246994504,185.78041893213185,0.08505706685962065,0
4.12387158449611,0.5756838092274822,80.53326898848778,1.3248816057794945,142.26849344774257,110.00997509433199,182.90696197875306,0.0737744936272201,1
0.10766901543821723,1.8584693493621398,20.13464341353806,0.9044542478250139,125.33569605323422,154.27537961425816,93.2649490408744,0.06216368128717066,0
3.218366713898695,0.5133898060005132,92.08580075887502,1.6792526321740568,52.5396125386487,61.948828499411476,223.8639640724612,0.019845529441661743,2
0.3505633690662936,1.455054821532893,27.516668248290216,0.9045755061238083,185.01452171946767,176.81519533349896,181.6710386830618,0.07398425907567543,0
1.3622753796352374,0.5773473602273367,65.16796074304243,1.5995476714188481,174.04682412260462,49.83022920050167,227.87612328021862,0.07214146979123658,0
0.39167103170408124,2.1609811277057474,98.70702580789336,1.4153876827853469,76.1251521381682,114.76124736367058,227.49804829873764,0.03812420199581744,0
3.0585977194520004,2.3583543634996142,89.41568812897275,0.7549944451220019,111.99097660683036,168.2435727092727,172.8061773637553,0.07622377921417835,0
3.4642905761137737,1.3203077886084893,96.09075357050521,1.8577008122662786,165.5823471040352,172.39714388355355,234.83284774294444,0.05954090980881949,0
0.6609894265229351,0.9131567663124869,40.83388940963075,0.8009655244357936,197.00934730809266,72.49525480316865,224.2293257982875,0.06034656146890736,0
1.9808105269203997,0.623441548792873,19.501807799751703,1.9843806112110047,192.67055696626795,60.15789737007321,242.88090057550107,0.043084421090714135,0
2.335558893882156,0.17196345373145724,26.95121859605051,0.5109657329824111,184.90387995142612,141.41642004450472,224.58472775509907,0.020510653720612292,1
1.9083598066284915,0.7078251866838637,55.04454055689524,0.8952250657143546,73.75608459487094,45.876299558673196,219.6046546701954,0.029523561207939017,1
0.6930225023774459,1.652877660866029,81.39067104459899,0.7997904459112983,187.17126590135072,107.933455664244,159.79128171507494,0.07919484880024524,0
2.1528441719186295,1.3573614817075668,23.513827976548768,0.5209901152556939,181.7667369426619,151.48973175104547,116.04528026424771,0.03442973954472045,0
3.780772434261249,2.362901131788272,69.37583790346814,1.5985518502209732,106.54248667495844,118.43566143235674,234.82048462283262,0.010202774890205036,1
0.44793755621295184,1.0208792931046664,39.12198436355607,1.5401387031493945,109.1783891804393,66.3218572083607,202.83336169583288,0.09973156790183951,2
0.4928820690013269,1.7499651887045669,40.70818651529382,1.6885264465323957,118.98633829327412,108.18620192579485,127.89713691374845,0.02896140104653338,1
1.838379329996323,1.2488407313140475,69.57259571421338,0.8850478196968479,148.42634464496254,168.978460302845,137.96927286845923,0.06898448339833545,2
4.714455986932733,1.3058117290143187,52.02994775798982,1.166502750624455,89.12534239745236,126.40981692619874,196.6333470157275,0.09342298041174944,0
3.376005968942279,0.706047070780088,83.08299637233945,1.4886702824323212,53.4422644159917,141.00868785966276,161.22894242012404,0.06397414611705433,0
3.425482787695568,1.1646294032628994,24.032665869654437,1.1596527558322154,71.18442868958634,87.07694315275208,93.85203551388261,0.08191275535760117,1
1.8734079551055385,1.2034232426811329,81.09534427903347,1.5459886554768736,116.01738613651605,66.38772852346648,104.04615077676169,0.09787345409339335,1
3.0089378769218387,1.7812741782848882,15.781172325167878,1.4509601126606633,92.30038541393027,75.7899121859445,206.76027619709288,0.08743270833368072,1
0.14964280173594258,2.354567998005979,27.464849222104448,0.6719717045332647,164.6774841554198,114.6448631264413,135.85681984191126,0.06021136798105256,0
3.2168706274067573,0.8568371298321356,69.05347430528488,1.6715646816154521,66.0035105823907,79.23082150549853,166.30040282834665,0.04273326374338686,1
4.57510604312356,0.1533911480241812,86.9433090859964,1.5810145386387773,187.61978383322057,115.87507023965415,210.3256513030994,0.05342180042475637,1
3.101609994889614,1.2659230574765674,32.74116649654141,1.483751581426108,184.29907699158667,139.09086983266477,207.6998509300289,0.085764355137149,2
4.381123107985091,1.3839302637654631,39.44724452460217,0.7326404094065035,186.31352253999322,142.81542266384218,108.39255457083655,0.08680191491355763,0
3.64746797178386,0.4626793502731924,58.34086734580659,0.9019946731930455,160.941499790499,63.05589155255308,96.726956947836,0.08612694301225274,0
0.6907362403780822,1.9131382853763637,29.04155258403721,1.0897655473814005,66.04999572253989,145.06031883674083,180.4958898040653,0.06375019624750099,0
4.522021205700624,2.4630763156816546,83.00406354287551,0.9198944324846652,115.72063570543501,134.17633954293026,206.07758856831072,0.05292603259818517,1
0.42557483734329693,2.3671480566707293,79.62729805051848,0.8417154360141972,69.71080577081956,41.68071867161893,105.33678673921976,0.038020425048609564,0
2.716440615484043,0.5329097951179479,23.076254076920343,1.7080365052426636,198.1548789141624,48.24210451256512,143.2323988456367,0.010302476966373637,1
0.7964719065879425,2.1946399377568637,51.74467586349689,1.4573483695403036,99.95576350980099,130.47493026045325,227.94725931449892,0.07880367437748603,2
0.15736239258142992,1.7760094092086278,79.73449899891592,1.3482081973253754,137.79958128350933,93.71854593891935,240.5179340652546,0.03492984520126492,0
2.167967874625431,1.1619240813269336,40.35965779930733,0.8389290662798807,166.90895813663326,60.45455994059323,157.19185936144635,0.03967101058468037,2
1.5456994675053657,1.3744969360955863,66.97961404459585,1.8771148434029619,188.0924126338468,46.21551828374866,93.51770878524161,0.08591331023623396,2
2.481402419608255,2.1315204287070224,14.519180931181545,0.7867745586459745,163.332158876204,62.31576769414032,123.80839755440415,0.014702604141035858,0
2.928279444999299,1.2263306021140143,64.78198844763861,1.6924263992370157,151.17556681493562,174.05195500502631,119.6048864536406,0.09348582983116947,0
0.31432145431384206,0.9643580543075609,23.73876820005463,1.9500090000579395,119.89726730572269,141.85918981993575,120.62383249197968,0.010122573019465578,1
0.7027161461063537,1.2584563579136654,84.75249926030062,1.5906390938363542,140.8100200625786,113.87875893080114,163.9598899144725,0.09452522033428655,2
2.8373477426070846,1.4688680198858703,41.990451722243066,1.9892881627769445,64.12457132792447,171.81567000764284,179.1483607875671,0.05092826419750748,2
1.7815200305460255,0.5132402517569548,35.33984764553762,1.47657667546692,182.5883812941894,126.67546127542454,100.82663007558901,0.019191036263663766,1
3.6729500889922955,2.257223939154127,85.68000790403364,0.8261905154058424,131.5665963259828,141.5903263592934,231.19052110981684,0.07067452305170686,0
3.2962290781005046,1.701758024632554,14.51296207646292,0.8057292405747669,56.02025756524141,79.5712545908221,185.3955499577895,0.09062707831490997,2
4.243461378650544,1.601508847476848,45.69479194009103,0.9868464263832145,187.98531884898463,122.45745810248741,181.5327941455609,0.049426553516285804,1
3.4932148506792045,0.29376575414256345,43.300318651752825,0.5106950303315091,123.3952960755303,60.086814201697635,247.8374297253283,0.07222221136275997,2
2.206662279211726,1.53022614852285,35.63203368245958,1.5225477051242517,180.28837123415028,96.62764032768855,186.7844761738313,0.09814264481703645,2
3.397536449732719,0.34635362248430623,92.05788988013293,0.9030016769417414,178.53319313080354,44.653645498125414,237.92305538120144,0.03166307413417046,1
1.449367753851551,0.2428093042287277,77.583555416505,1.7227748484391292,172.36273811856722,70.32793226157527,128.6636853011646,0.08384045112304193,2
1.6009361440132424,1.3419116943238638,15.75308477727449,1.0387589758389504,59.210452894303415,50.48160811917445,120.82201335890458,0.0365713398412459,1
3.9660272836118877,1.0368245584139129,74.32187044914586,1.2199347401949692,87.05999681363133,94.28903473101239,167.80817676015704,0.048370383999114405,1
2.2874556303677527,1.492585161882747,57.45692198159146,1.948533374840554,181.3321808698146,158.02492304938863,166.46352109823323,0.03535892816475348,2
4.012063668539928,0.26859431174023457,91.07811049614213,0.8632581845709156,184.84865840781407,92.91077488830743,118.50222041226246,0.05014105735907102,2
4.129869630974564,1.1059085039757832,38.16510556135226,1.5818811461446094,118.71032935532091,156.42954763925007,198.94146167299112,0.010458012918545426,0
4.30205545454029,0.47822745186063703,61.67457996486246,1.6326766839581257,116.00622014813034,131.90976376104425,85.03774927023785,0.037309496259724434,0
4.591512655621916,2.4683952105140854,55.06797472668874,0.8314972362854527,76.27109508292247,111.33412252831589,197.40718033340696,0.050076465754392625,2
2.211827580515152,1.4248180204661773,54.06048156048452,1.2514952549182934,195.2616183036727,73.16483705658626,157.72024064096104,0.06690161653354865,0
1.6624474097735804,1.7342203093051252,51.049485956549134,1.0253028879694526,81.97077130385648,169.10185299818133,197.13127684366344,0.0673625252058318,0
2.9527738583111582,0.8472747876723893,28.506652797905314,1.6578593651001339,78.64051765261483,47.588113237884656,161.10370720905823,0.06254070566234436,1
1.9187448748443754,0.2821103412093932,78.01389302431535,1.4337249785435562,149.10934552237615,136.44782247783414,246.14674309039813,0.03637286466330673,2
3.045263417321142,2.440883613819665,50.62024294653598,1.2139745822908206,86.42664545006716,126.97358499331165,136.89644168753003,0.0952663884342171,0
3.557370726954741,0.751334636688799,96.26646475023452,1.6690448975715775,190.81574165215847,101.74581311591376,247.037399290406,0.045277284136698945,0
3.473184590611471,1.088330053675257,33.47275844734987,0.8527333550126255,51.636049297669224,73.64493374096475,91.0455702214258,0.029520454711515202,0
1.9353091463985947,1.6421666081713089,71.4469455664337,1.6304328208765386,50.8629893484952,100.29743115833736,196.23933170878462,0.05990616457011887,2
0.9176149883238889,0.11050837933097266,94.66453716751975,1.7980614681392364,125.73152021533993,162.1881815774789,157.21726515343505,0.07740358028928222,1
2.209593758464817,2.035134869767353,69.71124907144832,1.8179323952113586,123.2093689870208,157.14725543569358,219.76339634004904,0.01110102155400396,2
0.7987113060013529,1.36461656557012,88.41456168556552,1.6755103895294057,74.50460328513657,171.79337499678408,214.23473185188968,0.03487096066559927,1
4.461475472400661,0.7316321083186144,84.47328637813055,1.1120212504974032,124.17793444554266,83.09104892753473,216.03573108890936,0.08424800673400269,0
1.7947995576155016,0.20093956396654966,42.410594394010346,1.9727120340767406,111.74916577549797,94.19458217164221,96.10556188142834,0.055631898404703846,2
0.8568527613942866,0.4481211179123815,64.01115459455468,1.06939046573366,183.5494288013553,42.62166137238086,219.8021689764201,0.04676394741219227,1
0.2246940235381793,2.2428329541909204,24.063520583022004,1.4579380986536385,51.38808803254452,172.01299926080114,116.38682676543937,0.09378111516240807,0
3.264529692803773,1.7307593486429331,58.19732944260396,0.741611267104203,196.44047075494282,86.11461285441764,84.36564485603591,0.018058158741055486,0
3.2208213555282423,0.6622592180103802,30.73797746329035,1.970673347954589,143.65891464437635,96.58293501461905,117.01558234634993,0.06540131807000642,2
1.7689604162483294,0.2107218741153224,76.93631334572011,1.555978882796995,72.77651684679134,167.09264560263523,161.47846779897156,0.04079698446193993,1
0.4513882553534899,1.7420075153472592,57.525257970291214,1.6300663178695525,57.01400207167494,113.72378022335384,206.15893118494347,0.016374105846363316,0
2.107181584986637,1.4523989286210246,47.01046263684945,0.598665055116717,130.71584878388478,119.26443584576691,117.16752174158512,0.029237005774973818,0
1.6249657258106287,1.0410728349226759,34.191738655027976,1.6451267213310077,85.23352489577302,64.67259734112835,99.21128317534613,0.0665139891715556,0
3.4178911347015464,0.9408480505156565,99.88286336571582,1.6620851438309021,95.17483055018889,109.81240291461162,189.8144333540702,0.01254492404691017,1
3.068318322318183,0.5811949760263154,16.453946879643944,1.5076590895433448,86.76982472517705,168.5492041272284,247.262666181203,0.0633023933850416,1
1.886509268167946,1.6905475785169184,13.920461251517802,0.9378644206855155,147.5258470358766,118.22053233510964,182.14795135455506,0.09611653790955739,0
1.1676735158494516,2.4281366680949827,29.55316604444781,1.2345350632413223,133.02934431742005,75.71629104956614,197.47975190098168,0.08155864561332424,1
4.9413762341624,0.48050235230022337,97.39652127650376,0.6656515569630748,61.696163528271725,44.3653209788668,175.3984654368914,0.041103737140046115,0
2.324607943860963,1.5129357190379833,98.1314351487986,1.207380599688729,128.97897997627632,87.08224828356953,212.99923551884567,0.022438688172544748,0
3.4725437553231617,1.089253386577642,68.94349612949225,0.8657357789006073,168.678464834495,120.16272796902412,245.88675143560562,0.051855799052168076,1
0.7887095411339679,1.1443873682744292,89.20960004857642,1.023645479741123,62.179188623048645,45.965860371916214,172.50196899871142,0.04536553925605649,1
2.4793895283310494,0.6726608363131453,29.256555775671586,0.7439006126055479,183.460846434563,125.37096082076187,150.8543869962634,0.09745596640214668,2
0.2349299273603809,2.071580445370477,97.48378847589612,0.8450815516203456,136.74599741715937,113.27793579653579,226.2583203972215,0.09908812490575798,2
2.576730077761205,1.2388762301607408,22.85063651256082,0.6148529627301744,192.5936703905475,149.68096568331993,244.8538184391983,0.04695261906914121,1
4.823685294876741,1.381344337885747,19.101266936349244,1.879852049655382,72.22118265835635,44.044344118074655,101.96087894782656,0.023390558517694317,1
1.9826128936304213,0.7966642363534482,20.09903853225456,1.295616031963105,199.03474990299728,149.31862827462322,178.28906413055924,0.09195485946786147,1
0.2910804616170668,0.4954307408840269,61.58151309453082,1.0951129568941096,146.6409298954515,112.92278640613496,214.71819873281956,0.0814188048100294,1
0.2516833755047833,0.2604804510969102,80.28769606462471,1.302543819153176,135.12412992215943,91.8741065891596,170.66769887658643,0.05601467859901279,0
2.0011351237396604,1.7995918952660441,43.00004600871698,1.442439842722329,127.2919436168128,175.15361669023537,149.56348459280127,0.042881917871362724,0
0.8841221886696509,0.5307739901352463,98.01063890075139,1.8828181900540235,53.54815596474691,62.416736613047426,191.3890695930215,0.050334924483975474,2
0.21442527200811098,1.7406846177625546,49.097812430649654,0.76803942842947,190.9458787324367,115.78551667275491,125.9217760672692,0.09116930577745994,1
3.8054467083558667,1.006422292815037,23.540369569589465,0.9433287479528264,146.59917092812975,84.93740630294698,139.3527362995228,0.02661791029871846,2
2.3467627435212646,1.0686482624246463,51.9370073367523,1.963684004516172,63.74397267489368,113.848093031347,248.68703200982858,0.08261051690111239,1
1.5172993826660073,1.1994848654272907,71.11334488801958,1.0567894799727866,53.142825544178734,117.3185633612577,188.1991068436642,0.011637156954443985,1
4.510407596780755,0.950885844912481,84.90032024539408,0.5338424761359915,57.6175458855127,52.522754779478404,228.3976407128827,0.09285147938278766,1
0.6690809049825756,0.29651894419534575,51.28914609609336,0.7214652389557382,141.4093645148361,132.55892056856896,217.3206472163144,0.055026755168158525,0
4.7840022618810645,0.8085979345069723,63.42461434442507,0.539508052622828,142.10231223418776,128.82740942866167,190.8863342469841,0.030407304370705497,2
1.638436915149029,1.6761491837001494,34.0610240942968,1.9848847136310925,124.95009376721616,147.72541844882494,222.92394401799143,0.010257085253546417,1
4.453177994312538,1.681171783598734,68.13248737649626,0.9183062734868346,96.01487309794274,52.69218911228394,128.81694422370708,0.06035918218702969,2
3.054420094749362,0.7512495527379863,98.73747495553093,1.885314135404339,129.7614097421962,81.6161965665163,188.3097962980907,0.032003908350385434,2
4.1508660627332885,1.1772514350663357,14.414821532901447,1.9938294136395736,127.44527313143868,131.0154839619342,180.40259321907675,0.0668137902409759,0
4.921664499731275,0.5239457086292468,89.7877603634651,1.3997618317146714,52.91233398148484,59.14231562818519,185.81133213486862,0.035305235330684255,0
1.5131866453118543,0.5654115997480977,60.60542524907705,0.5497944725983426,92.37038454912471,134.86374951038192,108.66742761495179,0.017922162627120423,1
4.8095638784972055,0.10646536659618816,32.68887936060699,0.6223874455803904,57.97780122007242,48.26373951485922,127.13131679967162,0.055454646685920345,2
2.00846128502186,2.2470290472739745,95.94007390083321,1.2223835826618166,185.0232127171483,86.89041741434788,128.73191419473164,0.060803716265933,0
1.9890083332109196,0.5662313294335203,53.5018872753009,1.109258019367229,158.78347441777032,158.53955712655267,182.33084763736974,0.050733102298559575,2
1.767896810847078,0.6074579984943352,39.852122650604706,1.4092659586726515,199.41727552893684,148.40078065336243,245.33296967476363,0.05122319988968033,2
2.752897276003168,0.7350235099805731,26.334786544375703,1.158271714567046,95.32568949579317,130.2665001317923,242.1914837009652,0.06306851151100139,1
0.8553107115745868,0.3621497756538011,32.00069892309959,1.9011152739072266,181.77287716353655,161.86417832751417,118.62222400824842,0.057371815846913816,2
2.813186278254255,1.616194063794339,84.95641374322983,1.3021095731202665,140.45814018987227,139.29773618410806,131.82369132135133,0.021931078497639235,0
2.75435358080902,0.2341002352850871,65.29690083854493,1.5405890921936634,117.96881103554074,112.71251472951242,86.13052168745841,0.027737708183652912,1
3.8333188817638635,0.37879594449955817,92.19210575394844,1.844727908963745,83.38596669329527,177.16045005401014,147.79865027609702,0.022761193728614508,1
4.184884813494169,1.6296539801457277,30.877160694200725,0.7203078137498111,160.75882479292142,137.27985117050474,221.8946006856618,0.07239660239977713,1
2.258162616530878,0.8821685201795348,20.902471646401132,0.8446019811777928,185.621112335645,124.19140475382044,235.6777956276438,0.05757385709502695,0
1.5814329218223195,1.7844721754179134,10.5478777878031,0.6609779907110226,85.29625971130561,97.24187853349906,120.20440152655041,0.04868696111778355,1
1.3707409968537632,1.4156906244418481,55.70758338543944,0.7094575988448684,76.30855024604188,166.33774980106705,125.18506049310267,0.08185050957455645,2
1.0536567998538726,0.6772518740007071,99.84762373437893,1.2688759504013496,154.43328725073005,81.399273384699,117.54446880648813,0.03932151937847247,1
0.382473152775222,1.6445284786988539,72.5468741936775,0.981768888451196,196.54597440882787,41.290743189526374,139.5176064876784,0.0611295996781865,0
1.7779950962900957,0.33487051671755763,37.75551327686315,1.1347592592901323,162.49326516561172,67.54367314053039,216.8090977603926,0.01669668413411786,0
1.424213691440838,1.3642054385460747,88.91727247235545,1.9737347476910927,92.68711085714733,55.33244887193028,189.9657698803582,0.07699636754426008,1
4.835445190745396,1.121012857360335,80.35500393891637,0.7350565216939222,112.99331362216785,84.65912838423009,213.609956036829,0.07256732003340309,2
2.8327732486252155,0.70629027790273,11.387364946888534,1.3112181061971133,107.64764531875576,155.6230148441837,179.11528807700205,0.08221416663671938,0
1.8016574912494872,1.5298122444617754,83.51744324869202,0.6483067325804764,177.81425270705682,131.21415595110105,123.81462327005497,0.08960283622148983,0
2.9442912448691105,2.184767301233692,37.04740815146464,0.977744469895818,165.70561683083358,63.65728249271975,118.7590106361325,0.07822254405658768,0
0.782063836593908,2.497316514419538,23.470611812524098,1.2912888855118978,138.346315214228,150.4350409529274,81.53011999683747,0.08600409011145645,1
2.2758143710907945,1.5390187834213902,30.36977557633671,1.9199476189480067,91.24386655953549,110.59078125391638,212.76696326859232,0.04110891390655522,0
3.168548174963213,1.041529392106467,52.17218239376251,1.0868423319252245,190.69827915830842,111.78004737656157,224.01060844800202,0.04090036258134458,0
2.495599375783012,0.601757395529694,48.23811343612099,0.5973600443220047,147.997283715372,90.69570533732227,210.60804193683077,0.09498707379098346,0
2.068716123206189,0.6798854190180239,35.999856943680406,1.0822421719404753,195.57149696626738,161.04629107508327,92.64834981384342,0.09231170826935843,1
4.969857105608521,1.224664696466926,25.499648998632942,0.7186117638109666,137.01755495630462,84.56582253981097,209.5776766188772,0.05936476069947003,0
4.413542334529742,0.9498303681377378,78.60077106779524,0.8449844199371679,173.17891375454212,53.17956649375641,87.78046703554578,0.042990290674538134,0
3.1546891949812568,2.288845580431113,99.10988053614254,1.4271359347474857,171.965806909179,82.3820591560723,97.9508211700865,0.08794013772329204,1
2.889949069793186,0.9523238957564885,80.00124223777213,0.6011357993055225,100.5993165250388,140.149496477504,154.8808133985534,0.03910700191846296,1
3.141236351140462,0.964939248306317,36.63432709043871,1.197085634375056,194.60310844358423,132.06146415246604,160.94499151722283,0.023827157460499997,2
1.0864293283299231,0.9896595554632437,32.032806527092006,1.4141923790161466,53.291220139634596,66.32240149750089,218.74016822517837,0.0675543407504932,0
2.0361749419951614,2.0997195154007624,29.58992884593444,1.1327875885512453,165.30663631511214,55.64980187469189,195.51957164695477,0.013835962875967023,1
0.2933517111654067,1.6444313860749098,22.302556704013266,0.5286895259355955,194.8335628646066,132.5212061762445,106.06443036730677,0.044119171554983926,2
2.430175583685451,1.5547136832812871,59.61974947230711,1.978279035354298,100.83623049255843,134.6927569916877,118.44495314889622,0.08268974341251598,0
2.7608204613925498,0.8686504048404624,64.48603347580098,1.050673651010803,147.21658816864579,91.26094920947989,128.56478200397675,0.03656945761235513,1
1.2159737069057273,2.0538652332394767,73.49523945968235,1.6678657803999004,134.3334874766316,157.99219369407115,101.02434836732593,0.093818393116618,1
4.823741351111018,0.14399146032146778,71.21920338403012,0.9884697382811798,164.22609645147855,176.94872853198837,128.89963068106923,0.09602421999549736,0
4.556327593592486,2.183453072228377,36.30999801550442,1.2125251354901283,179.92668824675786,68.79033128291536,203.8616864417546,0.08342346706886071,0
3.638501853733939,1.3062372544951277,39.72799048571619,1.0826954639164947,140.4566853949322,120.78962019884398,121.03824991823811,0.09888789870928565,2
2.713594480950277,1.0257130754153614,71.33630818981041,1.0138088442644115,172.38568795721852,40.748486060551485,222.0111400002657,0.0577687700360294,0
4.362848882273656,1.26805983775833,41.45028767052655,0.5327770658116682,96.84283638338829,139.82761544368023,159.81788917128534,0.061227959692507446,0
0.7401964847349684,1.6851680498078863,29.136087065738174,1.0400314067817553,84.28805880572253,97.9994958988645,134.8990794115461,0.08525501337434306,0
3.9734979919469366,0.08127529496884854,43.69025383270656,1.834234985599295,114.60015342992602,67.05769176644307,150.1110777733084,0.054352473020928146,1
0.7116219884375566,2.185302048322707,34.487574182017994,1.5355900078905256,151.6604899371175,145.31106904701267,200.61444590089354,0.046604800614976266,2
3.991632246492087,1.1445118370129126,17.948144909672003,0.7181342886431598,78.08704234080855,153.4908316578513,167.85475955181835,0.06532782320570851,2
1.4512610844316494,0.8902679732651917,84.71250120489881,1.3867325069341088,152.05282882278374,55.56331016463122,81.23737287575987,0.06918935597639939,2
4.397743846989126,0.3887016358034399,86.78002502413327,1.8383462899233072,109.1140472858101,45.73940665732476,236.79505391946276,0.07758062395265497,1
4.7258062597444495,1.1266901671781833,29.777527015019153,1.550051061447283,169.3362910838948,86.77098183367642,91.21932051031479,0.07013806275340768,0
0.8291002500850666,1.2659907896467284,15.829497957268156,0.7230265885350451,55.525372565495495,127.63866520654499,239.56562929844557,0.07711496157369957,1
2.3671104648204286,1.0389344015090207,76.49446936160615,1.801748745101745,150.19739567440917,151.07873380640865,84.7859800154093,0.07071037037998772,2
4.906838152997157,1.712717229875898,29.03757632770723,0.9523160199332981,147.47335049749515,116.44874952826407,211.06648694276623,0.0532400714650161,0
2.4686964362684187,1.0811964954601039,45.40919404931742,1.1811142164685127,191.14032141879716,121.30482868297729,170.894700391159,0.02214411259028233,0
4.331382860321271,2.4054730657241046,15.772172701364493,1.2892141395337195,157.00513303461057,151.98015104540474,165.97345070269802,0.08068989060417327,2
2.9847844584434675,1.5182299186678,30.364262628259166,1.7757599065672929,169.4452844634922,114.03807239062631,92.37234543248077,0.012770123624891477,0
1.9391165488060493,2.028320942347177,81.36120504966722,1.8974112427214915,185.68865237797525,125.56162863168207,120.58665175744576,0.09932500825852057,1
1.5003394220767643,0.3179219626182232,82.39568022236817,1.894479316685834,151.2577877437982,112.27042759671829,212.18304390108264,0.0845612640945712,2
1.0957931463218278,1.0233636677174691,28.637634239893938,0.511931271917811,93.5230452439962,163.26415267147854,231.514171086824,0.07038195471831746,1
3.8328111377507166,0.8752768685455242,40.23224605960206,1.8828327283781858,180.46606993752832,72.97232660191244,169.95017577900654,0.0969946094669008,0
1.994048483432837,1.44523185093465,22.081457718436923,0.5815804490023585,162.13671792139627,76.9591018356713,140.0683773816412,0.06512232533105884,2
2.605249764783681,2.159728124150493,16.675536725643013,0.898660485226153,113.66564060013403,57.9146046242556,90.19034537091584,0.015078959266991324,0
2.5123948520057917,0.24192863351691635,99.29545430035685,1.2724817820917493,156.57937589749432,154.72534520921903,195.9703494312779,0.06034439566130681,2
2.9286672432423435,0.22780825520954145,69.00345561203554,1.219888533506591,180.15333157717131,97.64882067873003,127.33592381666804,0.03494837670912486,2
4.341328013560306,2.1332783849861174,58.78868582784869,1.407064690831088,196.34781970869074,88.70515172337414,89.35233154866495,0.043252977518599314,2
4.905622783558804,0.5714827107939757,78.89486503647696,1.2191693431055088,192.8527255938583,177.38882039220186,193.19479394676574,0.05136266402650261,2
2.097162622011703,1.6884454734020438,85.60694437189517,1.9015635194606313,98.79917401462123,169.75247130156995,162.57236490073893,0.07971406717499052,2
4.154842718320885,1.3800514242839728,82.60432912402548,0.8608232723218805,113.25405705772727,176.0782754974666,82.03356544929306,0.05526362929338606,0
3.846186193808117,2.0905893074737123,11.488550436088895,0.9110370410577288,66.4304907466057,59.92185954621699,98.857086648079,0.0527212261742571,2
2.910291862132309,0.35646782909918867,26.812710837144863,1.8811069035395842,87.13164305270689,164.7752538407433,198.8643279718105,0.03717749239676615,1
4.784631003698472,0.3679682660203976,68.94147719060479,0.6151092706178843,182.36318127304253,86.01934391424321,90.82412662118405,0.058588501766743274,2
1.0823251260891738,1.4142049826818537,43.818341302356664,1.4143412328572147,104.12748894190385,41.77194782966075,227.21372102330835,0.032355176899178405,1
0.635394630517145,2.3686277007280085,98.42343859549963,1.522603928098416,143.08289878923216,94.78176703762962,132.92546716138855,0.03348944338674052,0
4.284413638081569,1.066744508008348,69.88643133744287,1.2583125851446093,149.894842746055,111.28748943932835,95.07329997419218,0.07815328976300684,2
2.251834101505367,0.8510081456240027,96.08940178562858,1.5413478182347058,167.2743912714968,55.150859299436746,209.15875428857112,0.0408292538058181,2
4.250147385614596,1.5363888418348204,28.130183348121445,0.7591319690179505,77.42000453684464,115.27486636239588,169.15262985701403,0.014625970564520068,1
4.476142005457533,2.329599071335326,87.75613253035208,1.77894834915731,95.72197019216532,154.72490178474243,132.1288055044806,0.04093095573054828,2
0.4060422087334501,2.100473190469328,38.92170752337028,0.7100385342048283,117.2504512187271,92.87113311748715,149.03671808377555,0.06747149870799571,0
4.4289773386316975,2.488934846296389,99.0608327414026,1.1012186664736245,104.72615918574104,89.37027291480231,83.6401072528204,0.08325870280095901,0
2.2967633713101687,0.10529302884582388,24.191980486583255,0.6128864019623087,197.43578492895347,87.43345883229483,192.65875138170293,0.09657430132531253,2
2.601119196120738,0.3265024545462675,56.47058369544939,1.3178166182261002,175.24112048205689,169.23322242371688,142.18152712378557,0.07715983793274783,1
3.1703033043567306,1.543196020248224,81.35600804534097,1.5046187111384588,121.9530131930729,46.826133830627874,201.38638685378206,0.04859664484751532,0
4.6392747729774255,2.0604122763679316,48.93782325436323,1.9118324526429358,181.89029391297018,102.31065987901374,186.789094811933,0.03692073512844619,2
0.19366886270584377,0.7488486386515781,52.1275654168882,1.6090042938440012,102.14794213749451,77.04392358096035,190.71321160465544,0.021666699115380047,1
2.4365329947573042,0.636067165683836,98.77202159551669,1.3116543746812266,167.87424858353967,165.1329835542492,214.7917608707535,0.0664917791001503,1
3.4698380079097477,1.9780907084839423,48.2777335271038,1.8989255257555007,83.55133971596806,53.44731690173255,187.29687332396267,0.05588949826981058,0
3.64126409272132,0.18813554194041737,64.36648905391573,1.2176552570613148,165.8483067839549,97.60198733525752,151.1834079711217,0.07099313647997271,2
3.4934089145318294,0.9549874865773336,14.908569460763562,1.341808479648304,118.46801047935925,96.95426128435199,146.28768549488805,0.031341984080956266,0
0.7587321340997971,1.289232595351208,85.7989072189234,1.3941477915051437,66.12489814883635,164.37521845658318,100.32895815002549,0.039127975129895104,1
1.5670383830212382,1.4228542521582925,68.33512440815892,1.1149695888298503,90.98936818333735,70.16908230573573,212.5053802365611,0.03628858145487752,0
1.8577060745433662,1.8351071341423035,46.36180925765322,1.7577240358487363,110.34119360353469,130.28535744222557,209.3884350982857,0.08178866579569695,2
4.041742317629574,0.9193720224051127,11.455258595906777,0.7777639082675887,162.39393674966556,58.816857764290475,121.87072240453898,0.02541068333770121,0
1.46592337483131,1.5510766444527877,63.250193853415354,1.332263285557412,60.94740720964263,173.55659997127597,226.6559251586846,0.0647624905322046,1
1.1324543229492956,1.484169785837843,11.139204563574598,1.583349884280791,148.93204926389592,123.02209429812002,180.1305538244068,0.014621951418319606,0
4.791495293286672,1.3916594466016805,10.108325251811612,1.8559642578148658,157.40204613992654,127.67594224489385,161.37676320707644,0.059457481831154776,1
0.14343009705599763,1.61918406819842,65.44887059344191,1.8258775946514176,148.0882054888627,100.7282762324661,82.9743712763343,0.015752257817775034,1
4.989322192841693,0.6856504691167871,27.011536060109883,1.2631104341452128,164.10044572513334,87.91957977328511,145.06600159693375,0.02582889317091886,1
3.4164243644012386,0.257389446282341,27.269879474628578,1.4647421767450126,76.72529240342574,69.77470012928268,188.91403060006272,0.0201722771848206,0
4.159499567300673,0.3422155964973714,68.79444092494694,1.0913566041939515,138.0655032594556,124.55828553651625,95.25713240702518,0.04120528184950839,2
1.5436350420963467,0.6002268375020577,14.832746914543685,1.2022666443203005,191.171742080582,173.63864434875333,158.1264425108832,0.04093582759369562,1
0.1701448605685939,1.275484942030824,38.206500532710066,1.8593986888595744,141.61764047068067,90.37073357293642,248.88411173147134,0.08437773526554307,0
3.7155606409514976,2.1090847388377494,23.448871192781716,1.896055989788711,141.70045204294297,163.64196441268757,201.8115683255415,0.03031187062424759,1
4.187308525303311,1.7681686881165413,62.21587328168805,1.8431210871005295,160.46594631699034,60.828683798614954,172.96805087527275,0.01777480675965793,0
3.728333046572244,1.9831494802950156,69.55886392546563,0.7075562927204573,99.98063481887885,171.0576429234521,170.61559043964303,0.06431606117327168,1
0.7999664077741091,0.909890278618924,74.90222682391392,1.7751260319959543,155.0713851982311,89.06807974573073,87.44006398389305,0.07187056296400061,0
3.7917968190591487,1.0414016670389479,32.97080952267089,1.9225455965322205,187.43507499698225,93.1618096230684,242.74345435934913,0.03653412544193085,1
3.867721632327441,1.0145206206770014,18.03247764729256,1.041874541860407,51.63432095380145,104.79791598480595,237.79020224845732,0.06425327047252395,1
3.3268485267832695,0.5200893017910287,17.081529124770803,1.2779694341325039,180.5169561663298,140.55419779267103,196.00880081482592,0.07984509112059797,1
3.853968070698373,0.19998081245175148,48.35363936056514,1.6686428837194938,82.79274968882886,140.75148071646493,96.8319804458635,0.041279764516850115,2
4.245015054420888,1.4977444274267058,95.12599681564436,1.343117206348473,118.38849105505628,107.14240186075314,115.33176244740449,0.05728184559398007,0
3.1066601597635466,2.473580874380436,29.595613082232216,1.9902252825593743,177.8521701428957,113.24140590395103,111.26462109884949,0.023196994630508803,2
0.5341630984514274,0.458732777128144,33.106744120739435,1.1835700477352424,173.58681911849436,44.201468288379765,168.32834246720722,0.012128212096316232,0
2.4893762673693334,0.16437780875322072,19.079992189527303,1.5709140668110664,183.78912171890838,82.60153821816559,115.32665866533755,0.09832311773297467,1
0.48048173989086485,1.959852620468636,64.50132465045372,1.6888867102948164,191.0625188948789,88.44239039228532,198.28609546251369,0.0369757765482733,0
2.096960852058911,0.6688357163775743,71.18855865524574,1.241150623637659,117.07354351576379,118.22181762160632,172.68908061479613,0.03510118456496395,0
2.0948217967155753,2.0826273231146746,67.86380873446839,1.7854757085670636,148.45457162015106,118.16196743198263,83.00189009725143,0.09759206198557789,1
0.42344823628718375,1.7746448342345629,87.50172187403031,1.3192318868107946,108.571766078916,139.38597168190225,206.48973029606077,0.0755410171386805,1
1.809220616450449,2.3669001657744713,53.778325152346454,1.117476195202447,102.60750762382487,140.38382147053133,112.10088523117125,0.0626768099146435,1
0.6438906840774428,1.0518717276038465,22.1011336690358,0.6617355107779206,114.73931158965043,72.92950138969162,220.23047034571508,0.07293910555840212,0
4.060352529045189,1.6718261066540538,36.04646176339714,1.0901203645256363,161.46142021740138,147.82620115467546,140.35772431090643,0.07389339100258624,1
4.743671327225907,1.1888942129925133,69.61869760792166,1.6009046820999262,125.21611207123293,42.74449952647949,137.5653455968782,0.07870022922636843,1
0.45435072876389915,1.5949423084059318,65.18097763674038,1.881929617520161,172.1089511672513,140.26266384494085,82.00894708229579,0.016047030827792796,0
4.780064515729337,1.1515173197189565,57.79028167686663,0.8775191057904654,161.78277157942338,54.288554492719236,247.91392709691291,0.04715482778045992,2
2.6606253367500514,0.5121490037389834,71.46679768198184,1.032853275995754,53.0717691686599,142.15074917897067,184.04073765921686,0.036561728604971484,0
1.5678718219739822,1.2943486692082833,67.36517653359695,0.7309414911566393,144.53572356592423,113.7965326795766,151.8641282516184,0.016351267466530494,0
0.47662416885320125,1.345031293521734,89.31924005184565,1.5360843413434533,115.48566849628865,101.21563009563289,96.42563875842764,0.0471339097161786,0
2.5530589135450477,2.0359794282373946,62.741473973046695,1.940282645014888,118.49434837267124,136.69329456660006,198.85517090567288,0.06545561368718321,1
3.993126168004669,1.852025729194274,80.07412228305009,1.4614283297722632,172.75595808048422,45.09191672461258,128.06417989862962,0.026064791197697695,0
3.5647237386068213,1.676289478656538,32.383644036982105,1.4256147950093394,132.1411979127015,71.28584559458096,248.0077391238399,0.03745240694990684,2
0.3461074561734715,0.32779838410380274,71.03643261301612,1.330234895750651,182.84327351884207,126.30161994547156,241.59305105538493,0.06752537397254386,0
0.4572189933027272,1.815509912126102,91.19747065444082,0.6326836110283047,156.92083885875354,158.6101569283145,205.00043539647407,0.06213921918014922,0
2.074079084899922,1.2757476330685613,44.71590951098499,1.5942557396440753,132.9260013146079,93.35506917231638,245.08222814810472,0.08819069168559016,1
1.5469234208349223,2.2405438634600903,80.1193768604782,1.4030743153240262,163.18069642266556,76.226606168698,97.95775661713968,0.0812107872685345,1
1.2386831829746345,2.30368378861983,75.23103710758919,1.4922151532844306,55.7523576388111,112.62310101045921,127.58561129121269,0.09690499470574267,2
1.4769220446526967,0.1851336469743744,15.357357718464023,1.8482166395411324,54.06254822423116,127.1241353341578,123.05135909450044,0.06374739791020395,0
4.037065442154735,2.060571822868473,62.33574786616651,1.675941180591527,62.502399038127805,98.8144243968045,92.24215193808142,0.07286206297704637,0
4.653217462796084,0.14235860653554303,21.717041428072214,1.6713728782317891,115.63479877207139,162.7394955723657,245.2785216551475,0.08744556329329627,0
2.0850032031850754,0.9495655829528056,97.0587255007532,1.8907756533190214,85.31752184404147,113.28141924040187,90.19559472997196,0.08559932003427413,0
4.539943910449235,1.378634940271644,83.02667524305906,1.9849024271944993,197.6391941623677,45.0153022598819,225.63711367903605,0.0746849477823611,0
1.6753289361146217,0.41284695663646226,19.87514211224081,1.3719240979415894,131.34352085170502,71.22755365886665,210.58744217806267,0.05502305884365776,0
2.434541233084579,1.8784688407942383,20.957679788291056,0.6633224240467486,149.36236191217375,103.09058432849403,143.8974048701481,0.0345886199407656,1
1.2075420892983988,0.0704690252217395,63.502646942135705,1.1886948616631545,91.8230204370045,137.68157266237068,83.19725164706583,0.08894941785418654,2
3.238332606661636,0.4630676686633903,41.0400256755865,1.6814017196924667,98.26953628814132,70.76531413096244,81.03630384691782,0.07989898980135746,0
4.897007464356563,1.4729522331410156,13.141527316579836,0.5415879871427738,100.31928712117337,176.67604156043896,114.67895291796695,0.08541162567626313,0
3.057116170612556,1.8002495269913665,58.74773570497478,0.5853311575342236,154.8103557725451,84.59815614633169,163.95901860574483,0.02267103863324838,1
1.8532890121563896,2.2957756016000945,44.906058971726225,0.600736673574232,121.05593115339627,114.54722896048237,157.8446962914757,0.03833315903703472,0
3.2743054853535893,1.7784667972398287,19.09688431345684,1.5965536374924663,127.65254787951116,42.655293862345765,179.49973801603767,0.04823965341096861,1
0.7023113244803991,1.6958592121244218,82.17283530303844,1.251749942844758,138.80044732390178,163.88470100031262,211.23308264232955,0.08545167750705046,2
4.454429493300453,1.0161358085591277,92.35690887509254,1.0533469152808903,165.32174843573256,150.4368514935257,144.15028452623497,0.090359800544319,0
2.5651113588211985,0.053146842540663465,78.0934540612717,0.658425567892604,63.55546227687172,67.36412060138298,107.26182823658395,0.03564034428297577,2
2.3018137359942465,0.34439018390227377,84.01800790146496,1.5983603753088338,166.53108683282323,170.653136773578,216.00831586083206,0.07177862505391883,0
2.9707374634222443,1.359658634652296,29.484151053950562,0.9815297158263495,134.48526033127698,84.21756693163664,136.55741582630583,0.017003278553730707,2
3.1614409276680724,1.7040682203188284,33.72156558267409,0.8979861050970008,150.36431672828857,136.9060803732164,128.76992262486962,0.04686159447718851,2
0.45170145050991384,1.0727482955463332,28.767478626926895,1.4784788023303264,99.13276472611429,154.65668452232399,209.93304653297,0.05380021969766967,0
3.444824383994672,1.8401635782445562,78.85570882290075,1.3385163388952628,111.40802552246737,143.72802457320532,238.80370447413455,0.07890695334092043,2
1.2854652335460952,1.3285626235638381,95.31253710410473,1.0436159627199524,84.67487294808804,168.46158976417777,235.54341794182866,0.09027750131534085,1
3.5983678992822905,0.2317316792060649,74.51534860605123,1.4622312062083822,196.89499961261077,160.99846644769917,103.36521239572036,0.04035549122420106,1
4.130420492482564,0.5204398148714747,89.33200883916004,0.9068322805761773,124.5504458765475,179.2456119728254,165.53688608978092,0.05749650009477113,2
4.03939668700735,2.10799564694766,67.48291853948552,1.6922453924064902,199.41153736948968,65.56559776066038,95.78794823378948,0.06827034001307718,2
2.807254740298657,1.8260362292298769,44.88939105029191,0.8439784254614808,123.46789670918994,82.66665217173801,243.36591301408797,0.039581850605213326,1
2.648832472322681,2.242166868180613,48.318545343727465,0.7382565430730235,82.9626896576101,129.0716214404282,116.5887405990627,0.09869843918566401,0
0.8000922105631174,0.3380152603462946,16.778928895066436,1.6736591142483124,126.1178595105285,142.6266060248217,113.5630277101817,0.08881969416130221,1
3.8991961369753647,2.476045209806931,12.831147572142347,1.5618380460468997,55.93933576986167,114.84470763779929,231.1105644111015,0.0366762545979955,2
1.4299059641889005,0.5630464491773374,72.59280437701696,0.7739584635526977,185.7154702132927,50.34997108412609,244.53459437073403,0.055715160789914356,1
2.5338075718079383,0.07886069690227293,49.458600281006255,0.6743686290349069,172.78253767916618,157.8233317520535,198.59748408019362,0.030775655192251998,0
1.492943055344832,2.4936862006812075,59.699356124916655,1.7575986327300381,158.8730781041427,174.52240984297808,100.57085572886822,0.05630535270130014,1
0.7557589786984964,0.7386310193405273,60.18951228601747,1.6648977232950322,141.474007316369,96.77235813569527,162.59545379191457,0.07149991103409564,0
3.1848327147695095,1.686647658655772,34.96382319999712,0.9908860605494964,136.97513505055446,71.47374743783845,218.82286599047265,0.017696898351368902,2
0.36622697063222875,0.4828716697319478,52.83032597465416,1.48729611232005,199.50923211191943,42.70392569469225,177.32112123040167,0.08831054843265446,1
3.7683616472183803,1.4715599038878973,52.368419950093205,0.6862402798217162,91.69961510299069,73.22186505310194,102.5411253038169,0.06343712816019252,1
1.6561752967794718,2.2648857168136702,44.95844991050713,1.2605714885715171,166.9526548048367,137.9886284773791,109.22091741554873,0.09906426087193015,0
0.10065999572197808,0.8344438601996746,83.86078450609634,0.5280954380906298,137.2107155320486,167.62251427418227,226.90408489191685,0.01230323565245529,1
2.6045327822624262,1.6921222413086803,50.60476033188363,1.0874028213823332,196.38208156383277,53.091829300447216,169.5949578268722,0.0848348515988409,1
0.32957435178525535,0.5103637925561205,64.32800720553891,0.6122642322071077,174.17047749473787,117.45628620267019,199.9922515403411,0.08127667434290928,0
1.4532308333224075,1.580748726860877,90.59681083427435,1.2127207702353238,199.7787669484389,137.37437479165652,143.420629459621,0.021956726083602912,1
3.5641847885330096,0.8743033619528999,87.96102605730302,1.1325224702793415,138.24874916936693,78.69331495487761,170.52254909620305,0.040177507157506606,0
0.4071791459471428,0.5674602335404817,90.13799834012487,1.1665775399570841,80.68159363174026,119.78558548384228,246.10753386590758,0.08963165827397555,2
4.212758612544412,0.8172960242239062,34.30044968185126,0.567996953071991,125.55305535421007,140.1347796408082,136.0495162845835,0.05666088655650289,1
0.11871762102705724,0.4881606178441084,13.148423947725654,1.0424245119227487,156.66667010758619,157.28069403895276,194.71404967640666,0.046115333872051516,0
1.3094369590893211,2.2596944642028127,33.49601199057963,1.6347257736498748,166.15405792723823,103.34997911479732,109.32594472318905,0.09149467890257576,0
3.7304298751451506,1.0231078714769657,35.08366110586378,1.05337156003043,50.07649835239153,144.70001064865448,100.69578049425667,0.01840100720293553,1
1.6497237336736035,0.6509342971872001,91.84242940524712,1.572757928914371,125.75406327534411,82.24961604357895,213.21881891403507,0.05258105046120308,0
0.5992727015234663,1.1485992104890357,68.43184595541736,1.0542180854505998,85.28518699559699,69.8265445481022,223.49839569781815,0.06871366881778171,2
1.8651462021220968,0.8353136086759142,17.35335636420059,1.1348591622352797,181.23677498821826,66.22392445269344,193.6129882094006,0.06476872951135114,2
1.4249271032841753,1.8738271718426487,22.184073640999102,1.3458381692438992,72.93581660753428,90.24218245560166,106.89329238256076,0.033784880896800235,1
4.229288320586719,2.4294887841194615,24.010851298777787,1.9260229052106237,149.96843743622503,45.023155450438864,120.89995415923156,0.06069816140809029,2
1.6354047961672016,1.1231824589092347,66.73795733520308,0.6632906699699828,89.90932854873873,79.61885727313495,234.89987037616896,0.07377055878573836,1
3.9657691117024356,2.1595318299319888,76.18726229563028,0.5493706529917606,103.48132148214083,131.31119542205195,129.0796882959586,0.06263968665940285,1
4.4701735095726,1.436364530221068,87.36795195088565,1.4119357757150677,191.0838891135267,130.70866660241916,219.20628775350997,0.07160160033795901,0
2.225705355924995,0.43522737948087203,94.65728957256188,1.9236456333926395,86.06721881121192,50.297532908808776,128.60933911476826,0.033047086544991146,0
4.558721404886521,1.742025718099287,28.15341016477976,1.9845846988320723,64.2504142734396,80.23818639128682,239.70863678498387,0.08495640552446045,0
1.9488584644196452,1.3079145179582594,37.87952362516442,1.2262463710880027,60.392735216633874,119.73807305490904,235.4569951822905,0.05047205832864729,0
4.82398424080153,1.6439859819676537,31.62905926703476,1.2021224316276475,125.69226651491933,84.59729925043439,87.35473951689396,0.09885014596941119,1
0.5375186701753074,2.229734160800579,42.288541071952395,1.4674456561177942,146.2567223426432,98.51832338644229,210.97037776745947,0.01209567886002438,0
3.46639440586589,1.129064698107313,92.31985966813744,1.3334521358074547,99.09404653563308,139.79350599620696,108.8084992398492,0.04422838341228791,0
2.519688798238951,2.2578851768825214,61.76013102454254,1.4511320864211772,153.5389612689621,41.2973561239282,116.59617640408484,0.02624275470745998,2
1.999479146732671,1.8891390849900547,76.43727075920492,1.8109991383068413,59.15505778598567,78.69509617238027,158.17368609635088,0.06000485742946481,1
3.2002882058681448,1.2470820684010628,54.11073125141038,1.619459254231414,178.60019673843152,59.93211412990233,177.97408545740652,0.03188845849362515,2
3.548899749008223,1.527894232362011,12.597212200251207,1.2453160875301934,172.48508146088568,57.86528558702884,135.38595222498364,0.07637301519107337,2
0.12138002128651454,0.8476737746715781,15.77759373980329,1.1927966885002543,197.82444070881283,174.2656303026146,177.81517214421558,0.0893679276103767,2
0.9180701348612738,2.4598133843599967,58.41307281410972,1.459402622769674,190.4757471352768,92.7184464187385,109.01192312799321,0.02897959182238998,0
3.593925648108162,1.6850103494734703,74.69101313380231,1.1835594266304463,103.42957458783921,113.79240188734957,83.7974012447763,0.024460985647161856,1
3.365288526533212,0.15742478861674325,29.379747477585834,1.1866690268984597,109.89130760233658,142.73506418974856,177.10814602149975,0.08878214671556307,2
4.833632775130519,0.8502236690826216,74.97186165930736,0.5244588526797572,161.89472712173892,46.64264648040702,167.9605941935942,0.042514472357965516,2
3.829085172228837,1.577120362709691,82.95991961351612,0.7610962061109626,70.11241579324748,73.74316939807777,197.24117389290723,0.0491125271463127,1
4.758786267883556,0.1880165306081375,47.070773052590006,1.2327704599936296,97.10220653672522,156.50069022811977,190.4697505345302,0.02988725521991821,0
3.5424484575205546,0.10851626873189979,77.17773095596945,1.7339801885755537,67.78114054634725,160.67868584490333,232.57268463977243,0.04827833812460325,2
1.5604558223332716,1.1525593868431163,46.36269552956139,0.9180905100906862,118.2329673609247,92.2131288897123,158.1096654274628,0.030817006577019725,1
0.6162881190291968,0.8650909402470416,71.0515566509518,1.2839651496967235,132.80064198279763,92.48062395124755,81.42281069780014,0.0699334696570763,0
3.930936930390185,1.1238315896812565,78.75973443875887,1.0174431271388482,81.67407049441286,145.96556279524344,187.2109558714652,0.05489887712320785,0
3.2563311852319883,0.6935986092060128,99.27339564772997,0.6572059843093836,53.99475303711575,81.30983174498168,194.77251303254712,0.08092544013666181,0
0.33611146072715153,0.45355848001030324,41.085699585723646,1.937447724606951,157.90337476257847,56.393171359599734,168.65414819731484,0.0381455304460565,0
1.864247282914794,1.7384012246018274,46.99367025171503,1.7820108053754526,53.00077466392528,76.05496303368167,197.18182794100665,0.055503551391313403,0
4.788319095873002,1.3106992348561113,24.90580534691542,0.6177386367003597,196.01039133925343,94.22826242900848,135.00924825014596,0.033357099067942104,1
2.5519656139799864,0.5403778175609488,28.36657525616262,1.579680893702427,83.24108851135932,47.30865934331376,105.29741154248346,0.09410265372219684,0
2.220372766496553,0.832994094336996,72.405550233854,1.0213698565362503,149.58501381744367,107.01523558802447,192.97412287258913,0.05697421010119929,2
2.3427280652805407,1.4999293737751487,92.53410311390284,1.9922747105926888,115.21275893599837,143.60105178818898,121.68169296663987,0.025611624668614878,1
1.1235253476253024,0.2269619032675707,45.51444564951165,0.9535977797434665,58.95107905056608,111.92432022726463,157.57370457831482,0.034548909328902616,2
1.9066651372374968,0.41125987270213993,26.18600021519871,0.8581076680438999,120.82754099517012,50.065347672030974,163.57586420398027,0.017461176771165415,2
1.9120849543371656,0.22945173006310582,35.658954944469464,1.3518358224581077,127.51409514451994,101.62094838843419,161.12392357962602,0.012503439603796006,0
0.35653959891861475,2.040177465149591,50.95465343273248,1.7526892450148062,178.20248121393027,139.24664512599657,181.73635442559248,0.05733296434636039,0
3.8610813797378,1.8934026213694228,36.15852964288315,0.788778307729697,159.8523604471847,48.133531558626586,85.007130517396,0.04034106302730448,1
2.1408717163290074,1.89561668310418,31.022117480967964,1.5641041545789969,61.895371213007955,48.37860656176439,248.24602413811496,0.09673961097342758,1
4.128681445400474,1.804997091516269,76.23860398813716,0.5921098747116825,81.37440251483976,91.88419644533758,201.7727805695571,0.025419825672533577,2
4.266705205487487,1.6899942879911798,10.706042911656088,1.878402114665746,96.78315263224215,67.29495497731926,152.31592290578965,0.08145213874632508,0
1.1387708680234248,1.2186301926765288,58.53074746028348,0.6216123742209482,67.46115296972292,170.86931078317886,112.52610514934153,0.03843742979736125,0
3.3210320626336305,1.623581500592432,81.43901263267784,1.8713470645162438,118.53486063717358,121.38810452356404,93.63014481537057,0.03011836474528347,2
2.4141808403986107,0.1439858092305379,33.96054576857214,1.2362108741790543,197.64637862938034,80.22555591682547,194.27237150644072,0.09726731371011767,0
4.412768015815277,1.5725878355091223,64.29623595508156,1.1721366691938797,127.19191868566423,138.6687420760931,133.88245454295492,0.08223189388711892,1
1.1571293279646253,1.9558003785653493,70.2010095056756,1.9599606192505648,161.2823252484754,92.49006719030604,119.01133790247756,0.06675588023007985,2
3.421284681519217,1.2758779829417561,68.95222267645809,1.9855762665473287,152.4406696549019,58.4961902130614,144.59224580909668,0.07274089335013768,0
3.077985399038341,0.9259076546467306,50.12646707788459,1.475267188941518,177.4867152638207,73.21251217810126,180.79692492731073,0.0992243327365531,2
1.5469772401019808,0.7296955002623989,41.19201890882013,0.6906789377855728,82.35852356984142,129.98461982431257,194.1898868362802,0.06338866679423981,0
0.7693444278907459,1.6248650228971022,85.23316657250321,1.2592551284828037,163.07393925395422,47.26265483957883,189.67891179027012,0.01917104057262641,0
3.2930348263386553,1.7473629366432766,78.26013612998779,1.2937446514334936,182.20328604586243,78.17646560672893,226.7551491936355,0.015837951403124325,0
3.719127544848421,2.1838706196632294,38.912965607252126,1.2716696422029645,75.72647344703641,69.16360686990444,117.18876328191959,0.06999460997264861,1
1.6465739844404153,0.8887185020294274,19.271727499798548,1.3542377577800147,102.02033296820056,68.15891549471448,188.24684774351303,0.06918410295326334,2
3.259679759709338,1.9359421530946848,16.462679090092227,0.528087070691586,195.51526464973423,135.58673767663595,97.189443951636,0.07733564136802798,1
2.036141447296366,1.425321769263878,18.484838010904244,1.5668409222057536,167.11817689696886,155.61436834561104,173.14889728286022,0.01979008572093524,1
3.594713728084827,2.2129494021612937,62.45824250728385,1.568591452929482,92.38862488062986,140.22132512899623,179.2729284232441,0.09504120472796546,2
1.0761548469808604,1.3431396653242709,14.649595824609072,0.6732046627668319,134.59126544667305,130.4018942120717,116.76034081880951,0.05960425725195804,2
4.4620535129172545,1.3181930795750199,40.32341874676345,1.355359163668701,110.64891842742182,168.30324805450095,146.58783209851026,0.06845999689190939,0
1.5083070226813409,1.4657988495302274,77.78797317228064,1.352541773653662,123.49477644906948,48.174933259401556,220.62279122924642,0.013136714504031722,0
1.9021513400051495,1.8858226200989645,36.49133498638403,1.5236756302856003,103.27492870860627,63.4476320366737,105.22953913800379,0.09648767930640165,2
0.384650565193714,2.4134916731297293,78.69772694621169,0.6280965382026216,91.89965277955109,98.01695979387449,153.86605359469283,0.06063326638695538,0
0.6464098403742543,0.23023021782862585,77.09203343863497,1.4397549608991445,151.21445620871282,92.14323009054148,238.56462210594682,0.06070268016951658,0
2.6277233232904083,0.18091477585799204,32.12444193698947,0.9211279261195118,166.78127226291764,98.52722441482314,165.69851770893217,0.09491997846073419,2
1.4112041159670605,2.3469983266479795,75.5939962083471,1.2605044857442578,181.09356841210172,68.90368670597884,203.27273101165878,0.09364151603653006,1
4.1938531061367526,1.348195282519605,77.29989744448906,1.659985329056115,73.29949509772821,60.93046418123197,220.56722672444366,0.029826873263551754,2
0.17199760440927384,1.5565123856889935,45.770853310032415,1.55846890454452,173.42832854678608,111.28705464410993,114.64164372373372,0.09379889397153364,2
1.9575608384924876,1.2319378239070857,28.93784353673664,0.6783545265169901,88.22012367155952,169.9273533696311,117.0969300405985,0.07629591604420553,1
1.7529931791685542,0.2794607588883125,56.91437262026822,1.3867771806741098,114.10045848650759,94.87572472898839,208.9605475367252,0.011701065459827572,0
0.19470539149624508,1.9318189771257332,92.92578292001767,1.9536747964111079,185.216552877387,46.069449976733935,208.06214548998815,0.03158588338645045,1
0.7094051551025001,1.8807003804670381,67.56550591888558,0.7351541560025034,118.17554014739031,138.86342800453343,90.23116450873525,0.047168213092430175,1
2.126849107101313,0.8136731376573895,25.563024786453507,1.7793606315881223,79.55953010664743,80.7546867738045,134.82470091814395,0.06245402099551793,2
2.5150364637924887,0.8002861508095811,71.44812322601679,1.5538221208306653,73.98029828556767,74.3133010226849,147.75052362443444,0.07311967574398201,0
2.0810197615488586,2.1027113832185202,48.448272455365114,1.6610049693646394,120.94756499782007,85.39612009771469,220.93686859009614,0.02891893545612094,0
2.70159462421926,0.22727528146625026,63.23759176198357,0.9229374907139682,164.40086359648313,141.33417334710268,151.71658342305537,0.085303046284632,1
3.0161452070378396,2.208707613473586,76.06576315207971,0.9318333940697636,199.58077159614518,154.63471416184257,237.40791136855145,0.08611437915002393,2
0.1486267235263946,0.6788211402449904,56.34526163630003,1.8590291836647321,168.11129426463526,122.32784942745491,249.42332211390882,0.06714989373345197,1
2.374066281322169,1.5028126320009603,83.25855771159777,1.039748048138838,181.55179384142804,85.14702552073723,212.72344816803943,0.09289845194641286,0
4.821146280349183,2.3431857385543555,74.9940021384965,0.5945230860392157,162.1748541402332,83.46695263641894,193.28573722643375,0.08316841842074692,0
2.643258172634789,1.711400128764784,65.35660060166596,1.400895055369175,184.3152651134159,57.403168986764825,146.62251821781086,0.02994612933641868,2
3.419957110548871,1.0653530405442397,23.571353424911635,0.687226503562764,61.44403149708699,170.66214675292724,91.39670582884568,0.08188091796793245,2
1.628132903792728,1.7393588118182672,85.23541998204115,1.6948943621118624,189.48973984724682,129.33951585563474,177.43358858734217,0.09578818708777946,1
3.892557752948537,0.8927501089751071,94.23150267878344,1.462619663751586,109.46092305884842,43.776446779820965,141.48983394247847,0.022384580231658787,2
3.887315261192964,0.7292831200555061,22.326861142836535,1.8120897578318123,188.2421334920667,132.73139332613528,139.6526728914984,0.09808280963119262,1
2.654350633505281,2.4918740309399654,53.94170164900875,1.677255874673953,61.35992561892134,102.6014793870911,196.91057296060404,0.012249351709308123,2
4.882467734068147,1.8894360663904801,33.2999867773454,0.6681704725072942,157.28644356817037,176.15811482656872,158.81869096142808,0.05699505202963952,1
0.7151960523370016,1.6295639445854533,77.90709766830082,1.0716060146516333,160.35331230053066,154.66963547289697,207.8559536111465,0.07965038250806358,0
0.1830435579589469,0.9204596258873311,74.946667240423,1.6618403748718809,199.5366333946659,63.984205536591745,147.68944785651445,0.0811394292291629,0
3.8737752376097707,0.170444031429868,22.679660851335882,1.1260122098994887,165.32829060347206,140.81555664248128,105.64677553271565,0.07612053122316412,0
4.055062133087925,0.12608934628613128,88.93245441354735,1.9585482271699675,107.386055872341,107.97924053693687,158.4290794523419,0.05764162354778458,0
0.6890154226908236,1.4077440758495572,26.287575758020203,1.6036106748401737,133.5872827427818,66.18632291378995,241.67212743531175,0.06858678898633559,0
1.40135588149717,1.9169801665456754,81.75331230832967,0.5232498750354815,104.98264072498853,137.82358702619285,216.2591869498149,0.07299389670878025,0
0.18600658049648167,1.366579016587445,51.128232366520436,1.8199785373412545,79.40279679572872,116.63426101719435,114.97737336247235,0.054508530179250614,2
1.5372121928247673,2.109923426250831,39.54450642023361,0.6512071773028364,87.27534912534102,44.252343028019865,146.52108527964026,0.06361164776211739,2
3.888395182201491,0.131895006078393,24.241533640679215,0.7107855862701288,83.30158014114815,130.52231307403562,237.7246561874914,0.08617312481118158,2
2.6380065857916373,0.9485425872435533,25.085283053196648,1.6017386009165764,132.32229952448193,128.8981925807417,101.0288399835163,0.03815911190312445,1
1.8056684065246118,0.6308224583767363,69.57014992308103,1.7974528391457203,185.924095179784,60.17192254720477,123.17154111703911,0.05708856942717692,2
1.9215225450410187,1.145818771984949,59.538734915240845,1.304524441849334,186.90899391325965,88.85828177953701,124.57784979822239,0.010763174892295708,2
0.10663276600579397,0.22732216332560007,20.987687948610944,0.9335745994186688,58.214566628873825,122.02585590514559,177.0585888625372,0.07186927597991138,1
1.5690225850696562,2.387622521849128,20.142807439449268,1.0269733178797633,61.98491014278403,59.42962197494218,149.82466435092488,0.02758469181533576,1
3.2676478340258597,0.5969757326199343,16.50795172955123,1.0143339943940841,86.76785857585153,159.3812728968659,93.57801457937097,0.053290112834239206,0
4.8735527747001495,2.3096540499347826,76.93906126361897,0.9900171557142683,88.25891787042124,43.84804648027853,186.96084727810455,0.02891846946524134,2
4.2505980522211075,1.0934382298398706,74.06938767063603,0.8643645077324746,64.23337628588767,54.397238095709696,96.84323696842554,0.012118034312064306,2
0.21561532676309275,2.464534126475284,15.258789176911764,1.4133006419438496,108.26950117601608,56.25496877968377,183.0905384364433,0.0534898496528215,1
4.502946962906713,1.4074430394775164,60.42430680372757,1.8506079778476008,138.15880890369309,113.93499763650772,166.1914246384244,0.048235024594963635,0
3.9376722251632676,2.330540517230728,17.62085397184209,0.9606236196250117,136.72433008991953,126.81596170360754,163.92367232330315,0.048263456217194266,2
3.923843005497804,0.06310502230084597,91.33711935480476,0.7800414461921181,131.5144521887889,96.52371151020812,91.47436170086907,0.028792554393598332,1
2.3441792191175006,1.8831850751432055,91.64056772621193,1.7578664995571374,100.80078873312458,80.41335587354327,188.6674759702011,0.09524841307733614,1
2.050225935477064,2.2624741001011626,72.8409690831817,1.612674996334555,155.9683527974871,153.30443258757805,153.32444396018622,0.010315643662962505,2
1.584287071282644,0.3923153890984375,93.3570029295505,1.8962555473398657,173.9725911471607,49.56003772169882,149.8880407885667,0.09023909049976048,1
0.42190480887639237,0.2855083367437712,83.03077273723216,0.7482796034073644,101.94113997161126,79.24086055859084,181.39673739115125,0.07632117308255339,1
1.2183532811191258,1.0902028876055914,84.56847183343444,0.7163769711748873,62.8303038949193,45.47618103255591,183.06217019091306,0.025486483017994437,2
1.3083578113923209,2.3375133200256912,61.27370655129399,1.312144091457495,94.44953766377847,41.94461889527752,82.55566027953805,0.05249727876731992,0
2.471977641579988,1.3788470724665751,37.54532783945583,1.4216504822526428,70.60529818623542,89.47318417050818,101.28840320454513,0.09899650733574454,2
3.7624775923238007,1.342268336118244,29.60192036047794,1.2202601627893843,120.10380908407713,67.27531274229048,120.2080975436025,0.06793284132858766,0
2.4216681591499385,0.39575898983333857,39.44800198350363,1.3984499544858133,73.39027269741175,77.57121967735448,195.25614666881643,0.021463905143680077,1
0.38343780229108704,0.05193430217838603,66.56458870801558,0.770569653312607,119.42671364869659,154.93260204369554,178.04599159503329,0.051187801497078876,2
4.793170024842199,2.03484322232638,25.539088224915904,1.219420631246125,83.15043384869716,62.81721347489099,208.79695250540814,0.05213827869155312,2
4.71934916356115,0.26455767931628366,33.27762129735895,1.4871388414095017,160.80966581936045,149.23267140125213,205.9033269424557,0.08220369995947975,0
3.9474287614272017,1.6029320559015439,52.1254776515918,1.1490596738730556,54.13523612537685,134.5070872404909,225.04108776504563,0.09245466395435399,1
4.957506717664681,2.290810313562219,30.9745088672154,1.5191710037248969,133.21194557478884,85.70237351971657,144.05852641631037,0.01740173889598611,2
2.767963430721289,0.561197187238156,62.97793027444555,1.1767869208307595,75.4232412380085,116.5178603246803,138.66085725116147,0.03826335582575491,2
4.81756491624071,1.6799184487804317,93.08584256106968,1.0003993712634158,50.14877967044406,102.22098536843544,221.27261851908875,0.036859431419660346,1
0.47046469902207877,0.2428115129333982,77.32804291328138,0.9554075706306385,180.38001320972106,57.97534416967315,120.39226075742137,0.09964433124271165,0
1.8918356664807197,1.529200102402152,69.97839527340217,1.116353088482882,150.72916817211015,167.0059450427846,158.3993035245132,0.06033044050222598,2
1.2043682132331528,0.45163271633534674,62.44493283854009,0.5346344340233012,64.84142330757851,119.74651546200641,113.03536084378246,0.0891848346507986,1
1.0595821122579232,1.8530862232621863,53.91531183313584,1.5027877076691705,149.61085515257832,163.23360641136367,235.35292616366633,0.048342956450034155,2
0.7899344495741129,0.7880166722450752,26.790747367119373,1.7676584614703927,141.74709991063978,155.33571165386064,149.3265122264263,0.07504508353680428,2
3.149826843673384,1.1853079715713835,90.5239409884179,1.031940641664678,121.0035030564805,51.168629543319256,116.12277269924081,0.03579270780737315,2
3.928477093161795,1.5186048279676734,32.36824018115527,0.5690497042125778,112.8887147638421,69.01789324258334,197.64227639671503,0.09206074211403101,0
2.9336621571597674,0.46961985613228696,18.217798982034466,1.9801633960783365,183.06046443736022,60.33655601247631,121.58959529578138,0.05096316168878805,1
0.8201172769822275,1.8670126556131714,77.50136613058257,0.8955473831766004,86.77220298461769,156.30913459016864,240.39561253893797,0.08233529475844785,2
4.074506472674008,0.7914688345601958,25.805398089804974,0.6899316825361594,109.7465085520075,160.74252770372834,142.49489251759994,0.033023519500830836,2
3.21617806510227,1.6728110567862462,43.470639958705846,1.0546287619595418,99.36731193422409,113.91601137317123,192.9889210573123,0.07242439077296912,2
2.002011960022278,0.4377934742134655,12.545643546188176,1.607835560950335,165.68015435549503,54.58493015112097,138.6916382967603,0.046464256396003226,0
3.403238448126709,1.7358882650555583,22.336114828640326,0.9408748953358486,187.46979593488092,58.986326596022266,217.23174910889054,0.012829548067709235,2
1.373534398289881,0.3640607783856313,25.588326768392086,1.3620548058792317,177.46725481103456,153.89683374135743,232.4768659738719,0.04717074283831572,1
1.7914418216216317,1.09212341586146,14.896911497516015,1.1233399916557132,169.65558954496527,170.08661911410624,213.94612110051364,0.059501947757987846,0
4.595680631346752,0.6556548806602482,69.09912609605607,0.6766459884149277,198.01849183551244,67.92659591549194,224.2448331836784,0.023658545252185772,1
1.5234720777899602,1.8835193610990475,85.33070162228056,0.9954305187381653,154.57168256155776,41.559260706104226,97.31974074939811,0.02655217946733536,2
2.4029425139738896,0.6919857610418427,43.598386572934686,1.5873057585711,162.65806868203006,86.3334067211089,237.09099509562128,0.05183765184908413,2
4.461691573240472,2.210207400668721,88.71188290463806,1.4180058459971685,197.42038095575285,44.26991455070339,186.13112390879763,0.0408456741190066,0
3.567834616310885,2.2349595179462014,29.201191710411386,0.6796675698253415,51.04861780987611,155.9164882509253,227.76698046825393,0.04966664842030265,2
0.40479580820704353,0.5312812222958254,39.285138120511554,0.7449836145714628,145.10725646545475,108.81171601167522,196.35424991152064,0.05147442903904506,1
0.8217849169669547,1.5539225652689246,23.566329372805157,1.4611000389611681,160.84572979299344,129.8605090268228,114.31410365243076,0.022606843933248008,1
0.13842379478239242,0.26490822221391264,65.85032758770987,1.7201231214813033,187.67405806357925,97.6078826591159,183.624367279765,0.02630751177431033,1
3.1915167721229007,1.0092658940239916,47.78826317832762,1.0242117439372538,182.57664562765143,88.37105658174747,95.46086075293397,0.08633488541315448,2
2.29359978451105,1.7976382372781172,65.19550121577089,1.3929661277651753,176.29410218506916,71.10805783065189,198.27291513708695,0.024644682037943566,2
0.7579467694211501,1.665586954782295,78.55074148547652,0.7559653831281579,191.86869079125557,147.8745565853404,149.53019398369736,0.06993228997074348,0
4.793877193178175,1.5805166400461896,59.11327144296536,0.9670645053579858,130.6068781870561,137.3766618181741,105.79463942703552,0.047667524209101295,0
2.6953326473335375,0.7422251159729869,66.48673194116091,0.5304053085095789,51.038014337724015,90.50205782945207,246.4690686976304,0.09714130173726768,1
1.2852771411531572,0.9761611261142851,94.17252829548997,1.652413921699284,51.65815980455143,84.95625880188561,233.18435211581578,0.01594939256994138,1
2.5529574986580674,0.30221805451570116,36.91578786479588,1.10151472965945,131.69585834267872,40.17400301081506,231.90243127855314,0.08473499794276858,0
3.4301396304020284,1.8116059100623225,42.324754477055784,1.7241883604809307,115.29083582959119,48.897298206366145,214.09945207988298,0.054230430799235944,0
0.473572168070466,1.2845275521386204,74.59330255384032,1.5625594940340894,117.68675800481728,127.25577348496887,197.63679127439798,0.010481713377776975,1
1.4460486937346708,1.7864757992468538,65.0174965349848,1.7431163985927154,110.06071058150555,112.04502343296464,191.3635116496817,0.03372941970455984,0
4.054130905331569,0.6599116357523384,26.067961408574334,0.9284880043743242,187.65887136368536,100.87244862790315,98.0359524096554,0.04669271672943426,2
2.3523578649730403,0.8448736601559124,43.853257900944115,0.7776630956417678,103.87555267546848,155.85031371223218,233.0962600041372,0.038277527810403264,2
2.7782279959582454,0.868827576287281,52.105421181224344,1.9578585239775057,178.43404126446248,110.54574861639853,229.79182737178377,0.042620451761254,0
2.2207984108263994,0.1130689038806797,47.74508541715504,1.5759916805613043,185.42971906874612,93.8291013970248,207.13494650922507,0.09250047182234619,0
0.3151097189507251,0.8855672884350277,26.04473274898367,1.7510634018900055,124.92526549984322,62.5758886534979,237.64354304277083,0.0424840629153095,2
0.912173921118764,2.0180962051191824,93.1987082605836,0.5197000605649006,117.04070560476325,154.89632115004667,174.02418673765862,0.04769464414624596,2
2.2831540298352655,2.2483813145868594,78.60868855245782,1.03169243044383,164.153090632317,120.67475501696629,156.09919690198439,0.07850183982203016,1
1.1250087804988465,1.3196348733080223,53.322024889706704,1.6142250358659975,156.19572614598235,52.94439522918602,244.55105836826738,0.08144502091735377,0
0.34489724043242587,1.1659791532870898,71.2054925476153,0.616974249484975,99.28026748943088,130.84577571959062,158.90230192560153,0.017568068660802513,2
4.233883353853936,0.12552031581345713,90.75544049219697,1.3510098943534035,65.38221888869698,99.50990436837739,189.0251549814168,0.07336630311103039,0
4.907843392904168,2.2040506270841873,22.25567281254141,1.1436091511825048,89.72786002737206,153.59407130231943,143.42056496593463,0.053431475830909826,2
3.986400082584024,0.08187502289338816,32.533574563627994,0.526424760711661,69.65427587184485,168.64804357943947,188.17545842335375,0.022046850391388987,2
4.283546116352868,2.3646376965150186,58.843112253098056,0.8539633656791771,94.2098413665037,124.06521384467445,202.4168292563669,0.033823950755219594,0
1.2856879385535225,1.2485798092858222,81.91093342171227,0.9271879836000714,89.27323483711986,142.4257947038713,186.19143929905357,0.014053194757586682,1
4.8070721800146785,0.8877395092580803,13.262940589737465,0.6677899195194836,145.65671358300705,47.9227186643032,167.4757000067536,0.04242134699306517,2
1.0649359518217991,2.314335165364517,98.56163351767245,1.4473053646139906,193.17440426821696,118.43576370016201,131.0188355962896,0.03298657963006218,0
4.762006070772978,0.10975793311973701,50.941594259415744,0.8635968143778335,152.86155984957253,145.74759696976636,189.45376494315798,0.044389305764201595,2
4.97461454043316,1.4744909924292635,42.33080265595507,0.9164292494290825,188.99741120968545,109.54670092693452,234.43291219443168,0.06223064927776812,0
3.5874417481556393,1.3948846850233774,36.345199405579464,1.8473578973002212,167.6198387912665,123.0970125306072,81.17514049884345,0.0759105596832958,0
4.907604285779927,0.5873349829678862,25.69210368857845,1.2006846390397092,159.18164331067598,165.8527459813462,102.76793466304736,0.06448167879035768,2
2.8907449198788084,1.100774206808016,81.24165180370251,1.0881922204539085,112.10929103200121,67.73394008436792,100.36143694497547,0.07105395720339512,1
1.3717547375628427,1.6480468145622371,95.98727482714868,1.5858065574720759,98.7191754295053,53.75451105726766,236.9449014917852,0.08790752085569141,2
2.2412798397615425,1.8314714323607226,47.22802793608584,1.8644206953243683,176.9416058709379,136.69010583953013,192.66710712364448,0.08864419991153598,2
3.0084485833560515,0.05175630383112047,95.71786252781106,0.5375545043561658,185.8089849393508,155.19884677314218,241.8039780999256,0.08746474135232567,1
0.4580996539323735,2.3452909037229874,84.14178538915307,1.1723582698330948,117.7823740476398,159.0686264015589,179.0782564461128,0.023785202393157394,1
3.1494819966245062,0.4530871623623904,53.29460147286865,1.4161720341169208,51.35946472799666,129.83022959277082,158.49459251707313,0.03259622202342809,0
4.9077714001352435,0.6222720638447801,70.66235612135195,0.9778446471889843,168.8796588359706,156.64987854391248,214.69829500844162,0.055209277443481496,0
1.0315274839402655,0.6955099419499282,49.14857612534166,1.6586115831848627,92.76032607084375,138.09298880126062,107.36018547078817,0.04228653646144243,1
3.9837160698130787,0.14265933455248653,60.285106739129716,1.9572156054054108,51.48317975253811,52.232768226950704,144.82747977394462,0.02185020714519669,1
4.548704089520135,0.35147770279629603,15.224170331665343,1.9151410493754248,170.7482838464183,146.68609110389832,159.26662089081805,0.03589752111450863,2
4.724137804819082,2.466557311213197,72.66371277704798,0.8989738090699129,127.61212832253473,65.11035653704616,130.7379270670601,0.09778858854990752,1
4.804664461586691,0.822281006574351,14.754218003572303,0.8395074176562289,152.78161195077035,73.12530796273619,143.11855410944133,0.04122340799468826,2
2.655152229735213,0.33248767133067086,83.53764522276846,1.9362357965318315,187.20347317167162,95.25108777981308,93.27788177715111,0.047702266146636536,2
4.888808749158368,0.31212858987782716,84.24522365145017,1.1879427311471988,131.17607452071582,84.03938928568716,113.65721020642485,0.010576127967156727,2
3.810820014958751,1.8126769207914313,31.336955880059314,0.8124465846270377,125.47911088684486,85.03124336240768,137.0344424562578,0.07474733918111788,1
0.8921900375611134,2.14369322687997,39.12965029322203,1.5604954454456272,93.59931820223953,63.69633338856641,215.30137364963284,0.047219505899084184,1
2.436810521693053,0.6795331337957513,53.317934070246395,0.9266304858556873,95.7790751659929,81.14194659533621,111.02455032328686,0.0192826056605645,2
3.61982275932282,0.10122830522132568,63.69966162392333,0.9008704626065784,169.48130990444687,42.75276259662345,138.9288635773182,0.09717010644742048,1
1.3119675475135084,0.5965705451911218,35.8618295567797,1.8188735646166772,117.35438683789056,106.20753253636565,91.03644899347898,0.07996898913265782,0
3.239014399389548,0.18846344245205549,63.32377641687325,0.7437187300653552,74.52893129121806,147.60273422777294,174.707738620523,0.07535350804894542,0
3.3663423473284344,0.3033175947436017,36.8008365906369,0.5965894196993546,64.17931460007433,160.71463169147756,183.91265098395772,0.09620851013575026,2
0.8972287446619729,1.107194893626724,14.99416489639546,0.9037796602575309,120.9380175292669,154.8599982543214,227.13779878856838,0.04667320760654241,1
2.8689180310185063,0.6133000086109999,10.227479484871806,1.4104181192573058,119.74325354265957,98.30408065931584,219.2497197453339,0.07466801862632036,0
3.8809718637951782,1.3140674023872874,19.103595212658576,0.6846317801049058,148.0187417308094,142.25970736293988,128.51425229625968,0.028558710764690604,2
2.5445887562261156,0.6710596954801165,81.30256301476165,1.2073920084151906,120.6601216617711,80.30470837332975,103.28212716227615,0.0727408492706908,0
0.1593052722029264,2.3543163877022217,96.52881811450034,1.4410056656379797,71.52135562013221,47.77874618046651,106.53414097576864,0.011267118296884256,2
0.14428849848853167,2.269562721419348,48.42695793530973,1.7731054888897608,126.17043271977703,134.63601355477732,244.72387031687558,0.021367484239655274,2
1.8494437854530599,1.4386749572756419,56.14155581049485,0.8448043868033815,186.01841058290378,130.83146306309683,194.44838838125077,0.04827330267425637,2
4.6383509353157315,0.9183387803690962,23.21633521660835,1.7260194850741841,73.91621174303187,152.2281153648026,87.23703392655068,0.011088342532540735,0
1.2205162200576831,0.9838098609851023,59.59282174121413,0.8523593916968579,153.46319614666234,126.25486893840318,103.25247335766608,0.05157692699053774,2
3.2083820754712673,1.0590380937040176,23.018941180627916,1.5151498118594608,139.07888974482898,61.96482749634829,162.58601106716247,0.05705125741585036,2
1.188171766397271,1.832569339230613,65.0092898078947,1.1460103572236826,162.28785900677042,159.44273488702774,115.33089672983036,0.06594459378283739,0
1.6761829493317886,1.156515539021153,93.99328008227684,0.6720218635680053,72.5900410141389,127.81539032261811,216.6220274500032,0.01903480092942547,2
4.2554062390472716,2.1489883689394484,27.612868537273563,1.571395194232773,191.24080053589918,153.06535786490056,177.44690998679204,0.02629107218144911,0
3.67142106712274,2.363032225529393,78.81073462513918,0.8266439278235267,143.1449641650738,148.37499685264572,184.14747532418073,0.06519550336454756,2
0.5674564588347322,0.8730680757783881,12.115218053649164,0.7649351390368873,177.0606706536705,81.70102821151238,158.680343168366,0.06923689412163754,1
2.200639902833525,1.4237014793704164,43.79475171894589,1.0374843928840747,86.99101455203534,50.437416479287336,123.53067182247364,0.012331020538924865,1
0.24293184186179592,0.28288851523978287,19.967365704745816,1.4799353671392252,160.91193340969426,64.71061727254188,180.19861424443292,0.058633062590353446,0
2.4563617183547444,0.5411491670275795,41.72278974361295,0.8509947181859416,167.15460565008783,53.0007268038551,201.8849078473244,0.08064835587989494,2
3.3459266573352338,1.0629911284398923,25.618322767499514,0.7754923081728287,109.61529085806134,74.07774049121909,143.06117319712837,0.01621907900068547,0
0.6806628556309426,0.5551966539593582,43.597449111059866,0.5149304385700465,107.5930179325133,104.33451822363902,165.840417205032,0.047185557872186784,2
1.515536200654912,2.197573202432358,47.57705254967773,1.2074646456525855,148.66943975386238,166.9534846973796,222.74627498024566,0.03938601457270917,0
2.049399464960569,0.4378013273447903,37.05320105028265,1.142968353972774,64.01115226403239,162.08262582888887,105.27589950981825,0.09222990628168151,1
4.605702020814643,1.1663690128050754,69.09597545258163,0.8508016154560645,160.34362253262634,140.60397411340193,172.68815127659707,0.02672221538858098,0
4.9669495755725235,1.5339631391266955,92.69668461330187,0.5804782460145361,56.433013975911635,43.37573033669564,139.2301525109688,0.038652437183003215,1
0.3200653650785177,1.745066574994069,46.05358366947451,1.1438838118937553,78.5885451681239,87.7944881848775,199.47510889692919,0.09086002704921728,1
3.8289388251274215,0.9885199558299416,27.31088408275193,1.6823076666074468,149.62156358620507,135.52877970783277,83.1977413376071,0.03975879754539755,1
1.921447925371482,2.179292718375585,34.365048237638504,1.5729231969907655,64.74855006379457,58.06404555746957,193.98046096654207,0.0578212696527035,0
2.023045112524452,1.4423819201409176,86.86007411467321,1.7911923347902554,195.7763137215185,152.1522990022272,97.49261478275186,0.012973180350779144,0
3.7958983694004114,1.126794062096502,61.44757509431331,0.5143740315697334,180.2594314192851,168.0403151982631,91.01051800892186,0.09864121925575325,1
4.600289517512502,0.21473955342748974,50.95099290762615,1.9496289752068976,143.94534986101047,89.57462252929557,203.1859611629642,0.08424520370840706,0
4.759550113062487,1.1884891976906544,23.467304935803405,1.0121183789411725,172.85861835040248,138.81802866093668,188.8581659936925,0.06709608502720087,2
2.9279006715877722,2.060802809998539,50.475457749140375,1.9855966941379473,183.13700728843517,60.74857857361987,232.139108251752,0.015467974578098228,1
1.849893680572464,1.555625494642223,35.0642803021648,0.878929190902662,88.92134743577276,136.71430287582376,168.34134248610968,0.016738296523550262,2
3.9589905207080185,2.08879801163634,94.88468150680143,1.2073045813673673,177.41173819239793,43.00375772018606,170.1041523396184,0.059047626771162084,1
1.3299067779852713,1.2603285929682988,89.56630984741581,1.0308915148629554,79.21906754564027,61.108010953554135,200.1930320480136,0.035655799258309084,2
2.8639627412842374,0.3402311774814805,17.55122876453782,1.033641072491454,112.0013396223223,139.3834025252138,134.9775879800527,0.0660510502752856,1
1.8570344614718788,0.08341762229790863,56.49881403351186,1.7634231481223237,133.73894468728992,139.65903120268285,86.27511742172854,0.06383732336629952,1
3.317492261168593,0.7928878894605486,30.255251096320485,1.619628409606008,157.08364446110488,129.7627788183248,119.10779037223983,0.08547862584513681,1
1.277954673178184,1.7600766551695917,46.969938057186155,1.9882271528450721,54.52119765837921,106.83096341378845,120.46228002238232,0.03532393546413781,0
1.0388054341006463,1.98613676465715,88.91631984263108,1.4202720240762687,93.57641191672835,134.48713276407233,137.06200454729296,0.062007717204189336,2
4.599371524709642,0.7745944448198072,57.47630678996903,1.194884906591754,141.27786473155854,148.33211176043034,240.38866461687869,0.07996269869548848,1
0.5988380464527309,1.2643521061639555,40.079376403368386,0.6351107944203367,103.60530187236782,175.30743226514412,216.82327577273514,0.05416956876900937,0
2.5791937479011655,1.0817413158635,28.709951869449736,1.9948421292707852,166.253758344424,164.4097444168047,239.11256168488265,0.084757929844505,1
1.1821786365187439,1.0557808216609983,82.02923734658403,1.3272959793984243,147.74782417260744,151.23478835925744,249.76363031921008,0.021814858141639568,2
0.29075682029577055,0.6168043473403688,66.20662138279124,1.5507162045352127,85.16021805856036,137.2660523400122,153.74243069479758,0.0760507988632429,1
0.27649220962798937,0.384109207322173,52.12589143836081,1.110113580786967,71.88934693884997,120.38177636053142,118.60246383565178,0.09486838823688806,0
0.958586683318554,0.5318869676664721,29.573591847668023,1.3215735622688538,144.35704903805757,56.88523526926828,175.20070741339237,0.03986949888942095,1
4.347174737079401,0.18556434855019793,40.08217367414182,1.9138665978393308,117.57009915571366,63.177957893775016,229.79285037118018,0.04297027981707685,1
1.4841458454874308,0.5354203174677638,96.38590840646667,0.7496291568974041,75.34355616519778,154.83913849392593,159.17441637247828,0.017519470947176926,1
4.757249935818949,0.07254219918217968,56.80809438452509,0.9385588764953818,98.9561307977566,152.4638077090109,165.91788143728309,0.06773435016172406,1
2.9499492356470487,1.586783081558147,46.062935311892765,0.7280895916670485,95.45701224778799,126.02424963627081,102.85464800773053,0.059720565307138325,0
2.239409529866954,0.8251197480998231,56.92798381134915,1.688323855707162,66.21979585090627,101.43761858026147,151.47743373651937,0.013631118285913102,1
2.942435289880328,2.4342045429959263,80.10896553096478,0.5930678906327443,132.0363528897842,43.64457097530479,145.7891176674583,0.07769908242741806,2
2.6318220876087124,0.5246067744019298,40.60980428525819,0.6224474747770075,164.5472950868831,85.80477195399615,139.78704548712642,0.08463560461705225,2
3.8180036434108935,0.8972799972585052,26.083550883934798,0.9477411691810531,136.32003332794807,98.8895520591445,230.84077388711395,0.09164076437266787,1
1.4842307232669762,0.9267108386717565,62.6442506505143,1.2712822713815168,173.94370474060287,108.01428006427888,90.0812436460966,0.0591160677553578,0
1.8299469188414819,0.07070616535302833,69.86836931329604,1.1094122008393799,69.13528208231469,170.1054437985693,245.26502109254898,0.05073220314115817,2
4.481062082412929,2.1060594849466745,74.14462026626947,0.5672244660062109,115.34177867333358,55.21931597202,81.40196029643313,0.08885234390788697,1
4.737636914436987,0.12838642735359557,89.37888316895167,1.9362373368064274,141.41226554871486,112.64136876916785,240.75098237146753,0.04588271371613252,1
4.473535314683725,2.3534405950866413,43.40567086202017,1.9293042805371257,151.4002341412861,91.50912157415917,173.1680754825524,0.06898988127111055,0
2.1552951703908367,2.2355821601793706,16.781940660600263,0.9190344848611398,154.36794596351405,178.61373669024724,199.41569154801968,0.06538260307608337,1
3.923790964733721,1.3620286944106108,96.2513725267848,1.5972884229028723,159.34481406468217,160.66096227960674,111.81258444817095,0.04349449898366607,0
2.4340450931753845,1.3818091585326657,49.15107346937277,1.3678631170748357,147.7144718294025,101.43001959344892,191.2159616328232,0.017820094380944333,2
2.537945275515901,1.6517559112425833,66.09317587058182,0.856215042508436,64.13421334113015,179.95738530966645,229.93280364971454,0.011927398480361713,1
1.1029325343806915,0.9982725292404732,69.9674790815463,0.8932573276124232,154.29585164034447,111.96885450600949,103.71162377172077,0.048541396648184854,0
2.996538485966731,1.635694594324746,59.18623378310832,1.2367297614656758,158.71739851615814,63.3964915227961,101.60387408645929,0.053308141734102116,1
1.0120658989914049,0.15968255228679284,28.47317767626431,1.1288554122460401,199.02199015004408,117.82245685574004,131.67624455541036,0.08404104413709028,1
1.7246670254292498,0.1824166870068301,77.96287451045274,0.9368439923468963,154.0043655051689,71.66880721251053,107.49340172081769,0.04729704849203241,2
4.289647987937682,1.1702145280678837,82.33767768736735,1.7112673944577232,153.02455936273233,129.08379761067528,98.809794175869,0.035304388726012235,1
1.1146714651331908,1.3965746377097858,59.76780274156958,1.2221943764560774,127.2219935272958,171.24162448374958,195.3142361174996,0.0515886821267638,0
0.44867559734982077,2.2251532188227565,53.97050445263574,1.4822720935836917,180.18843628776708,150.06780075690395,116.35052436512343,0.0314191432381619,0
0.43813720380279997,0.30641855307434585,20.254436481518677,0.7839102502518132,199.52521429417374,78.24291665866772,193.39253289833766,0.01822245500034609,0
4.709844150465229,2.0654874216250287,17.555649534980546,1.30026149377473,166.85673052961482,81.560207495241,226.52796860968877,0.020173873031749653,1
2.58391014601299,0.5646159763655706,40.56083610071759,0.9769640741699323,141.87505667867126,49.700348432643686,190.8442145402101,0.038723901390723486,1
2.10611915190339,1.015504938849578,37.976153996565394,1.2896204155923172,61.843224039735226,80.02149699047882,100.29240188561815,0.011140877580264164,2
4.073305046938801,0.8256759653271617,95.82908058669442,1.6712387501163923,159.01086975944412,52.967471954894414,177.50818758806565,0.029818295801311435,1
4.195547046761528,1.0303804185202277,80.52604681990869,1.6533698151368925,156.28423528729257,109.92282070559,146.91687631596363,0.08087708268391185,0
1.7277360622664628,0.41871397027783464,69.3931865733154,1.0313310170514138,166.33522217141476,139.16859112975607,138.3730592428241,0.031115547318727982,0
3.498728481621597,1.2837466822887098,56.58832801158446,1.5414156756194588,68.6833082599234,145.16536260988218,134.15034966707145,0.01996565599355643,2
3.8785017976742444,2.01402434508685,25.06307776539862,1.9119349255914155,148.0598750189215,48.334092514745066,238.00347804933975,0.09541725039950852,0
3.3077883656431775,1.1317583254282977,98.06110049658555,1.4385039948873597,94.3585857427512,87.59382575334828,206.22626763521373,0.06602231047164575,0
0.8428158665204869,1.252003260950588,43.753662841618905,0.7226151850739557,164.04068651042508,80.34404731664071,102.75429422865015,0.01540233544920993,0
4.39182710923358,2.1294805839392197,19.62330422025203,1.5195629439186427,86.05609310471993,54.60204521822685,160.92093155451886,0.015601956984541254,2
2.741563308406443,1.7798423808631756,54.44190061441715,0.657356579523967,152.5968015230616,90.7459835304808,134.09792279316633,0.06509099131292527,2
1.4841148892130183,1.2516133008734727,88.6598210451775,1.8081656131895407,94.24894204759696,81.90481527949305,246.2495131328129,0.058611592185842054,0
2.1836181086447004,0.6813543380634903,89.85619015995965,1.2749907437029104,51.34914392261467,128.82989210749872,246.2649254020388,0.016153729515368635,0
0.2840983429546462,2.218070529770168,10.986932445080253,1.0777111044673693,145.0036867959643,163.6623729227198,134.32086063661595,0.030188392747600185,1
0.7265473259898461,1.463699984141868,89.76661702762597,0.5855098919745385,66.99036247383836,103.67784092225023,139.85922974472732,0.09361386230370296,1
3.8511790775277186,0.5918116447711989,34.43357957498726,1.0711756018881644,148.89372091823213,144.5331241873546,181.90041521321274,0.061480972943291565,0
0.1000570103012941,0.7093433939631255,13.507512757158077,1.8548100018736842,188.8414172535406,60.4414513954944,161.48219243567502,0.049629285833304726,1
2.141172559563232,2.0176760678938024,86.30112433265869,0.5314744944294547,195.38689013166353,165.29529301014105,116.22714826693505,0.03251398707283295,0
2.6602998873193835,0.15815662711426587,87.74800803893875,1.2119722366727075,85.38846309914189,61.363263350112916,192.27006838806392,0.02203282380716839,0
0.36770865800476427,2.480625858220609,63.660797185811504,1.8967371366659336,171.38798414759822,66.8941652839145,136.80186945879052,0.0462368515699613,1
4.868082998564431,0.3693616153012399,61.69903815667225,1.0922614996475315,103.03299153086604,54.904932502274704,191.13180471646848,0.09301299033981705,2
1.2080141231233927,2.0003678872224966,83.18082453592774,1.1422635311932257,185.06856091219734,83.35513021287511,145.22585879572597,0.014384025610978752,2
1.5905737262177764,1.017199526090623,80.76785974392519,1.3678400827986799,168.12343529440608,117.33746254017365,199.0356819555662,0.099188093434858,2
1.5893183100496342,1.255929649054294,90.10949260984337,1.1944060003657753,61.08825749686454,178.31917559688574,193.5259100512406,0.028703144818180704,0
1.2290416443750147,2.2075939147882155,59.747270283703315,0.7529025368563287,111.0705490815916,151.07152485205614,166.49816850657012,0.04678906243591084,0
0.10722172822292594,1.0616324144935725,97.08823834595279,0.5278333086047906,100.59767390145112,93.26101240487748,199.80579842084126,0.014054617734914582,2
3.6737894910311826,1.3668596964994246,99.65321478400045,1.4147174869680526,167.77715310849155,120.61844810649987,158.36416495944258,0.06263039827972282,2
4.837542949016498,0.17078417290246636,20.489014899876935,1.8812098805117183,111.54285659797387,127.26312433148908,99.74351094052089,0.05351997388608925,2
1.199038068096721,0.05575131097526023,86.45893835987098,0.6595461995407484,152.68825964796258,155.1818109746286,110.95806306735028,0.0700036331261302,0
3.3489312398367703,0.6497596888542285,54.98400319737301,0.8164290788791301,140.36528833856607,143.10324995877207,121.81883280815418,0.05884103145623254,0
3.7352920020977045,1.7174285776509801,44.88097044698489,1.0553442287374604,196.34580786464505,119.70075777595966,90.74891779836842,0.045836000618236214,1
4.257284357543571,0.3470989887298849,65.17650788944435,1.7131133435316794,190.66774352024223,133.68562378555194,200.93480750721392,0.07639810280305037,1
2.170883065366685,0.3287167990711461,15.036900153580632,0.9038904747064664,114.1549272108078,144.42846553480595,142.45633856137513,0.012251901500826199,1
1.5843614376381034,1.056853489687963,55.58150068903719,1.8230816064181528,158.5367317461724,58.640168278676605,95.89896037558954,0.05869261187871357,2
1.6939461567128526,1.637200744590155,88.38015130240001,0.5824368119750996,174.41901409718326,68.0637645827532,219.39288052334865,0.02024885834461084,0
3.591844532182713,1.7945763810074298,29.211536452507193,1.9114349318884023,184.83286307932178,136.40180044705235,196.22122835880774,0.049240749977725005,1
4.102219385877617,0.48720415154101826,48.37509052924826,1.3411206168106473,60.220139566472554,159.0595786782685,156.87812031170915,0.08120127851722149,1
0.9899084420073531,0.24499096106150403,94.5532798943388,1.4881665177315568,95.31181989102453,97.2967195779675,122.06230696576482,0.02282146716343602,1
1.9176109399730497,2.353972733166583,48.570745402512756,1.0515342838045296,98.03450614527827,177.18464514596883,105.79680194478395,0.09422293138952367,1
4.519506964070835,0.6886326372771493,42.25308690991585,1.6729914282665905,115.1668926829818,70.2500425742722,157.92361259836053,0.0899654223152264,2
4.0527982465042225,2.1406989191413732,49.64829833110404,0.7498493751266091,75.38971260731284,98.33789948608144,230.4917763117956,0.04734145637800287,0
4.925806173536132,2.1655540536339046,56.75074898658007,0.5733677379177305,124.43088199250121,92.99322608485545,112.0272049562349,0.010537735665334292,0
3.795816472442196,1.9426803498182341,66.8792209718322,1.0932754146613357,149.48214909476843,170.24143170170007,176.67206892855296,0.08107703440070374,0
2.026656485036819,0.4636423362987967,82.0623520825058,1.7805435709715591,124.60458803250766,79.95299246015554,243.4866191877835,0.08928062230710547,1
2.9941253865737254,2.063413575172791,50.68919851878828,1.632390254956542,149.86896427964237,105.91070892591019,188.3098177099842,0.025726428311988937,2
3.33896984581187,1.9346638701418877,83.57328415811263,1.275733955733437,59.966244772685044,66.21273754614613,154.7940041264976,0.09245729879349014,2
0.4844334999539074,1.511971325760232,58.03485952168726,1.3582066207480303,181.39809975611155,112.97727339874213,201.78340539961442,0.09226875495652265,2
2.768035099608939,0.8761449861639343,40.46324593311799,0.6948392394481331,190.86037881516026,160.03658372490275,220.1782462331801,0.052416176593077145,0
3.5756720595157874,0.6931460804530332,69.21557453074728,1.7610222629263732,142.68611361779728,82.56552466467899,180.38777064076316,0.08182313297180577,0
0.9198743896051959,0.3486285695968795,74.59500292691422,1.6804395244462955,182.20864979553454,153.51089010279594,228.21150102880875,0.05004531804447896,2
3.9250954153852304,1.298904813907135,60.22440780665388,1.484705590830414,69.71690249723187,167.58362150458765,167.4805990938754,0.06076416393267561,1
2.9604866245191475,1.483889144999124,15.095347582125108,1.1992865544934077,169.61733801144652,50.214104560038905,221.10493037506362,0.0387855108828787,0
4.765886749918214,0.9303805267636788,25.28945876447424,1.9466889024192686,67.8722290208891,145.89943508469514,241.84327086896818,0.024352241078874202,0
0.30786926121376934,1.214629715818128,35.67679488012054,1.8185479578147066,111.2015347246305,75.74808106106872,165.2113893939979,0.07718829254326287,1
1.4000980740217883,0.9406104205547035,35.43630453563438,1.466645740271928,98.57278018374126,64.54587275512807,182.8502916495053,0.010125356006722212,1
3.047614008569138,1.6204648404357183,70.60787202221834,1.057701496575932,137.83877378306812,124.15713488350505,183.60948230147193,0.06215974206839034,0
1.5531435698090605,2.25808505910158,11.651379550626933,1.4270334180222686,95.22718028593003,138.78436627201796,212.8439268117094,0.08782174237406173,1
3.6006784039490873,0.451604642015015,78.01135993445679,1.363161389795998,145.59704445006992,95.26653800292993,219.9041928301619,0.02991495580988055,1
3.8191258843574625,0.9844515842626526,33.88082273262398,1.0913629817523747,105.10809337279368,45.48431899150668,84.62898375503032,0.039960951111820214,1
0.6023282239257248,0.3951280796796102,37.901966159449216,0.9600109575321141,179.11855715456966,167.21863338755105,204.67112589536595,0.06287372675780165,1
2.6178868746131623,1.5811122374991886,57.51188451495318,1.1105161883559835,145.08257603294174,142.3045683586493,213.2485915871404,0.032218322187802614,1
2.593563722396174,1.8357327482470598,29.433304084506176,1.3608671090500968,82.29474459821691,78.03335293562205,199.07300470790028,0.08627381715977048,2
1.9094757740561514,2.333186194863767,89.60241822179748,1.1422022670666416,100.41941330421307,109.56093980426358,201.32826208492634,0.042994285040129955,0
4.671331826591393,0.7332362193393641,17.683190139390874,0.8953617323020757,177.11313314399837,43.890990595390925,87.03848606132581,0.06234523478378976,2
4.154780967378784,2.378017454370304,49.99441260709584,1.6414449766412131,107.97196249811877,87.49958945283186,155.14657253131404,0.03035090328392879,2
3.5163259713572206,0.20499354596065328,86.4480042509401,1.2972012439361194,130.36985983484678,113.15493298191656,219.0905404526959,0.013724770329188715,2
3.600200515101488,1.5273839652432413,65.42595049791122,0.6015127448383999,147.3412903928499,112.41130611627501,238.78121402016762,0.02563302394122946,0
2.362409104684284,0.18997516239115847,36.309656425837005,1.0524747584391883,102.17144743788751,69.14588292119575,119.00954649722891,0.01415790438479229,0
4.612873153373222,2.239746760016765,47.86841869988147,1.8273701858179903,94.09679461371024,148.74463126574472,178.46313985997517,0.05217435096518974,0
3.5035175935410985,1.3480321898216328,73.60249423082632,1.6328547967999278,121.2882353912043,81.84070219373008,216.73614072359922,0.06279736518262445,2
3.672007202113501,1.6899034593688507,97.59346690275095,0.9848701759160106,82.23214581391836,121.25740324491616,207.90929928606158,0.014020768691690748,0
4.322285428557992,2.0873561184806086,90.38248465414901,1.9072747280667637,92.63158803785952,78.01311157531647,185.21131988661347,0.018143399938413955,2
1.442950787776736,0.4182610250857235,40.818952754413914,0.6149043625373152,59.31177260480541,99.52350221814783,83.17750200454003,0.05369725241293159,1
4.054647428946844,0.1445493267484279,99.83780913590718,1.9418520558382832,95.59554139565083,69.05204753503223,203.0605928189662,0.08192619389808786,0
1.0566789544868112,2.203258807486488,10.315419717795244,0.8685576387270135,98.1056140045354,128.62109095448537,211.45122555739854,0.06652082610241473,1
1.7921755659999505,0.8215864072743847,12.486678022757358,0.5136412704536288,194.27497494369794,99.5818104197891,202.88441612635796,0.019423919809348253,2
1.7444912259222294,0.3659983244215549,84.14564636540744,1.15071205477749,138.459323819882,42.256422628287,210.18755745329264,0.08987880464573453,0
4.894774795106788,1.197730030863362,27.951641814974682,1.0384556445305129,168.10736381237083,43.94309916234725,153.25553175540625,0.09257052113107721,0
4.297032396364841,1.5158498854552462,15.469234155661677,1.3086335078101907,56.80658791704837,105.9588045859991,248.93786480731646,0.039246114506451484,1
3.535732321792273,0.1258779783851498,31.3433265912852,1.6951592908547681,65.98050404125578,65.65162136674961,211.033775698352,0.06544160126932261,2
3.662578131915412,0.723494362729865,48.34901385827742,1.7636462032256706,172.18054412938886,121.90588674026394,178.37560089759754,0.054309443516624076,2
2.8541566925725985,0.13035969197839525,75.75096433900643,1.1018449994175377,143.53243241264536,97.14684944808297,238.81251585692607,0.094782139176684,0
4.740744268831744,1.0798217035289726,66.1901973896085,1.1447686155595254,78.64730458103044,131.61877697556116,234.39371770786312,0.05578736796538623,0
2.5316678891235718,2.2429950712122984,31.38590958043784,0.7222665954942105,110.71931087926073,173.33532436895322,218.47640110682505,0.09639692323408579,0
1.9645367783624834,2.4574984081592444,55.294340329052595,0.5713214133217452,130.80087499724343,114.02305887133551,175.8281362272403,0.02794082954771855,0
0.8988731509647959,1.6107665060838876,93.35926948587118,1.461822485352537,176.54147437061624,150.23300450261394,169.6071732549413,0.0410983081926112,0
3.9524076960791845,0.44601234977224996,83.35069992853819,0.5966564383290385,59.06179875417413,145.4257394842312,135.88034843566854,0.08032107160865237,2
3.6987752671703986,2.269331005498299,39.08708063486141,1.6007451791321838,139.50834340510437,169.05075460534113,122.64925644767123,0.0805249662034031,0
1.983339688768261,1.3148071668401482,98.40381052201266,1.3086352175333713,157.5553882380026,69.96250141332087,167.10111788576472,0.07589649465610346,1
0.22344772840022387,0.42668581465214933,73.77583603916179,0.7978744673391251,196.6837786865689,155.82577590989172,178.22289949103555,0.08736503181987737,0
4.211086905818252,2.3082303401565705,15.620442010010361,1.3092844152689744,171.07401174382767,166.77285299065613,121.56949334800375,0.0732291555649431,0
0.1559481189249608,1.9057991742716025,13.16446419597748,0.7744965749031483,91.43409703479101,94.98681733266088,236.84221142109138,0.06724766300250105,2
3.54812892018235,1.8426779181717214,25.1567154109027,1.158105811265618,156.43687908173976,83.93426724385554,174.73657944483415,0.051303251176976095,2
4.85425983765768,1.7874927242962917,75.50702812451321,1.6993404743633433,164.49168273904655,173.28502735496028,169.50590531496493,0.052037896899639426,2
2.2445405079261973,0.5408325616862838,26.53650332581851,1.192878940115956,159.4603249877593,127.8685950994415,154.05852602224383,0.04655453438838176,1
1.2513696844801687,0.5669663946834389,56.033809228795015,0.7230489774463223,173.02161019278049,93.29470793380557,89.8721202718663,0.06581906197334383,2
3.5538679492125707,1.736317846146775,18.39341081627486,1.5857430227344178,185.55949643204565,150.8558809304282,230.00822685817437,0.04659975363096942,0
4.103927895876367,0.5883207377704724,92.87975420471756,0.7801526244050132,64.76448034840104,82.62634622620011,133.88901849531507,0.023274488267793728,2
2.777508548781452,1.1247456571674699,40.95645522252108,1.607824811555164,65.71457865216783,64.6970620497807,189.21825685961005,0.01958766545877821,1
4.838472848755116,1.9659044727051567,91.73188509045677,1.21902843382375,169.45999831559692,116.15574901167878,183.26370502490602,0.09320250477194002,0
0.35317673612400946,1.9706836693397105,95.03880777194898,1.1806126386414524,87.85587147822064,119.26968628748448,179.36276031536954,0.01222650167840948,0
2.573498431692188,1.1604913426883563,10.55157825823127,1.777152556786212,58.781213292511694,155.60450751742732,169.3710743419693,0.019492053562508722,1
3.6204243418804958,1.9908653487743506,51.772166847885885,1.5629052865110031,110.18437714709087,103.9838297028602,110.84477168332577,0.05007743871810281,2
4.326938308630977,2.104623400685239,12.21904501362036,0.5493661954324089,172.98153677391173,154.04211553074782,127.70297597815414,0.033663364021394186,2
0.9783524983481713,1.6542005906464377,91.78234896726153,0.9442614719024036,68.98475357209705,83.58517510876739,169.111972115951,0.04652640103619314,2
4.020017060642039,0.6096433381556294,56.656679026111824,1.8063809912748479,150.77629577067012,120.55154830489087,214.1882167714774,0.020570264343449503,2
2.808264671020872,0.7213288619445916,16.744961142864714,0.5274892528177979,50.54237926573516,69.18618904610021,153.43812501057118,0.02178162431626366,1
2.0431130417508196,0.8213608307514018,19.92490554489102,1.3178801693929556,66.4606170818675,93.9624331283235,114.66683401784223,0.08205921178526038,1
0.7454036400375584,0.3361700639481824,44.51581220434652,1.5917385037609157,102.62755186527303,160.05555769659915,94.95055221692242,0.07831978696902735,2
4.339949218653671,0.7192410699063656,94.62107735856006,1.4327841282268636,62.5403421536621,70.23834708100571,192.71187059398412,0.019382757915215293,1
0.8706387200806053,0.5633220995657038,72.36182364112727,1.6407983031566546,176.88525011556692,153.4335248058975,151.96779500559796,0.0701011373409118,0
1.6179605101245864,1.1655554370310754,88.08569795702192,1.5885377733721187,179.61057547182034,79.60203209863687,101.31305174584912,0.06483801910199351,2
1.521223106615941,2.275671992287049,42.981098170598166,1.53804604272967,163.33560546492862,44.82856075512352,194.65936959778725,0.07420264504122068,0
4.369928767535186,0.3059767760471973,13.889232959499848,1.7323097913884782,86.37194470934261,55.39083980795848,115.28838424524344,0.052700401410622676,0
3.3962446716236006,1.8146564136711194,97.68858734839726,1.4685360026743075,128.48706128599696,144.42313634491035,166.5327282116251,0.03429881447800968,0
4.003738846237725,1.733843360812163,11.54556915961326,1.1036277413854731,77.62827882850571,76.68992971030076,132.05195576306627,0.06973112524208752,2
1.3272927040832452,0.2845977867252263,95.28864877729801,1.2078636648718812,92.19176751096663,131.58038291377812,238.38731095378006,0.04342216838705398,2
3.161883088074295,2.31030239201921,43.18096814642303,1.575087174022176,127.40079382606866,137.88784638601263,118.80897126609815,0.02970576109109444,2
2.9015553174043687,1.4427568952842083,10.908136451969337,1.814459044500191,160.25207126911965,88.31658502085588,151.38614866214482,0.04677661123473549,1
4.180868846262529,0.9411275267824265,72.02415085520575,0.9083282012596635,64.19815705904587,106.48865820955963,243.113911460761,0.07869428520408586,2
4.539826596358177,1.9035195295635015,98.24862736282188,1.013115193956606,94.50450464421291,96.52739266381349,134.18328058951363,0.05282138768825818,0
0.15956818023919536,0.6805453730840035,96.90631505538333,1.896109094543619,188.99320228578833,172.62885948963475,189.58083771187,0.036987783709007994,2
3.4026976033880842,1.749099100763485,24.48433100821766,1.367767688614168,114.36849766728322,84.79284072922223,133.84359743007528,0.08486817533414455,1
0.35399541568667225,0.1472924585520057,26.312302545953948,0.7684427257025015,190.83045108639718,65.6652259114945,98.81474644993233,0.08934793796628412,2
2.7894074588790443,2.1065496921427163,60.898502315769406,1.4955427083685742,198.71008123282036,91.18299800258094,186.68302955632976,0.048992538139540735,1
1.5094003723140235,1.1480185752022305,67.3574343785492,1.9861432333090694,128.99897391671237,133.7321990642817,235.72536099850788,0.043721921865420524,0
1.603205337658492,1.6098976401769574,76.5476122299279,1.7351803467056002,93.20660146772758,137.63077665060513,156.93599342979562,0.06514290523170685,0
1.8294966669165473,0.5920326585263751,26.294532442493274,1.618611704827104,168.61652128588685,169.36802415040097,186.4500122577194,0.015217700145212173,0
3.14433300034309,1.7088305960131978,96.3106378087991,0.8120699813994039,73.89661032875225,163.44562788261328,183.51273025362593,0.07221908445108374,0
1.7368448317769694,1.9419886759385279,67.48653306603141,1.8142096770260108,87.80702895081058,80.36487285841858,150.5652494467389,0.08040588448395222,0
3.6902253478923743,1.209372307866777,86.23422269834994,1.2886832653033196,167.73198642489234,103.7228548554635,184.5324285900042,0.04576977345314545,0
2.0821841893119615,1.5634309639513961,58.60591437557546,1.8339350331079334,115.04688870980448,144.61765834568075,124.08407435122527,0.025715426500665682,1
0.4349306815187972,1.1679985133648767,47.28491628308943,0.994741744137319,80.23069054815001,168.3152192842835,144.26644378251885,0.012593653762677716,0
3.9404232281721256,2.2405238546817214,97.94646159354964,0.5930765789531491,147.66886174284866,87.20310179996486,155.19420558160377,0.06735210395383899,2
1.5002157905042597,1.269779492260082,62.39092337378524,1.2139639529896191,159.91427920725243,102.22180078477942,226.88147620562168,0.03420940659714188,1
2.2205577100363874,2.112431337120606,88.0186224519261,0.9047564072268165,68.76068591758536,165.92695786350524,139.21659212165332,0.05175006284091559,1
3.4586750277873177,2.013312542762109,95.79631567296609,1.5728439346644474,91.54703899624012,90.18774224217918,187.9732981796905,0.04477199694917778,2
1.729035170028689,1.0557368123034736,70.78191643077933,1.9356598292840486,83.19151330583499,107.27181806684301,116.27865236121278,0.02573963163527164,2
0.3772697151189066,0.6137070050508139,59.404481066680745,1.5364612267273459,106.97819431436781,166.63057977053103,122.93685393916755,0.05575318016146337,2
1.9322131303627867,1.044901224771439,10.315976581958555,1.8304008945638053,164.51673433640968,152.31405051857877,190.2329088281962,0.05136341704666642,2
4.727798055202086,2.0742325706492895,13.60176766651054,1.1795360204018095,157.05621534114863,74.08032950137239,209.5926876523226,0.06617328605828492,2
3.2444985467629355,0.6076997127575113,28.07660944460047,1.6574611057929525,149.3785865575556,85.47130915767067,158.55992000946785,0.03266964950768081,0
3.390247828469314,1.334869047351486,26.740758867039574,1.7645651550075552,50.94283188028868,89.41422184430748,136.96694845222032,0.029317517186806523,1
3.1981825528244356,2.0249370325038316,32.92829156798608,1.5663134413753137,71.32149700705841,167.78338628034837,234.74616450848632,0.08329105537808248,2
1.0750614809012404,0.9160198140645281,37.44411739278948,1.261665929104347,83.49463236531003,179.8507231946355,103.08732855833726,0.07319730204676374,2
2.149835934101173,1.6234136106566088,42.40589441956554,1.438799164423052,90.79337690582744,148.3606023017616,202.521420400389,0.0794985806522407,1
3.77960501198026,0.6517973564195957,47.84839210619889,1.5507604935183203,71.963981247335,107.80568234909093,197.3290274570075,0.021096083057952526,1
0.5967271980104799,0.3177346411519918,18.897970461041318,0.8796266048321404,111.54733272108345,41.42433452944706,197.34167766372502,0.030163567899431594,0
1.4614786028395903,1.9962413514774981,13.812573875750385,1.714368891372477,61.27708775210389,137.64832792371402,239.02147555199915,0.06179783645832759,1
1.453963631482683,0.29247312735133174,70.65500041657211,1.92548680845091,162.5033285581671,94.51056302968985,203.79235116673468,0.08714812121856173,2
2.2168927452130798,0.7148844179449824,58.36013423587699,1.197858972769904,168.15811809441573,128.61810583200474,131.2660821996293,0.09029031788516231,1
4.903806830616706,2.1450180838937283,49.97297819981077,1.551600774664816,136.1400034401347,124.93715488474002,140.07956811949256,0.08487189660294346,2
0.4307624787507275,0.8988497533427348,67.0995947051517,1.605538858685531,63.45573155629518,107.31648792041423,146.48886544398204,0.013905815147598465,1
2.6416348724649157,2.433961106309695,84.49114664831865,1.4933713212822204,183.5124754320137,172.2142356816852,85.23747459667803,0.08387912661901537,1
0.9788869418598313,2.4503491201959564,48.49236182045841,1.3206726624929532,194.84537430621717,43.240488349747835,235.2967536194037,0.09091820597689736,0
4.856315072507746,0.707276250111214,67.70075185467815,1.822471931862216,80.3545340482684,139.69854782616235,92.50394265701667,0.015107418113738686,2
0.6551871731645746,0.15039664451223161,95.82150014516428,1.1733900639033417,155.69597291610796,97.37758156193644,198.96502795657017,0.04746528043992893,0
2.0776449115717974,1.777405046303179,85.56620462754047,0.5916544347299053,176.29079459637285,139.9306630688256,204.12737082336298,0.058294929096703155,0
3.7156364256895706,1.1549169314884422,48.34007294521685,1.7668345635682403,130.97652838140533,134.53075065554847,223.43155860719173,0.03094753355951497,2
3.5523166973344824,0.2968444677009619,68.02451540332686,1.510971908474826,98.49846492901233,41.43332036063936,174.07158345123884,0.05650170904333996,1
2.171370320780268,1.783430906496205,25.93638297243458,1.7738879397494698,121.78380726205289,79.94738932445398,203.29495205561128,0.08973602091649581,0
1.7979684229683195,0.126378527324207,60.44699664055809,0.7078211636670415,126.8403126176678,66.47281287052925,131.46289715921168,0.0880248255711188,1
2.048300654909066,2.181981891705993,98.31954620245985,0.5461294107645744,110.09555662820418,63.37808941194892,206.7492818551743,0.09458535531317329,1
1.3949536894773327,0.38969869632759413,56.648360368227,1.901561810573752,189.47637404505593,141.9867357769586,138.38067533452062,0.05356988185550879,0
1.1061313996633193,0.3619141029294763,93.48744692711325,0.7215924587758614,161.5824666413753,73.53718887303745,233.48254133253832,0.04695102507645282,0
2.4668945180385613,0.4803971300230321,46.660142845293464,1.7144784981056778,86.1952463382446,106.46326609822212,107.77490732028508,0.0699209037129118,0
1.415815404731276,2.4026525783055632,99.89603444661681,1.7348149132709536,137.83357809798028,74.57845933999513,133.6787428145721,0.04750845198409308,1
1.5085621579965258,1.7482649326219228,62.1298031704802,1.5630578008235045,153.3033726396751,121.23273528094619,164.7908067643722,0.013775013640077199,2
3.31810471102533,2.01336026188591,13.80420948123411,0.6968933166393064,71.02346325531954,140.88032752839553,211.89459471517662,0.07479293069534096,2
4.845832925329471,1.024205715045245,62.80793170222493,1.5010979368412114,103.76386135702232,86.3504634177447,207.29584786751542,0.03528855471545414,0
3.057822282740938,0.8739661823871412,34.71154261116369,1.8336298749902984,185.8322422405874,124.42291876019708,115.8218686351656,0.014417678104047144,1
0.4771993886183348,0.6244858166187665,12.923318983230523,1.1382974672013249,135.07596502778023,155.47966841792345,104.52006842400539,0.011855896887421374,0
0.4703597078849282,1.227587669365402,83.8767974225197,1.1202752815678982,82.54966190904753,53.19139992302883,131.6748327299967,0.09382251417195864,1
4.761973782143273,1.401980397158713,34.815667328268034,1.1642874643691286,68.41771971787261,139.49388386577795,162.2382057849034,0.03268684077797521,2
1.556724872505935,1.597848366949251,81.68936986418487,0.6234078360143096,127.73403402123165,85.24029222095322,171.6308576203776,0.050310927327075726,2
0.5511282318041296,0.6799403347968016,35.93958246602803,1.83803835354496,132.1528584543716,57.1709939134922,152.95339046239746,0.09555188076089699,0
3.0353184770368697,2.374202498212327,27.489371848639685,1.8037742959707654,100.16216770319184,116.39158906600883,192.7253198301612,0.05207652809026527,0
3.1558790136223043,0.46590832060748283,97.65420166939847,1.9968639826854293,144.56240426286777,71.67672469748246,152.6850204115304,0.01707483911736802,2
3.2776736185815722,2.41585027817771,42.54807949795176,1.37777471224762,60.30270293290831,154.99065097368208,240.8759316895951,0.05967424425219934,1
1.4102699365019526,0.08639750014338429,64.12385902988444,1.6267874546770786,71.7709539899211,46.00542733435066,124.36470415686111,0.01793787881086587,2
0.17404235265092768,1.2287579449512718,64.89833435330243,0.804007859460957,131.9410731516889,53.811405477925646,186.6532605139161,0.018557909053618274,1
4.8285753103269125,0.866751203385579,60.44261339561516,1.5012932273362543,59.272354076668094,112.93945763801436,183.9342495722224,0.08663293664222138,0
1.3293759238864025,1.1503523641291145,92.32261691690931,1.474599273136086,182.1363147486651,122.45184977077395,127.86770271998829,0.036047938902813055,2
3.412528811457483,1.4481282185029334,70.69969642301817,1.8518131037624186,71.32195556847752,142.18413303318457,149.98689616738466,0.07108031801011927,0
3.5624863624056773,1.1171934371311372,46.335970369443714,1.7461890842586112,151.08798111268047,76.29650195530714,142.13051530479504,0.05580319017957957,2
3.08903634368948,1.0663747832389077,87.61423460718466,1.9076996939266446,108.68051625716379,157.84645714986084,109.32484020348318,0.030009402208397276,0
1.6332462316468765,1.8451723677626013,26.295660920436795,1.8032502090524112,109.96816213133727,173.43992756832964,161.14018614736247,0.0566038268787887,2
1.4283716434439224,1.7303968739618385,58.98130818493757,1.803040842348278,164.73342929167157,109.86550250328091,145.73258301371305,0.01620941823097775,2
3.0285745852432457,2.0915146409878274,95.54953347493807,0.5955849900330774,124.91932012593709,146.47439109577218,110.31395121141709,0.04124911146307385,0
4.343868604697288,0.6623995040367642,66.28578668923714,1.7689429290439338,158.84831954657994,113.47876963613099,156.47960772101945,0.05705526025184426,2
4.738995271724638,1.543344848897456,83.52716054273886,1.4112175917546772,125.77868431291539,49.72538411770948,151.71347460398567,0.030555490427708686,2
0.6189384415784124,1.4837272242124921,68.82046529906737,1.0706666776489417,138.93580121078952,85.65561179796694,102.33216520210816,0.06941693171632245,2
0.8586602017288273,0.9558576366380875,85.54337771841013,0.5847719365820935,164.10719418044962,52.248136547782096,102.30188212606184,0.01466307295266761,2
4.72920766803709,1.2408409776615683,95.00390918607192,1.51651066215207,141.09631143819132,178.44307669570188,190.07625457376855,0.053632890808356426,0
3.709022618840484,0.8187662510990354,34.56295547794631,0.9923026258064263,142.3422664083183,72.06362769027281,200.1187368019077,0.0743496203160445,0
4.426669741665888,0.39751877416161374,25.269497313104697,1.2016643974790522,168.3829387141392,129.0260587182006,240.00067138451382,0.048695145306109563,2
1.0928999072631815,0.5738129661236955,53.559167529928594,1.5225926555827014,192.363022372906,79.80831427229123,94.79079737838697,0.08871277737870442,2
2.9791707684360693,0.3085084336829427,73.16761841417943,1.8676618205362143,106.5074230903005,131.4544701498296,100.0364537043031,0.0668973503116599,0
3.535584012645621,1.7235204592158042,30.44721278639945,1.7381553734074977,136.56757358389268,69.45623672186754,88.80908183954487,0.0962643624452864,2
3.4325482386901665,1.6687821131174214,10.369130538715037,1.1758956936553997,62.940973660031844,149.93780922741044,170.47883322867813,0.035570963149748086,1
2.099943285246821,2.3789856103706883,40.86416042530348,1.0816747361695684,103.82058208533005,55.513624397128964,185.8669244301885,0.09449103977692724,0
0.17543496928741154,1.8377121134357413,97.19734019210097,0.8596696082660712,111.8073838834079,165.32105601263925,148.59898682846682,0.06461403308971271,2
2.9563376783408897,0.17751230495252207,72.5470714545262,1.0586401267639522,175.28559752360763,157.65903695571123,215.64337756339256,0.07706610092920588,1
1.3401975419800831,2.2164006761259376,46.119289954710155,0.6665695809378475,127.00886031885152,135.033028109374,196.73890412064603,0.09119450053391023,2
2.3062458061001627,2.163554149217028,27.331848761215632,1.9566582625471318,159.65995599476867,49.4380477999987,247.5928715609662,0.05960774691926389,2
4.792146973910705,1.136134785893112,42.048070637927225,1.3608761659393682,52.85111000385071,69.19966396604997,103.44214716094537,0.08759627127546989,2
2.05527305644793,1.485364473793408,25.285548997112315,0.6917087641928193,119.67390044424734,160.31062339675063,89.91366293822523,0.058752724562924984,1
4.215027872655691,2.4413919145576712,19.567523918165627,1.0292090138988588,185.19764977453764,57.076420802363316,126.71662994679593,0.0639279034855514,1
1.0238489681713308,1.3541456914280074,91.60681353152985,1.320558715430984,83.64708639586777,61.83049348312281,83.23853320386348,0.0500588715607647,0
3.3950564403226418,2.26803847952142,99.78853045379262,1.2993284549613044,54.728327796066935,116.1604653257729,238.54394273730713,0.02310746966560926,2
4.887334076750823,0.2534449566349568,24.77029956362113,0.5532550530779485,115.01131005702146,78.38484155440813,131.67178197698982,0.059815291001398006,2
0.5992761942773903,0.518077078336273,14.907030299045175,1.926261551343667,155.6647730971393,71.09059799215012,173.913128385148,0.0979703407239563,1
0.14076771691324086,1.1298496114312289,39.67579964315911,0.9130635222124169,118.16952602622042,120.61388045874529,134.07183758938612,0.08084673961590559,2
2.2245556838998106,1.4826541804263966,51.54932626852738,0.5242770033978368,118.99674702668987,92.16073470412407,121.7874657381,0.07727486362780928,2
0.5538648669516993,2.0497582370638607,28.433912236826902,0.6146660134254237,150.47075618574792,59.67838554775362,105.9020030757296,0.06789779224566667,2
3.767083313413534,2.471242182100808,37.12824206187026,1.3702923548719654,88.15832124245735,114.87952745636503,134.46220645595304,0.04131178061385201,1
4.5812884528579385,1.0026861663615854,28.078366212249193,0.7066782810126453,162.78346874629662,94.18173645900718,184.62121816935567,0.025265367503054064,2
2.2267027662729184,0.16616830854320808,79.68345115892062,0.562587189280255,72.96702963586002,142.83234839832772,245.17560394687973,0.030209644147842087,2
1.3676870465616608,2.012870183073546,74.13201489225347,1.0694396996190672,109.36259079289815,54.38576192488249,174.8756468624154,0.010568988058838512,0
2.228576263132388,1.53073276175288,67.14563641848835,1.4341417885102827,148.4012162706377,126.88585415243634,170.5605412368309,0.07061323788085193,2
3.6448943074650053,0.5364300042270941,44.84960713712843,0.6677597072624186,174.25535108452965,101.10906577205468,85.99471307787496,0.08306898027007904,1
0.1443653917438178,1.2623297187224796,91.81368471828124,0.9699917482269733,168.7296606747583,96.84866250733657,222.81683266350777,0.03420202160782538,1
2.9883245484750165,1.868660101557625,97.2579287381518,1.1266410074368134,158.25283989615468,72.52027632116777,87.62303374958745,0.01826653596798447,2
3.1051292559481576,1.9375088783181775,25.62753813628708,0.7391901466801507,103.86445753045865,44.259643948379555,234.05948659759147,0.04021543610397261,0
3.2246724097900845,1.274065109396967,30.071137727069022,1.2591108477000652,68.34564744405859,158.67648721105036,171.57419331064204,0.03628461064752802,2
1.2859081919062985,0.7977755988157049,57.30679252003327,0.6278211303526564,82.52513265394859,85.69741204481963,108.63932288978603,0.05057887246999587,2
3.5988583445528213,2.435669325994309,18.212551235402074,0.569777744517603,179.72507218647274,135.3527455621786,156.79025664109798,0.03376918488889099,2
0.5478182830257045,1.6752383968434077,49.28035589408015,1.2797530507327022,178.59970551989892,172.66223596873903,249.1473617161437,0.040575943481052625,1
1.0764246486873241,1.0501819223984319,62.361213829993915,0.8718454591263134,192.73412788085236,119.09864173149843,131.8640848474958,0.09167993014143185,2
4.399603228606962,0.7371348993013985,56.98662140235998,0.6430607118470413,61.39829778433124,95.60056635278127,125.80816065325837,0.04013518176006456,1
3.7197434385601755,1.8412023083587274,39.78177247702234,1.1358688812314484,130.5213627916184,77.55829928881852,100.061002157226,0.08069662420569074,0
0.16735321465559175,0.643349441704731,58.82012254694862,1.872711109276092,147.30245673563502,170.76613097064907,181.51419929444262,0.06632503302020135,2
1.3170436758120212,0.47068947298553604,96.29208588329631,1.5862886699812324,156.5986065600285,135.49075452716,95.1685898323737,0.04037841510682365,1
1.1505917666665064,1.3480930279570724,28.541566386223845,1.7234238730205413,146.57948525156453,133.13939505591833,210.2213708466931,0.08360094428023154,1
1.4269510073811658,0.7604691119781477,68.93482225546032,1.8078709831379547,165.5017084853423,99.66216552033877,236.26799743619486,0.06355684626366384,1
1.3130428743714435,1.590817605062857,13.905702474044666,1.9589416120946284,103.92073644340124,158.3068198014403,238.4180889066349,0.010775685483901034,2
0.40637884913994415,0.33894975344187206,15.977476403329144,1.6448698602712595,76.91491582032232,139.91410618132818,98.34576298916443,0.016185538141515982,0
2.34880853132442,1.654605706189938,59.66454018012265,1.4126118829092196,80.68750582256578,79.64565804934225,174.9046415500047,0.0777375603507087,1
3.6903940264522093,0.7440764935943706,19.444526229515454,1.0481388204533708,51.796803420524654,123.94101240350672,96.50867533336833,0.0501875010626675,2
3.072985451115439,0.050595189364556196,12.01121095841716,0.7724648548365741,102.54828081593335,100.22715364417719,177.24274405233052,0.04649570125691866,1
3.3970711761305914,0.3609933413017321,25.436169788321997,1.5299898109749415,63.76160763199659,40.92262279615982,218.54669948562878,0.02312444657762272,1
0.4976309748275719,2.3373576756959804,60.8364253899617,1.9924249791829127,98.22330391852863,153.06728041025164,171.42432759155838,0.024158673456514325,2
4.762304479866257,2.1750188658326266,73.30068590670392,1.2010380269283787,144.23151157493717,57.19624884875811,228.24915043813579,0.08179772050863106,1
4.2086099858308215,0.6223421284887803,28.2230707727242,1.5855190521392115,184.171708338023,111.39363084036599,216.2846403243942,0.08461154205653097,1
4.044942560628748,1.9570111661364535,70.14334934873571,1.2426386749897342,175.94081764857748,87.07166703187418,127.01321948978782,0.060400228657485636,2
4.1326206447046605,1.541000403276237,26.42286979893064,1.147900135045215,87.90113179363652,87.89246576809485,187.11738809001508,0.03656150288251187,0
4.670281489850531,2.42871654305218,65.21116839681315,1.1154584203398727,70.11247132970705,106.83108367793312,81.26006150094234,0.09394307350010472,0
2.766844433957119,0.9653338658584449,47.0763711906219,1.2569370243975464,78.9608410695097,179.58323456276432,147.32712570722694,0.0661566151895704,0
1.081381887551367,1.7195785006670699,68.8419558400255,1.0503434927980626,195.64799778554104,97.1731552884066,120.45322852333018,0.08169779075066094,0
3.122239678477452,0.20566251993860052,99.55474772313225,1.6231599827327117,132.4211719528236,65.52609217432014,239.30977881039266,0.010295462825939388,2
3.7401193189729014,1.0208059997001946,94.40352687093058,1.811408039887275,77.37533345008623,125.90488732691165,148.9161319929372,0.05052876407878245,2
3.715795227434725,2.411353269911042,10.385358205249327,1.8243279599677762,176.1119232030223,73.08027912553297,191.1909528318217,0.08838541776879603,0
2.655100218417713,1.3705031424027956,89.68948879260752,0.8415480701387389,109.27868664688324,54.77687913981306,204.43687357651322,0.04044099549094492,2
0.4354477247345325,0.7553047831703693,15.984171565728987,1.8438637080972362,184.8833227962091,47.024384089230075,211.44613157585627,0.0753896059185053,0
1.9184533983076266,0.3446638596650868,95.77419275438605,1.0123268477826577,89.10156902517298,43.20337836275574,205.0817826429799,0.0691907342615781,1
4.6117563814704505,1.7736444334447496,35.36431111897163,0.9639614982279465,108.98326382063541,100.36305076354893,129.1580603679149,0.023699652971886948,1
2.963799657811388,1.6298973064028308,44.38313473701439,1.5901340860973538,125.74216441851269,99.74160918227511,196.63150844396773,0.07974134445289646,1
2.737826521952996,0.9661498483292479,18.247438465815506,0.9570445101294341,183.89230011335474,65.9763560109134,173.33161198458816,0.020127411128151904,0
1.4173822204727484,2.379806312071294,20.104548249601862,0.5794496084145652,180.31361474075837,149.7626675279693,181.55335301557818,0.07551226869147466,1
1.9053997075912368,0.10439689182023329,75.40665087063877,1.060426658465462,136.1532605455817,58.09788790878302,80.13848494248833,0.0991871503101185,0
4.487195836850529,0.7941234364979733,94.98990121734624,1.5821984005375234,83.26632646713361,168.14440696950234,123.90379216198562,0.09621832886305866,2
3.3656689328814955,2.3066202414339743,64.96736454588785,0.9904376304052648,110.50354576068126,122.26063687005814,238.21622844166143,0.08202175687513043,1
3.9581964310864315,0.836291823882629,74.42650139741299,1.4443385839927196,196.3449598048258,43.86629265469015,129.31293416197337,0.0581065681806732,1
2.3262925730315103,0.6680194429451676,78.57727701374381,1.4901791663946957,141.1659835816103,174.81616760398032,154.46263878243923,0.0707342118238666,1
3.188211375335174,1.358840004331556,33.653284709764755,1.6006040175895342,167.1646632686295,83.1117763364195,111.73457697327598,0.07552975513096835,2
1.317079682841717,2.0683142873053177,14.070666782819343,1.8456956994664047,117.47970430421296,102.99649434089947,103.56243382362726,0.010756137185041483,0
3.556758068389083,0.3027095641519846,10.168546952725173,1.1488467489026473,129.80109132002096,79.7976170192373,115.47372466857988,0.01921295988576608,1
2.195246535146353,2.3604007386320536,41.55843546586168,0.7496481149936856,114.34311683488161,141.97898172472884,174.12004590738542,0.06373532188709762,1
2.2684730225922536,1.997928558893852,31.73178053792945,0.9783885731478341,155.4381497092952,107.99523090073541,236.23487073631838,0.01058810861286182,0
3.2816793904267203,0.49406312610130226,15.608595254426708,1.148250882760979,177.7206520830316,58.53221431635036,135.45386058235235,0.09180150856961476,1
4.687775045197741,1.7944195049354987,26.157546324430008,1.5708372039921696,126.10453148368454,54.588553330323535,134.97935187535506,0.05406964419025701,1
0.41363109838224255,0.9931488704620152,21.2049008441153,0.5196831883424502,122.13011879543386,141.55255786544046,175.90389977076762,0.03319903680446096,1
4.141241863000337,1.0356219612869808,92.33905425556333,0.9736780751598184,101.04297006475954,73.19139669037801,140.646262007833,0.04544390526378394,0
1.5326772410197465,1.969060726475223,22.624049211325204,1.6697638715289753,76.56450414411258,59.29107244938615,234.77072815727797,0.08656987695760027,1
2.2752053270812516,2.4088227795527937,58.38836175889113,1.5062865549960431,190.88715843126633,109.91986357969799,144.2341672491845,0.09344735863877042,2
0.20737531099754392,0.36030688847562514,63.37953596009481,1.5976099603784077,97.41195780192575,152.38714025508256,163.3751829283094,0.020461148242958804,0
1.575125781388134,1.0805440803531077,58.91405119377704,1.7177161541587922,170.10371953614282,79.02958442223826,170.67617827496986,0.08001645705600191,1
2.56289308888764,1.2283069398065438,18.915079079438918,1.6748535783169434,157.30205319312114,78.70042563811309,212.9515251721801,0.062040440639487736,2
0.3752627790024512,0.9719639515397442,38.69185255754961,1.5232747492291672,168.63764004171935,156.74337643645276,175.86400970053023,0.0626952481898038,2
2.5063690739775093,0.9398133531047514,14.614329921683794,1.159492298555886,190.51522000581537,60.69673123962957,120.6563670250451,0.08015069097062437,2
4.642842081406294,0.17805823552591155,45.610292268668445,1.975397493317231,143.50561403313458,126.34186285011661,101.07782512648244,0.030056021810736175,2
0.6164267687282456,1.7295696203784272,26.97390381444328,1.3536097933851106,184.6925515073067,173.70188761756197,239.42167293712387,0.05779404711774625,2
3.8457595675699716,1.1187253219441113,60.54692799559418,0.8041538140532587,75.15459843684405,157.78244094082305,216.26570908864826,0.03874173539057283,1
2.107388161542364,0.5272448164776207,72.35275544641905,0.9392192826571766,144.00688639351813,48.654132729162086,83.90408574911568,0.018506111047886336,2
3.3103512011692566,2.049282080640068,57.890787418423585,1.540343683955705,165.84134193719188,84.78752271862756,219.6599273350031,0.01945715010009435,0
1.375159330127624,2.0162738329714887,49.08130269502562,1.8871093477991954,90.7461696116261,59.932425182966284,180.4016249638107,0.02228243235626357,1
0.8815120864526557,1.2416594888177899,44.86000787710232,0.7680801938088463,161.11307019379475,172.89368927619955,168.21201995594038,0.06534098640143542,1
0.8862668099290095,0.7812041198120134,85.75225912873034,0.6235197436186795,166.77152436743552,178.03181927109136,82.07896043400501,0.0195247178539579,2
0.4454105336514088,1.6133271782013086,29.743125855874307,1.822296572063009,174.67819340246672,72.89902287560531,212.74688958535057,0.061309345833115626,2
1.009668854016091,0.7559727326546376,76.0796505575982,1.8729169683692515,96.93243688938992,133.75786627602537,113.67105242101252,0.06294673521795338,1
3.3546749864459446,0.6282194292930946,78.17340922661072,0.9145690179738493,152.2409885252464,157.82844248659657,203.75680624299343,0.0913506859109702,0
4.42028399803319,1.8397609023645005,47.728000654366106,1.0659285865568597,95.63799251146432,72.71523981802672,82.69760205218894,0.06637389366929629,1
4.089215859396693,0.14879683731632923,36.75705393030754,1.4902819962467877,160.8560581247683,66.27528880493685,215.38012044325166,0.09870290567933512,1
3.4571581183849722,0.28218275403475523,52.34873374413777,0.9948950312637121,119.44604977185683,41.56954325461924,83.9167096203569,0.012789332194675134,2
0.6411161307144031,0.06663102635779496,18.389253330342864,1.8157380624050794,139.631656179083,97.67474397181363,120.10179369232824,0.07337315229806071,0
1.5170184868501544,0.42471080686479407,14.133702900618097,0.661368054070794,112.37599721458534,165.9212447352603,125.60729612716128,0.012383207024773898,2
1.6180536890800983,0.2190255213406257,20.04428795067026,0.5569733314402928,74.29743903947364,166.41715086788884,106.77646847817749,0.07564398200872333,2
1.3247890373483442,2.4897158010608007,26.843052831600353,0.8127293101141843,76.70442944080455,57.88403785126228,161.77989335321274,0.0447265188283632,2
2.6235277325776436,0.7575844263875195,55.37591383042387,0.9291316673074534,61.63533608932018,68.60934727397529,128.22695313484053,0.06501769888533307,2
2.724213692910396,0.4157066310396558,86.42229725450099,0.6693898869333126,142.71090195824928,97.12662633083471,248.85895587363365,0.037858426487950396,0
1.8487412783384403,0.640440832089999,31.20780987997183,0.5985356440109701,177.29575969295888,149.28743632291827,178.59469487212462,0.02431945352373842,2
1.8335668778085368,2.34350765027333,94.16458096721003,1.6334115702526972,53.12552393931214,125.659207694442,176.3012302592209,0.07511612662803542,2
4.159922429739798,1.3243925464097697,95.94171180415032,0.746414848853386,59.93592531325302,111.93896409283029,117.54783711809739,0.09141583422430781,0
3.96753495676646,0.9438043359542495,96.30141443606847,1.870883298599456,118.62004884543654,122.87046379116444,149.47720458153492,0.026522419933003145,1
1.608199575235654,2.1898090718775873,85.38064612086914,1.051999492172144,160.65811042522841,53.46795713232153,101.0762590412,0.09286327010832406,2
4.57756337497897,1.0177261628451295,42.74425367179485,1.5059087145820182,73.6561467067927,106.87290991568698,209.62997288256565,0.02261638982840894,1
4.76879358331228,0.8707709963963548,16.541551990236076,0.8381031721532004,90.74769793237908,178.88886053547796,136.2970718460911,0.07620956942945782,2
1.7010384559472003,0.5578421802468522,61.19368585898454,0.8604841527378002,84.80093019227107,52.38246057147229,207.83419167684576,0.09635006423611055,2
1.836682249085969,0.9756022185780583,60.28132995435104,1.3620638043013629,109.85768280067312,112.69453486888409,143.18831998801082,0.023263379358061394,0
2.5776073517675986,0.8258766722414689,86.4978190398636,1.3409643877189792,83.74980155263567,81.39089663203245,248.08873081952373,0.049158104207981806,0
4.7114919814150005,1.7093947002804457,99.63919458514947,1.653093842018122,102.88980178171295,115.58786156067426,109.0906757832857,0.040371173412255955,1
4.393965222397327,0.7594776264432815,55.73415759041328,1.636719958541399,159.28138979929162,120.33462640472453,80.25906196016632,0.04496299751656884,2
0.60258301665959,1.4641393787352757,41.06836279358058,1.5060316469954915,141.65138726812836,120.84620573672663,181.12034203432557,0.0777825765218599,0
2.0243806420299397,0.21143580432833314,26.73115404006403,1.1736958488402365,62.177255808753934,159.30922994352414,242.0020440149325,0.06950700393000034,2
2.8115188297738825,0.5186584339064603,10.431984233563366,1.8359605794209257,145.66184993685766,94.56463805431252,189.99918933401648,0.09718182680165373,2
2.5653491155025465,1.0481429154478046,55.82023232399912,1.433867735331948,121.56157573388202,112.28958277330943,94.57299886719076,0.026693155302078005,1
1.0499290328907742,2.345525672076304,59.99668000323362,1.9852977356935357,190.1848362060708,41.5299758554848,171.88166501925832,0.05889347823932922,2
4.308202178723958,0.9742673650034539,84.24446318356577,1.729054726901538,93.39564756560799,150.53708422116733,234.61277914341366,0.050421353087712416,0
3.417009836684503,1.6769815969395938,55.41192711035205,0.5664647168574893,158.924962954874,76.3282790326194,81.10603153960217,0.09269704980331747,1
4.2057510367738375,0.6749636949324256,92.4821513799451,0.9808908606204767,159.62912345668548,154.3177033656723,108.3750761824258,0.010955730922926395,0
4.307944968812413,0.36123226113441775,66.5275128914292,1.3578135747064275,83.2251171513781,77.1894132932444,218.4754645374448,0.09902533606903847,1
3.766943682962125,0.19341467019612285,85.63026143989748,1.5822043068072307,185.48354374564042,41.51038947674891,231.96420811817208,0.053176088293527594,1
2.2521319461236153,0.798263071429741,23.34715613269724,1.3255047466429122,123.67748006444046,61.67638454708255,200.21730554760606,0.06629856825102377,2
3.0916790995755807,0.43626951565242456,86.98025172720833,1.6791956336932727,151.83250503339536,177.99560636010352,248.56522781876953,0.0424047300225144,1
0.8857904899867415,0.47632559763950433,70.76294689994636,0.9239834791360169,71.87833383252568,84.7721744327184,95.33670802971679,0.0867274002725949,1
3.400862545627048,1.9138603055480279,25.32097291944975,0.7758680768492376,88.6705875487954,55.2353462817846,172.76500769221525,0.06057891506065445,2
0.9783409531224757,0.08880327381494184,27.078720233140977,0.5808750256846551,137.91606769058342,56.626232507605074,196.44910285008967,0.06965298426247885,1
3.5003529934997686,1.4166348080518145,93.38505571397992,1.3599706168572832,97.85409025600242,83.44797996801134,199.44960246274493,0.06840142372546089,1
1.2250309876944465,0.9796803824539888,12.899382440533559,1.532899281013243,124.95393778564602,45.27030575634682,214.89238460851107,0.04275839259079593,0
0.6760013707360779,1.291047499775941,51.62814489661355,0.9892245756790423,106.10077990599339,111.60840233707353,235.99642766689513,0.016839189622595424,0
0.9098940017004914,1.4289340811757774,38.21277609406914,1.4203762772838149,146.0830694966072,69.92372816850482,141.4790457549095,0.0826935603484645,2
0.10976146257344432,0.8177508514203317,69.85696959985853,0.5782358462799939,123.07180441712133,112.7034897955621,87.3037767772981,0.03607443272658858,1
3.6218241274822986,0.7730167074514991,85.56664488120927,0.6489400194452055,50.69149039597522,59.706990617890824,141.61512546176291,0.0864037205629934,2
3.688765140386058,1.8468345308705192,42.43403094009126,1.5526321583877476,147.4521256918076,100.18001206244892,194.17450977582993,0.06477787079117438,2
2.6231734145749717,2.184628620896835,48.421187859055344,1.052104557825948,113.31823355752726,123.70836017617424,116.2875348467194,0.04183335622877302,2
0.8906777251713801,0.5218249995233933,98.37260060512727,1.5070010466545085,101.25475107353343,48.67999136733512,217.69540176498077,0.06348224340762605,0
0.5094162538023798,0.28916596331111494,80.55248587112825,1.7475816804198772,64.12201284248353,95.8249032951482,117.35995781288125,0.0680943423125294,2
0.19373193554270635,2.2495997256604636,90.74837178386123,1.7789336562141753,83.05545358497372,82.35333493855629,81.71077840462947,0.07360150669828051,1
0.9121660671295815,0.9072438859361268,49.48859985864667,0.7582514681966764,83.565843737128,73.65037430840877,166.3737316180085,0.08401043210563641,0
4.465192121417419,1.4007276071238948,31.066858358570368,1.2294283585270198,190.30542491070935,124.6348476518295,203.4984671386154,0.024377944799618627,0
1.2835305243382409,0.9308807040740086,47.06771188478065,1.6008900854487296,114.87694621198202,122.39587800715702,139.44140789126178,0.0949729946291755,0
1.835929503364357,0.35821572404782576,74.44827260483622,1.6609708944003656,56.309877082275506,128.2979729348771,207.31228592125376,0.046975655298475985,1
0.6161928739585326,1.493862530121934,19.848736435238138,1.6770139710933163,70.82250233649813,62.243573860552985,154.52873680057138,0.08744052685387396,2
1.1895703932660346,1.3365950868355927,34.342219505485794,0.8422510015708766,61.85490135993681,79.99929428072588,109.19148494214502,0.029843163583100664,2
2.6442003968230052,0.5473342200184332,14.197231041543134,0.78880222658566,138.3304085310817,69.35502891931102,95.39492694582233,0.012612607498424331,0
3.0779881471686976,1.157079159398081,48.91129645043184,1.3850187024105438,77.993223735024,115.67050469969786,200.79981803424906,0.06160096392605657,0
1.3022263394144344,2.0025213848383325,84.47011623816519,1.6116286966073297,124.7836460422664,104.54919648934629,145.57151389248924,0.03921996511651951,2
0.38288758020307434,1.496543952614334,12.219731946820971,0.9787092733012899,105.50930943049633,86.24112326298501,235.17154054704096,0.09860158044531545,1
2.0160610587242536,0.2874474513141374,70.77911741264495,0.6570577352936323,170.5814565716299,150.04207324158062,171.84335995757147,0.019400810924384462,0
1.2475965175390376,1.3926526682113811,93.92462870623656,1.5751195743651163,98.07344558980435,53.15632421717359,139.23351109751945,0.014257257940316957,0
1.1758142238260296,1.771708833259488,31.323507536006407,0.9495467470700067,118.73982235952124,176.48553642578992,139.32845758825295,0.014051603669781993,1
4.803327733295931,1.992123344162841,72.42713566548832,0.7495440864675827,158.19283228967387,56.31617089414462,102.34443695695036,0.029518632570141506,0
3.119872381036048,1.5913380676539537,97.75917109901803,0.7215852925956975,115.0026810395959,148.22991375957173,180.94415611015663,0.062127200472880464,1
2.82870437154327,0.42401250312492017,96.60502541372169,0.9723643212900744,168.98233040197834,91.55222648251646,178.96841301975476,0.055500703628022265,2
2.1372980072642775,1.789924503145894,31.143627372622895,1.3890170988706183,149.25265343549972,161.13671207845277,215.9989276292039,0.04150682243502054,2
2.201827233807707,1.7094875228997153,19.029794789086182,1.037603358040725,111.5793670920074,50.38379282978269,114.20348361940293,0.017991379667521835,0
2.750434518806596,0.10984586320455139,23.345428410632437,0.5309927773901474,125.5972888529544,92.4610394269273,129.43423922089067,0.031036338531488697,2
3.5125060544769258,1.058781785596096,73.1832101633928,0.6453626520167166,195.08051837632902,86.96207691003309,96.53045474624889,0.02657323583062452,1
3.540515871290965,0.8657281050578147,75.3182987907948,0.9357548707979286,149.24172447625887,179.04198535157494,130.20817438571413,0.07711001534404437,0
0.9413001477567029,1.6900595574214266,70.68129054653791,1.489556723220638,185.74928389584872,177.97685928454757,152.7773596782481,0.08019517447011827,1
2.5505524851754724,0.5795327401617558,40.24705489680143,0.6477726102028007,76.81377552065965,66.57255421329432,243.88482901217725,0.07993126117556378,2
2.1185946656671,1.4976362112869335,25.279924578230993,1.3409852802510227,122.48542343677279,128.19257449776745,191.02122048873525,0.09721364899727339,2
4.365582134719983,2.287354606444722,62.26849827570278,0.6798288062360064,186.29925047675758,114.97271878753163,213.08856806246322,0.08958141517006288,2
3.1939527139700448,2.004615811911089,53.53124011820798,0.8174229910240722,98.39180921621264,61.612288773703426,135.33668048748333,0.05480242724606545,0
2.7092699254383112,2.307571453730499,75.59507324100731,0.7582827913336441,195.14962972196312,63.48915885461923,104.5671781773764,0.04734424188182487,1
0.6654337466766952,2.4473396189850907,49.72240708170593,0.6008429533562157,64.56162357104861,178.49524198713766,123.64239012526608,0.09241916659385156,0
3.0676256576847165,0.07614181116509879,40.47757252178215,1.5069947260798853,185.40067554125554,103.38219910693059,123.59950746988459,0.06501027268433321,2
0.6742991378331438,1.5757161271248201,36.41307196231129,1.1951053210790517,116.7818183098788,57.61218088001029,179.1296058098826,0.03649588003230358,2
1.7523122202721853,1.0614565245093208,29.03232880447719,1.7465801613460075,61.0616247711741,70.0706054234956,138.05009251735487,0.06080176249436507,0
0.7999256275902262,2.156643501321048,33.91717385679953,0.6483362599734754,181.92823888791312,77.56872941479695,225.7578069366574,0.09929344804265137,1
3.491160870419408,0.6669460199223728,18.53473949596912,0.7170994000071084,87.79103186136702,111.5284168646067,248.05256827020466,0.08645230541371261,2
1.110635357797148,2.4535222483319368,41.21713098360006,0.9596865970256759,53.337518824283784,86.9767381308833,138.36072889478623,0.03531517444535875,1
2.0201109286213277,1.553584525382181,13.291283112666239,1.6487989804082122,70.37106583537884,103.70165002458893,199.86024652679183,0.09576589833254953,2
4.488806410332016,1.994166635460636,26.77724624496941,0.9586382347335483,148.86721128496424,63.30993715419078,191.7727189264627,0.09833159003312043,0
1.1011502786549545,0.2597189044157824,77.20934001574862,1.1126280612480388,196.6717233707292,85.74201668225086,113.05862291448784,0.030805026347387368,2
2.588244813398018,0.4994718176592194,39.292208980896035,0.9524053494457468,66.71932093752753,49.844322980485565,236.06146111950778,0.09060329066512071,0
2.154431139713508,1.908088998933798,70.14133152796094,0.620336437701545,119.2922072187143,164.55943828661884,113.90523982202822,0.0894882445928949,0
0.1888078011240757,0.10386697899634284,74.51957580375496,1.909150434344281,77.09548264212988,67.82534680360095,205.28271238384878,0.013577821591063655,0
3.984514756506783,2.0513510654397678,62.30668084589022,1.3228084881067832,161.7554801152388,145.96601896002343,139.0936391866331,0.07027202737555184,2
0.43832494094153873,0.08417509579518306,96.28279672288586,1.6817497822782452,67.70883496427213,88.93725034846844,142.40386639152513,0.037475264172805244,1
2.423849602787073,1.6599411557001198,11.929587996080194,1.487535638277944,85.97626227213343,106.41562465157106,157.42633899112326,0.07071513638426882,1
2.847323645200855,0.9444801045679245,76.4787385529328,1.2713814185929626,79.4608951473607,80.77654552457176,226.96635626937373,0.09222028247712191,2
3.1792896374114767,1.548162389162038,96.29079795463672,0.6345173849890702,132.87796705504667,137.5017779550318,103.84283005690605,0.054890132319056664,0
3.4742949836085906,1.7552769471233287,87.60445564176453,1.4641003179054566,180.97761380009484,158.23649869845906,89.27682823190817,0.047297154770978754,1
1.3410346792613042,0.8890642870064454,25.110342262451198,0.7330555339052482,126.66353017346279,80.07782586354233,148.34693921534284,0.09293781440686756,1
0.14889600562640193,0.3145079978715471,39.41382756265589,1.121574754034415,58.73651791572069,73.91047011290294,89.44946685415498,0.09767034259646794,2
3.644873945539069,0.22063237598325086,25.520665588881887,1.4436697152206455,134.5083395895247,135.40163716494556,196.8921501197649,0.015601269501442246,0
2.724717336803135,1.4928932552782423,64.11775274332336,1.6733435007081852,169.6281498977014,67.32142847948091,209.25526275462624,0.09305632622333866,1
4.196976745715519,1.3256056166485735,74.0969183781543,1.5275677635629292,69.8234295956484,129.57756718536814,225.301107108054,0.017449168016969996,2
4.124802978213402,1.8683924723467749,38.536639242675236,1.5073002935819433,60.906682151688756,53.219931157108974,206.45318173221148,0.04035575920452307,2
4.232298222160628,1.2988519995096461,58.55559165858659,0.7235633137628112,78.17116663363535,126.8192023944962,235.77973692775547,0.07863167101872941,0
2.476963833899747,1.084992185575654,72.18285130640754,1.019192810107382,161.91294842324413,111.87694276146064,207.21119086294777,0.07993332837457258,2
1.734779139600642,1.0253135866787657,47.920583494994354,0.5643684089902912,138.75206292980022,55.94680018068317,239.13285877932827,0.07532397016112496,0
3.9786351926977135,0.1147949113642853,86.86139774099134,1.5792153397646969,131.08919809426231,130.87450888104397,112.82883501559174,0.013520123925496154,1
2.3113411538433493,0.8721151441568101,79.43949417590355,1.9288789719761286,87.42198419476526,102.51800198477062,164.97673258751414,0.021966944322168398,2
0.9988667623768291,2.441249385935011,15.819898946551358,0.8961655852686137,99.8354892870289,70.396107114392,248.96820194983448,0.09425948483977738,1
4.289372695851224,2.1902111617563675,65.9012769181746,0.631545063743464,194.88275194150134,89.47378179830483,195.86829103226165,0.017331524955630173,0
4.424543396184502,0.8569762642338334,31.179299586377464,1.2133551151304804,86.09378400940786,108.89429478945016,229.36899005817375,0.017069132527580497,0
2.384917805086834,1.490098742412612,60.17664382005478,1.7850473346913533,185.24681348826326,52.81759181701348,85.16694495158539,0.08520813439820832,0
0.4709286638179586,2.12587702656196,96.11995983696696,1.3279612929076696,137.0797256686605,174.0653276379696,228.19884275663435,0.06771391779005975,2
2.0003478405929633,1.1311221250376684,89.11558040970252,0.57016572528517,68.49446995568717,133.17870186969697,198.6112498772566,0.041649045026066166,2
4.037334531366756,0.09399676618786985,46.40647628036185,1.961408360791919,120.0968567232602,54.35489738027744,109.0284237779108,0.02491394383644638,2
4.518692739876521,0.23255063145566818,36.23624725099181,1.742974864943901,192.28230760413138,155.20070580598434,84.36576259201142,0.08957533779035334,1
1.0970164382382197,1.3004621673043313,31.09651699674331,0.6973911155772652,112.7848397206038,85.15769033246036,124.187518281361,0.0989683981865661,1
0.42817069892383053,2.425126470405902,57.9263382780868,1.8826966347552634,179.50798471840434,123.55193513984574,235.68147102877094,0.014497455559854624,2
4.39901722035091,1.7483633784362262,20.28236079322507,1.176032432907783,88.46430419775615,78.79999782114025,193.5825995790487,0.059870204388118166,1
2.008084200996489,0.22374466902449536,59.43475073154237,1.0578469858624118,135.63832277005594,142.676832288045,236.30974772816512,0.03351732264152336,0
2.7546287249110604,0.5139341456900639,10.120027554171282,1.1915799957907822,176.57780873029606,141.2212565000143,155.8456330240241,0.08491481501947337,2
4.843522479048719,1.9397417008812827,39.146466767126036,1.7518579353064208,188.10326617545434,117.28608396213852,239.22660618999097,0.041146578259732516,0
0.426167166779692,2.1115274118927996,29.794088244752313,1.4892195174301786,122.87350507269511,73.72958294602094,158.70316862565096,0.07431663602677059,0
3.2767582365152688,1.5633517361620477,97.40969109647038,0.5888726785995912,145.95321532181435,75.51853305170036,114.72330315111685,0.05855710793736495,0
0.46311657061684874,1.628836765593051,75.45180876129811,1.9364065566742563,50.44701961734964,93.60079153729201,105.73688891135605,0.058737104343547335,1
1.939797749485852,0.11942675343929239,41.46880424160139,0.7216762002174766,87.98349612700844,60.30170343547994,248.94800821595754,0.08721994880623793,0
4.038691271447889,2.0798991359746957,18.356057787755844,1.6183519276030265,91.80681556204186,87.2717998467293,136.75665245067705,0.052336398333210785,1
2.224013940502609,1.9812742600185327,56.51205352215616,1.4542047956421964,64.02395174816462,135.80964417476375,107.2090143039899,0.08610395807300326,0
4.986193534124457,0.6846361030532007,29.210309319343807,0.7812920719198413,91.9542520035465,156.31833920831897,81.42943325142787,0.042708414523381796,2
2.839390496238351,1.7862579639154923,58.2786591308522,0.7560981141695744,98.16830495872087,86.5615206690706,128.5468263100358,0.025730464821787452,0
1.6736945479161722,0.5763937857412454,85.18261187610032,1.805491390557038,195.314905935229,72.70263615561095,231.14974441243163,0.05099296398909536,0
1.1785454969332905,0.14880889457620683,65.42132968912469,1.1295423852493958,150.29035708412565,156.5699609669188,170.78158451514128,0.05485202032393201,2
1.8175506180021932,0.5427845293464244,67.0409577590502,1.4818647712612079,113.90076191245163,164.69856383402896,187.51395875924234,0.05305448778740124,1
1.9254130414217991,0.4876407480480338,58.69272601565303,1.2561065057850098,198.2081691043264,97.403013263689,236.8064876613906,0.08274973706913541,2
0.4366970208474088,0.8774825920003758,93.45390693682683,1.5910302756139392,72.98484803519167,43.76658153894874,167.18278607819497,0.06082110473140875,0
1.9109135771911887,1.0752012680798724,93.8712415978543,1.2188635625589959,121.40767908957268,137.29462692518126,222.50757379494448,0.08995996645829227,0
2.3747687467222023,1.2959202841693847,56.145088096619695,0.9310698728833526,147.0593310573574,149.76465306563813,135.05165727298012,0.0562766945424348,1
3.641414985970143,1.218046994995404,37.5183538429154,1.0450750564947446,58.337095172611555,42.523395443021634,246.10731668300738,0.030224357459380388,0
3.3179744751358795,0.713152784614959,51.36283052914995,1.788616541675514,157.54982871246781,123.30431946781185,93.3983584971169,0.021654625623647738,0
3.5729517106228563,0.12146813800648244,26.790212097605412,1.2020520393840906,64.98010293829849,122.3716261541845,203.22101933725497,0.08815265388501589,1
0.1409820411965998,1.5324989744810193,67.27098837862803,0.8201739983669138,71.04234628995154,93.01910722470797,192.29626874925003,0.015055551901199057,1
1.1665702579446269,1.0195748331260184,55.00831022040099,1.9019080821158798,73.95342686931261,144.96742561911728,112.58415599463888,0.020584865072778603,1
3.342253013159297,0.7817467855994968,19.297043003195192,1.6949006847475654,189.33347399832766,99.94506533601049,146.1034798039111,0.0157292667025877,1
2.471547904080761,2.1740055549347552,27.788300300765382,0.5834992190842987,152.48533177072517,134.748633250791,133.1809498520911,0.04813607774636383,0
0.12603603077489514,1.8795211041054916,53.16687605795741,1.9984144429707766,148.3141251654656,112.39642264892127,96.06378761652421,0.05793540547542342,1
4.0420237479159296,2.1515255935124835,89.88300916469726,1.5423900446601535,133.32402446974882,74.78504465839815,179.413963901643,0.011788725792034067,1
3.8867669091226538,1.2627078470455295,60.97516485679877,0.7403998985608804,93.92089980426542,124.91012082141845,248.92387374607813,0.056402755020244395,0
2.787253898668457,0.37078156771060483,71.33815001876238,0.8557515219478946,143.13345568990272,143.16718927841782,175.12998397907617,0.045438352416156354,1
0.42567029630373343,1.7557425184971176,40.512569476951874,1.5386682218623204,111.52245798329596,176.3467942811805,172.69418416949154,0.07962806642103083,0
3.855923742709665,0.5548807608460794,61.42702537398108,1.669641582918683,71.81242251389223,93.21525255233789,86.85333025027322,0.08469609595716009,1
2.9601965798836836,1.1310126892747063,50.26418403742607,0.8585539147247092,153.43959354915995,49.02615625328916,103.66743797182738,0.07164706927475849,1
3.9316038880740005,0.20925193292477684,69.32169213608447,0.8854532808489062,69.4373251894884,178.31597097098927,167.24724514738438,0.05261459817849616,2
3.7835602627396185,2.072005585936307,14.551800947110934,0.9606810423080913,78.60028715317598,127.33293231957508,247.48035591129212,0.029453373553778937,0
4.034710152593402,0.3585545705663764,54.397019461506325,1.3970275472549551,172.6548967771409,172.5030641425077,229.023315028516,0.08624033805723041,1
2.638239525382662,2.262588892270809,36.63933626295703,0.7577242674519153,149.0175644187731,54.535792041556704,137.83555063343846,0.04075022260399752,2
0.7875901391482235,2.167364975540815,39.35665551501184,0.6563647983271663,144.64867313204635,87.88473758186407,172.31072321878167,0.04206626984754543,2
3.388671619560475,1.188227772876153,96.48256884022553,1.5182961336282703,112.7304176514086,58.75113784218141,173.95937778320325,0.09244103924683404,0
3.1403215467546564,1.8737021005447771,26.44253314402445,1.6686469096897552,109.44207773590568,156.97142164148832,196.51130416957113,0.09780375300381218,2
3.7370406172755275,1.5676404308544758,38.01207273207372,1.2513941066247583,153.53939137781018,163.24798380010424,196.92294701065356,0.09083178607460538,0
0.932416929648603,2.017535323727475,55.89033181577846,1.045749065402578,161.00083079135686,110.18363798250286,214.26472302561552,0.09984112512049731,2
1.0553784795114174,1.1079224969254846,87.67242533346612,1.1480640702897147,126.53198035464658,66.12487047268426,84.24507422274601,0.08820179595113296,0
4.463006634374709,1.9752307863986578,47.50030748857334,1.0826117508079278,195.39038665227895,57.7966556655592,240.42563240836577,0.07339217658580736,1
3.7748912124151475,1.1830192018096126,76.94787527993539,1.9399773623565129,193.3549338378308,122.34297541122895,91.91054781817192,0.03644374596143256,0
4.550319594631582,2.355366180214845,87.07366883933221,1.6521348578287103,111.86442350191379,110.89268544194208,160.94721895107978,0.09576613440098887,2
3.8177050737032117,1.2416116470216116,37.901472023966406,0.8121308222751654,173.09333814247304,137.27047433147345,236.32847698103726,0.08889641484523783,0
3.0260609993524796,1.1834172162376375,45.34751651848389,1.07628372808097,131.49017623976232,82.72901676679876,162.90370096928356,0.031667211317408794,1
3.3052504114365813,1.9734260608306065,42.090060131952065,1.3160184370446646,126.76338313357617,96.33151930341072,90.81826181962987,0.05402462259176443,1
4.456726827306048,2.062865344814053,84.9570227756129,1.4194787930955326,58.244609206797776,42.990550339162034,118.97080336802966,0.016305009456299514,2
2.936153097108509,1.4084983300868685,13.991217575824104,1.2022758440431507,136.09620657024652,125.42002631057406,178.37334841263186,0.09579779769404954,2
3.198717489209099,0.49050464306293473,37.7578979945812,1.7151899525179388,185.0866895844747,99.24009298850689,94.93647504282474,0.06154914949493104,2
0.8667359084176429,1.1960076658460699,71.14677018356169,1.6514090291873476,167.0200773792638,168.7670487338827,152.02524827294042,0.03206804913353489,1
2.4222139785689034,2.421777632128712,60.889914960880844,1.25773687794225,167.9475717048893,129.85008167867267,135.94585525253882,0.03631593822614882,1
3.6103458485946853,1.8948161729460038,49.266042336432484,1.7816440801725957,73.98935578645089,95.81722880295713,218.58529673012072,0.09825907353668736,2
1.4276192217501906,2.037348379503874,58.59534044992459,1.6266342956635789,103.76741707003455,76.90248532226906,98.72242951702637,0.0654052862623778,1
1.0910454845702213,0.1304224721071383,27.782612724548645,1.667872773080965,84.98073749753537,166.73989196506943,196.07573652699367,0.04786148116957634,1
1.6377513602996365,1.196255683453692,48.764495944720935,1.9346011691501248,97.38729236834538,42.27711037644206,149.12014204890454,0.05498609156069844,2
1.283353077164884,1.6342217774610108,55.153268575871415,0.899700411813804,136.9309015240588,85.7677454153349,179.91761568029585,0.018869506513960903,1
1.1530719214783398,2.083580074888783,91.10702097591415,0.9014722435502738,104.71757200553719,172.0907817303249,114.94040122649261,0.01675204840655884,2
2.181769130053626,0.17072045127779012,33.475164652357876,1.8334283835359602,134.10467261963993,131.56462097742036,183.64962640947635,0.06334369689703465,1
4.548408718029317,2.138475269822589,88.10456519484393,1.6583395600785191,115.77518724118656,114.58066997966188,194.57621366073914,0.05608036327962849,0
2.58459226901972,1.3935822950176837,67.98172607433838,1.889818312153441,92.99233376745914,68.49486050885984,91.93936599238323,0.04232378721730971,0
1.020809865995083,0.5334192279113469,11.83067479608409,0.5946952404866797,64.3105151307738,156.6724683956142,220.1385254890993,0.06095025572602281,1
0.47716117996628304,0.8272752803017651,75.21682032094543,1.4416356158923949,183.7757686017174,68.58786876298865,226.41319919100104,0.016540835449345506,1
3.511165111175834,0.7407274017913239,13.199668979414959,0.7169425071851712,51.7060049006973,74.755494412975,90.8041894660751,0.09495920542883918,0
1.9757139457383006,1.350604634006766,99.76430141324317,1.255845797438874,50.24787322129568,66.85916000205972,182.54187297653857,0.03643405190057997,2
4.126971638268261,0.176629915782273,88.53730189220781,0.7336203977801663,174.0196609645319,62.14092447973307,180.9819544852786,0.0164600911604799,2
3.331602766339774,0.43841358832481264,36.76093727860411,0.6921177634773189,199.5216410488685,173.4637494370324,82.11793001763536,0.025255384531669367,0
4.0015831076527055,2.041097956270667,33.16701071770349,0.5182525180730497,159.06542415704843,124.28442345978318,138.19889037251173,0.018592652303426518,2
1.4325355931503991,0.37487977732968714,44.3296973895048,1.4453582185743565,52.29107570943271,129.29719848141315,244.7173830613371,0.02607440539237131,2
3.492558720059185,0.6218208601724111,42.05502687829987,1.038533925035129,84.003534000277,173.6055651950297,174.4266278856863,0.04750786493439507,0
1.393903724999222,1.1607579837301856,43.510403654684296,0.6577824273184576,195.7734050392942,72.28050771757877,238.64600646605587,0.07642458045419688,0
4.701435549306429,1.3169461758776597,38.64488915075324,0.9842566665969648,171.29063782607523,40.82845540367689,194.85958809915527,0.03451135127095358,1
3.218233979513535,1.9208456750546887,65.90200661634982,0.7534161371773774,135.01997657070666,123.84371093984076,84.826388097957,0.049233395974747955,0
1.6901078208591764,1.1459644453321602,24.783729734856156,1.9125422472524891,85.52910641605385,111.09827945138221,93.21124366822664,0.09358815590994127,0
1.420608125232136,1.9851683215370701,86.13831632014119,0.9800073286420221,52.15553088901235,106.87105283576118,202.7704224124619,0.036623956539337796,2
1.0355402668510534,1.564948452261371,83.11622356281838,1.0009302849340849,53.129220895611354,48.66322957446788,174.2765243627333,0.08152477779382389,2
3.5037406985792665,0.327094361588365,52.88348870697434,1.7597870050993785,141.797129529534,103.62088132046983,101.61578298197887,0.02420351852341298,1
1.171706503689844,0.43301202406245454,86.74569687506929,1.4716336419290064,53.274781452863465,80.25833911269785,184.39065532011477,0.026048957163152288,2
3.0169860030446967,1.1207326273519387,32.243056302726394,1.565257411104502,199.0445212888059,78.43905481140384,217.74885129659336,0.05105375861286392,2
1.3967116319342512,1.0223790130681472,11.580891013357025,1.4540027059834408,77.50757502406071,71.133421225073,208.00701312254404,0.031069202541974775,2
3.3436478294899565,1.871683460611372,65.72871325268407,1.919294425922848,156.6061042803916,86.55397036563991,121.8476182054514,0.09127252664148343,0
4.093204669848642,1.4728059925035122,51.21184662682438,0.8105012473370677,73.25895821186201,89.43863052007774,123.89314433152747,0.014567706201113001,2
3.9123236914088007,1.000926048455511,61.04480916662836,1.9835588626336935,131.01401316465717,83.22860869067965,244.53242686735933,0.06375453095294557,0
3.8281715215608307,0.4683626944534448,90.94054681165628,1.7464342663347698,62.091693269932634,177.02538020073126,230.85881636596176,0.06438064565345679,2
1.0198397878920353,0.6057509006974632,97.29330162093491,1.3834588833145132,165.01676367998647,170.5823519713282,134.11734345324822,0.015942333476750295,0
0.5330862402241417,1.4599774952491946,67.10078257800427,1.4935574365943736,137.73816420872447,120.43141393348071,220.08926324373144,0.07593077933838022,2
3.5248492595881897,1.0874250720044916,78.76500308671946,1.4732388147509212,62.925004010212255,177.34767737744338,107.49555005453273,0.052200779006097646,1
1.9049013475923215,1.3115723967086468,17.542759013844783,0.5875943360887308,177.28792838000084,178.7677214446866,113.46298722551595,0.07507660361453276,1
2.218496509376402,0.4681597164904725,24.464402640235505,0.8270247477979079,132.05279221650528,89.83155940242236,110.8033291537087,0.0844232487341563,1
0.2526305546876162,1.6741203182441864,75.9884324457679,1.9422063267871237,188.2388465019977,102.32625640356423,94.91253175229758,0.03906094167916245,2
1.3719246014477413,2.138719915097119,48.82289107492017,1.301546643289069,187.4935060517169,174.26864877785317,225.2952797474304,0.053603729464193894,1
0.26501437898487373,0.6819517916279065,50.13687433639652,1.067530404892868,188.07616842298737,125.20766790181612,178.3971726947778,0.033468470179121024,0
4.408010285746113,1.2542098532879753,37.7746913471893,1.6430576950836124,61.6677800300702,69.81007159721815,124.02253572396955,0.028136211717010154,1
1.2926437477707995,2.440041956101209,64.66207451299694,1.2867784139837144,68.14366426317852,136.51329356711005,224.271355563691,0.010053528223839167,1
2.8309521309077397,0.8664422643492828,26.664854087458234,0.5197441571478464,198.1558714574297,68.80446548645224,216.44994909677945,0.09672683608718537,1
0.29099867123953904,1.507863545063215,66.4224651382506,1.604356395072677,123.14012320980589,87.5100841140584,97.16175808171846,0.04968356223966835,1
3.367552217397725,0.2709794654905987,25.641897142171572,1.598326340079292,85.73210792437214,71.85842283334921,189.50369353494523,0.011176279575298662,0
1.68283399419506,1.5347367560746359,15.744343123874224,0.7477230681649616,165.4496732747987,74.29723023073791,202.711712259381,0.010804471981124336,1
4.499804016092562,0.2695978445963139,39.732191982915495,1.9349901326363201,89.64278318187229,40.65178141934952,201.69064728761384,0.03595173116960756,2
4.451779125776776,2.400126816543364,30.80263078088629,0.8358621973116716,159.08235320279636,163.29923650792324,202.93426033516937,0.011254391083910659,1
1.6939240299725642,1.8033734975771631,90.00924747006991,1.186624051073299,175.59286667746417,81.43866933861113,108.80782356033635,0.04370631558926936,2
4.514708388883292,1.980991480932481,14.945810848176393,0.672103941891372,167.63950659429207,52.09241313319123,133.5646972256908,0.015664465129505308,2
4.981172600144016,1.7750556838905105,25.895232331671057,1.4049234791758827,91.10717122969031,52.1782367953524,223.5103464457586,0.013532643203527877,1
4.144536754207346,1.4948361383873412,59.38476450247445,1.0631766800858187,110.24278611188555,117.8425587045333,232.72659753868342,0.0702443254667095,1
4.239869604000622,1.1522863136594883,53.29604717627262,1.0297601933145581,111.98765048499146,179.0088770747512,127.46211071602795,0.09161571604985963,2
1.3201428069345407,2.153014780414603,14.12668165372314,1.740465315831421,123.69093771567077,60.303145417826826,83.91331775021791,0.04684479249720514,0
2.9258417544030064,2.3942473854805044,10.652718521363003,0.5143425692757173,75.1059277310204,53.947049332952325,226.16038101823838,0.08530933872483394,0
0.42955397844010246,1.2726386236149994,98.9261147765035,1.6969201563386338,117.87050756215136,101.3625432562927,144.10561243026405,0.012633891502217241,1
0.5650978904261816,2.332260870430392,69.29512303229544,1.357172848622118,126.61744857732195,118.86637553771136,136.00880451318918,0.07999210503731642,0
4.994573798963124,1.479165629471868,42.88655178114011,1.9791477702202986,129.75634948715788,81.21325024291167,138.98994554706636,0.015651999309060183,0
1.7005323221869637,1.3690412578962614,52.33890228969172,1.3841648309063737,172.98506449766873,82.3530929519413,150.66839207449905,0.08545954808776166,1
3.7661011690393478,1.163482695740624,33.98951084088583,0.5830687012219369,127.60017477192427,99.42671025885292,144.30532568133657,0.08941297103848576,2
4.052658759831401,0.5627550157487937,41.03864053238888,0.5759679896655895,84.61758837705128,83.98038612108485,176.29325285270528,0.08073764581440829,2
4.304314027935423,0.059113169004245014,68.41400205413926,1.8247294795577478,149.46931073662807,168.14642169959234,93.41984734469233,0.08386741219701602,0
4.988378657270567,0.6416902557973502,89.45306189806337,1.7618212182665798,169.59712161299376,45.873639980688054,245.16183303244756,0.06053361096990871,2
1.2833327777586525,1.2988217704287348,26.57170207730664,1.018835113373035,97.90574996573926,72.83982238183845,239.19667586026742,0.033839644832438676,1
0.2977190516125286,0.9809018830363938,85.63253548467868,1.4270487262717058,146.79588935264078,153.19739147183898,238.84912992463487,0.067890790239487,0
2.1148384381734715,1.1487888086064528,20.940096656644215,1.2343870355834006,72.0406993919019,156.75413745309396,229.4771960939253,0.04955874841687253,2
0.73739528216184,2.4525881379319214,29.34930012295521,1.9507460827040783,101.28894568670961,55.61771105498816,192.25547137089404,0.01048029048271414,0
0.2098868568940701,0.9081673081398527,13.345775924468139,1.9249413513153373,186.38358943244512,176.32688300178035,117.5884556672335,0.05291431357913516,2
1.8660914529932822,1.1578482014322644,22.67306758836995,1.9757585128111619,186.69622447438562,137.06967898587524,88.4121928148833,0.0686069132095491,0
3.9403174302686588,0.37711310081440796,92.55728309176455,1.7996731709513965,136.29868681145956,78.1630278377034,96.88458101290033,0.01124952937221887,2
2.8742853870028475,0.16749644447061973,51.34948719565407,1.864327386162652,155.352719129766,103.84530107402364,135.07872507915295,0.0659224302497342,2
1.632612147130735,1.949753310751612,16.989927560051818,0.8259181681507046,178.1023122808912,81.5994067395154,165.66011433428352,0.06872787155951707,1
3.3062758269143266,1.4481737789263478,96.37541542350652,1.746510183484662,193.782977796894,61.003114979618715,248.85302210141498,0.024229682041500708,1
1.2368890835131727,1.913726774807543,89.10930769827851,1.5632856698064121,123.48296604346542,80.76492906484813,154.02539360508186,0.04879667666408587,1
0.17046908575321662,0.4171638572720515,77.9214268781327,1.9441797632421052,134.23636049390515,121.21287124854658,169.18983538353405,0.09678993408002193,0
3.8453315935384946,1.4509804893975928,94.0125512752802,1.3568927426639292,112.34623499717455,155.63575727696562,198.1767320219737,0.08957703050198043,0
3.1563411158336447,0.6714240621363702,29.811647875218775,0.6277507500658346,60.79729055846431,90.8940704845408,110.72477497612536,0.04697392805724275,0
3.835282860054704,0.6087514514050489,85.27323637090777,1.3960983367807294,113.42052086732276,88.70621567669784,238.58059026558348,0.041486164122174006,2
0.2907962817695615,0.07823873442981388,72.09920767188756,1.5298713920319318,168.59410090746158,105.52009815138517,169.9358829932648,0.02116726128791704,2
4.201886176370196,0.36933477274422616,88.27833246109195,0.8304815430686425,170.7328246987293,130.2377839950085,126.96357875230066,0.01316701760861438,2
3.1356783801778865,0.8077068731742537,81.72204091683668,1.0911700752690927,183.85656718899494,145.2262767405233,238.96852767760288,0.03677164996978709,0
2.860637218491937,0.3363529634478007,41.18455568591425,1.3977551210775199,57.72000577639536,85.75193067192635,186.32660515502153,0.09462550123740146,1
3.160608835761205,2.465353179006797,79.695868331553,1.0611586059747582,129.0731884370951,122.08934549551945,162.22725431236577,0.09627521062003006,0
4.335722909654984,0.8061499888836793,33.62106726864013,1.062421575857996,66.11367319056144,94.51051777932355,178.6265046933316,0.08312674065186487,0
2.975988882138645,0.369293669420704,39.57329467252494,0.6996299587591961,80.1113274748615,140.29597905087402,207.2113772138885,0.04157423321678736,1
2.946656861452079,0.5377516664284965,19.711514550067854,1.911120084616499,185.03247535709096,63.05448887238292,106.27146062780207,0.02292637895939001,1
4.954327869622253,1.4898729094366174,94.15689543824219,1.6257415767426449,124.51868876445438,75.96948110718145,227.0211732195483,0.06359801280451113,0
3.8079778186359836,0.20690663346873184,36.190302706025335,0.501865158299153,163.78173813449206,99.64845877798497,243.1161577506962,0.06818545064855633,2
2.2672396467105633,2.1629636188458345,56.85602186543066,1.648419926033248,59.65761588930212,164.51807058899146,176.38994079751268,0.048211621232104374,2
3.5662453001613463,2.405674214131011,45.21995528195734,1.609692488986788,112.52397558872781,120.26561050909663,195.98604395559167,0.07224821160027763,1
2.007229311289764,0.6545311806350832,96.39353085251514,0.5145964402332845,151.13604209965064,175.15545665739762,226.17169174386095,0.07720136970865618,0
1.2214897661691453,1.1527334080476055,40.154425384463416,1.0544064464206468,70.010972191732,54.458875939351735,143.71780734080508,0.08047554972173021,2
3.0245741967500215,0.10422940502226782,80.06912392804202,1.410121535488296,98.87268186585247,104.42455791113088,248.78140513000773,0.055206830022175656,2
4.6480922807583624,1.6197400505816928,86.9874539168062,1.1791259777870537,59.68217075358248,98.67099420635378,195.6852327821726,0.08124766998037601,1
4.652783648075768,1.0641188422288428,49.20458477328693,1.6669791780807608,147.70099113042656,124.02886469683558,152.07977872085695,0.012292878364251112,0
1.7753358627169027,0.7116432419488116,44.03546330076381,1.138187498951651,195.6336888587178,153.67504521906096,195.1474557502766,0.07123639300649827,1
2.6856195844863056,0.5567509210106909,77.29712388393652,0.7307944541807556,174.05682367142447,157.8027235816284,168.6856055272842,0.031207056134543186,0
1.1370159029923201,1.6523565402639633,92.16063822756107,1.9646234364107429,196.19346752113483,133.82724521877117,98.97906716152208,0.03434682625188879,0
4.978592436544529,1.0697317260291705,77.94385597650144,0.8630599891640699,176.84071926475946,129.8150909943775,215.29710181078414,0.01821715359460591,0
4.907477748552885,0.4901652581232845,30.441372903267904,1.5765384658119985,178.2793709295468,172.86413588627306,175.94384864299846,0.027315303723386142,0
3.2825937555664924,1.738317249642719,89.94769726939349,0.7147344674961079,136.5765793057014,93.71623622937945,215.29374483856108,0.09928074097018026,0
4.041628892419619,1.4344270934398997,44.88235006931498,0.993518920675899,127.73784671198149,156.58966398638836,106.33502986246918,0.047385111750712784,0
3.6039907902901303,2.1537465345772655,61.86064706001409,1.1630414126456357,110.93813996417413,169.01052179292117,171.52071665613187,0.0934988858819817,2
3.0064752732933946,0.3378159522474076,84.829205736344,0.7883480067905959,172.71423425688198,108.81549419712756,210.3261262761952,0.024660957537351827,2
0.3614051852455987,1.9748831747639177,26.9555290660443,1.1749393645529143,77.31014184170368,142.07436100446205,248.01177649043572,0.028365295788866762,2
2.3283452785080394,1.7001161277022847,80.60591221097978,0.735744234487625,58.43373737362898,92.78277993392686,230.34753698549397,0.06020320184335642,2
3.406452880620312,0.3317767952288397,63.654651811960974,1.3385098084788352,192.18407340270124,62.24306198735657,226.93943660030868,0.04145792867911743,0
3.419904908030055,1.7523107881857158,90.40074776448473,1.495569878780291,50.56672778052156,122.11054340613954,122.06822348488765,0.06795236877173165,2
1.9283008302696798,1.1317908577555846,25.477336165918864,0.5936514260420162,196.52439828137778,67.50603111893446,222.45738229053805,0.04798419181483874,0
4.71429073462435,2.3652127246118155,47.86140133368356,1.8066981816232521,159.32800548106488,104.06387831254166,108.77781718230372,0.08304375137189159,1
0.920049457960227,0.39694780901385335,84.95587835801537,0.7777113275630533,99.27483795467415,162.20310386596665,113.6783029732337,0.048840316405397544,1
2.551761286456247,1.6249418074985582,11.730853311108415,0.8380436379804856,154.67297646294654,52.04254625891527,98.71984643639024,0.061511426419443765,2
3.485331485099032,0.9858511113842177,20.098123008907855,1.4920247601245944,172.6812735777691,44.25999499305095,225.79141022134382,0.03889658800213559,0
3.5159654488698657,2.3941959429476505,99.15086914810612,1.203126590651621,86.80430839796539,124.90689863346427,98.40326439672418,0.07336368886947887,2
3.2783308881671966,0.8584384934611774,35.23547607313155,1.2490933987565986,165.6343524919373,86.34858572328531,103.47895155665171,0.06892607880691427,0
1.448912245914115,2.4073554782549103,97.7988874351558,0.692232476844699,170.65544375123602,98.51127896962814,121.80081551400559,0.0457300929496652,2
0.8654121865644477,2.2586403351968354,26.427839590780653,1.7086037328146124,87.40319451880181,96.79948241216641,177.352609550509,0.03484288925115369,1
3.2161076014508834,0.7124389265111081,42.498499870660204,1.425581369156315,56.28895315669753,52.1268320613389,229.63063150106854,0.06526939373382691,1
3.036580369083245,2.018677353224748,77.75825000532136,0.7030730649641841,80.61834268371464,40.49930057514324,151.09878639344657,0.09488364842899069,2
0.9788444504172809,2.4892302944185896,69.20005665143606,1.060999050538394,80.09696133340917,165.779254000997,172.86861136260347,0.021937872162394144,2
3.5551818132957607,0.6690243553196419,62.301015993615,1.7156148991025453,59.786068126322476,70.49179852652449,108.303197992733,0.08192049565110045,0
2.3303427594949166,1.1201040648421332,57.69092582245068,1.352532568979931,158.90110769827936,99.65105886100037,125.21079550262458,0.05886925955272816,1
3.3720268988554496,1.3244428045885612,85.90963992982662,0.6629731686993957,106.99623866876124,176.069611533951,102.76737962258173,0.05730037256564733,2
4.203098690873738,0.7725812827194677,31.145370655005344,1.05916556868393,182.65792511807877,155.74676147771132,149.68620362740523,0.09655157328183814,0
0.9316693000269235,0.08739885713277291,49.82238342941666,0.8640415976836019,87.82566584977789,55.11031973677831,180.3570619752927,0.06452873178117012,1
0.19380985318449973,0.5893166482839404,23.990706294081157,1.2761983304805895,117.9848247649891,111.192664425762,128.2833201056872,0.08474660449736662,0
3.9176026733393554,0.7407453666373083,63.63474361576339,1.7650416933079844,145.85261433901442,142.21106370930224,223.81929544771475,0.0563029523988127,1
3.0875173832478184,1.1368192682295586,32.54899818441882,1.1544007022066296,181.6197424507667,137.77498989988973,246.81051967112785,0.03248680305295804,1
3.5282338911483966,0.4692010721128346,40.04578579090472,1.1500130455524846,128.69316524290622,146.51785933662583,100.42632489347878,0.07250412443122986,0
4.206959377444348,2.189473173894598,52.41256449611753,1.8580263534905554,106.02869417185742,104.04365168432494,83.0362095226051,0.09308592139996036,0
4.0337735806400525,1.7770322751917735,12.409352713281507,1.3642781187609085,180.05226177080132,64.6292101062395,214.26207425711326,0.0857107086049068,1
4.808508719951241,0.25874117002117186,18.274414232875387,1.3492866310961102,96.53696370314158,105.08214214871217,112.40925522656863,0.027852724561607617,1
2.7260818863753795,1.6427265052928322,71.73362986373976,0.8928648378130841,61.91355494488647,130.70421488426086,140.03492075234604,0.038520020715593524,0
2.4936286000335364,1.6514583671937701,48.607298264575654,1.4115841217556895,116.75631612653599,125.20289212472352,147.01930710688777,0.05651926065763099,2
2.0692472794645775,2.392741875426888,87.83111997999059,1.3638657011260946,167.7639959746988,49.873087530405044,235.82189611316056,0.06144429657124588,0
0.8530861099366023,0.05740113482259506,72.52048032797795,1.095277205512796,54.617124763028464,49.093340771506845,192.00249668024753,0.027443270301267544,2
2.9057754411219103,0.6574345020242277,10.72908474825902,1.9860433488487708,137.88233674843883,175.13609636172967,86.90361335149143,0.030701110601364816,0
1.4573613691972962,2.323089124469523,65.50410976904215,1.8228364474221301,139.16960727908543,61.25276370556794,82.51774092140629,0.07829479621318929,2
4.6144068098435795,2.3337280927257935,18.435237945374478,1.6243794351152232,189.28126451410725,81.22474496164108,113.92657658014762,0.07572856750434483,2
2.9576349409577785,1.8154367274580618,80.28398618114448,1.3060183826195009,92.96972257175327,147.46882750186316,134.08922994836092,0.0855287933166002,1
3.0049168844897403,1.926120136566473,99.23569194506518,1.1930897028419454,91.82549198160443,97.3547906152445,162.36905179472183,0.0939636826552208,0
1.8391308382973492,0.27413324692763547,57.807891481736036,0.777346092834799,116.07254770095172,65.40507945640458,222.43270009250543,0.03774350070124226,0
0.3547478246907667,1.3089957952066724,71.45015501747173,0.9586062110219356,103.53723522072727,105.4125335233694,133.5190185259091,0.08736354609135215,0
0.2555444503276443,0.6173783286580486,31.35827448052764,1.6609411997348154,160.451879403399,119.65299590687121,144.01132727618142,0.06994106121485678,2
2.174342206350668,0.4939842068533623,49.383796937841424,1.1806234309063273,146.26281156973243,103.38732529893059,135.9874481016418,0.09619933815026195,2
0.5143703526764655,2.0352430828521646,87.04857990127454,1.823404274854252,163.83815568593997,168.65245056609527,81.52410712559396,0.03448667404210743,1
3.073550082146682,0.38084343486734124,25.06806529716261,0.7218667045182932,173.00626867980338,79.8579013139306,242.38426165008036,0.03427043514755731,2
4.416767727634321,1.1981965106411439,33.89820450523859,1.2625206440204546,188.44716991012217,132.58650249795392,103.62930030320055,0.0733864103823454,0
4.426282600941739,2.349516686985781,50.089030775742714,1.470448526031963,114.64050976769714,55.721260997385684,128.903471294552,0.09355696966344487,2
3.329322509647939,0.5052885361350893,74.10240026596125,1.275272684461889,197.70460842073243,94.91996407296372,101.9815613563951,0.08421002423077913,2
1.1350359742173621,2.446083888158675,43.82955593161064,1.8338403373774808,82.34912201054792,143.7390552218963,163.39233654664284,0.07543356020140206,1
4.328684473658473,2.4860055651145947,93.49590518047034,1.9843449227437095,157.1547742920993,71.47437168252516,238.46823954022486,0.04485782782516495,2
4.44185783303472,1.4112620289718874,18.501134614184725,0.6737519875120546,130.10139759607839,122.56794639161777,97.11912199633267,0.07459906012317766,0
1.0636025662694977,0.4668497134340369,43.37237777903628,0.6949323561153815,172.5350892027325,61.481184089268446,154.95247701004433,0.0820986018787733,0
3.713387820276319,0.8244569754551945,73.80587110855797,0.6954861703401816,121.5155780909639,54.378236790591956,83.80372378116833,0.0777957111811544,0
1.5039457897429027,1.0900074400575113,30.338808909534322,1.5217656441057914,167.5907953043647,113.25258484950598,211.0526976356452,0.07091297184575107,0
4.032937530529355,0.8078443496776463,69.07718208067057,1.0590141432437568,189.5253071971517,134.50153945204403,189.00844440425226,0.014241812652163269,1
4.9864657095276534,0.7375571706974637,24.779526240461134,1.599971991898859,159.8441399210131,55.871389272827685,198.94877283021555,0.06937434398033279,1
0.2471274261140248,2.431962787580076,15.038225637551774,1.108207209330468,166.41414293274863,168.48867533220812,160.29718135227455,0.053046518993461945,0
4.497092742375567,0.42574382716857684,20.8914145073784,1.4414100819980955,60.076314689878416,71.60811677764536,234.297615024589,0.0965412344394717,0
3.150889614633425,1.8466533763563127,93.69863048207212,1.6547870085183403,80.74364933484209,56.796543142302,149.6247666483436,0.0646470895039364,2
4.869574833907624,0.05100520912597844,59.65757946455962,1.3223238659823808,196.14556107553906,68.37784716902948,167.39446271380308,0.06474045306117694,2
2.3785466358794953,1.5106475400358235,81.67111979316842,1.309255385675009,153.97805056810915,63.740143914457875,198.199167786007,0.09946496686327749,2
4.252200859799731,2.2940603596874283,39.93890508145461,0.6323514879284517,134.2173525966507,52.69445108581286,168.4953089862282,0.018422901080281488,2
0.4057309361315584,0.7554385305283867,63.3392783096902,1.1161726143641522,105.0464560094675,151.69749286901904,112.18706014577575,0.03486846565903176,2
1.7428673453836492,0.5045386393814121,54.54569203344924,1.3186657298374063,56.65835018103769,109.37528846417554,133.90200506763503,0.06904714950721232,0
0.42838103498092883,1.6466154974521463,95.11641634620646,1.192971238499615,105.37038619462024,94.3927216530156,95.69005958359689,0.038371263043093726,2
4.879181354047446,1.7958734478810634,77.28171724486992,1.851173000282638,124.83693099343638,173.08790977777863,153.54429452694063,0.04115351331362098,2
4.103172145632,1.7356747714323544,75.74883683469211,1.859795948179234,81.71892640803301,91.94117418907071,183.59665582467576,0.09033804458173977,2
4.277482364105255,0.8323263560523665,14.171794249085158,1.7328760708831425,75.97051869107489,63.37618164660651,100.15009052575391,0.0621418514535817,1
4.696029634026082,0.6678958852903607,59.470270210332195,1.06294711305968,126.26248270362753,78.36600486972347,187.19981064992191,0.019257902452373916,1
0.5170070819869482,2.3920010599070083,52.029230851163334,1.5759487275313016,137.88563534413157,73.4553147024035,231.78826375785857,0.03797763271593597,1
1.9894282033153337,2.3120837952613273,93.50580399455751,1.0929326916044146,85.98768782817874,109.82377913886268,137.41303460753835,0.016845253884947627,0
0.44807095631561045,1.1704256942374098,33.1607789370579,0.8488903984636386,138.10842116843196,80.81071735364036,117.74562635719937,0.06005169401024308,1
1.1328861975951403,2.123174972078215,34.28501079619849,1.0143539653263225,185.05099458114424,112.24856410609065,231.81103085312353,0.02559413767383907,2
1.2238923074845947,1.1581925202040253,47.02116239933503,0.6064469499283032,120.97598870320307,133.70107949255043,197.6306901025833,0.08714036350225957,2
2.398625334133136,1.0897530942776505,31.903274206573844,0.9976662635069709,178.6085254380772,148.8218299998561,97.91712756961415,0.061958262381085,2
1.4159546205228488,0.43406922161827194,21.626552602787456,1.1911133258917574,189.09071667999777,139.4220893774123,149.37903185049453,0.015343807773798523,0
0.5947927234070294,1.0946948384053337,87.16733619857207,1.933221342171245,63.85910434056285,68.78270030389054,194.5952319582733,0.03707880972618871,1
0.9207063365611278,1.3666714995695273,60.24488719635242,0.9701158793294373,64.37173694851955,56.22596069398553,177.6452587458273,0.06547039005125142,1
0.8216502614052456,0.10513560220028184,87.52264470609101,1.853680308808281,121.40662743314022,115.94302227417514,185.1530102894784,0.04019484863744455,2
4.868076309770261,1.138076862679746,84.80212888633262,0.8432874137352455,138.2153666476554,67.84765076914033,176.41297957556742,0.056185900173456024,2
3.820533283900521,1.9643227350682408,35.3838119310704,0.7864533466388741,113.88251966975439,51.890721048011855,215.67043210183135,0.09184260652144621,1
4.842031179820854,1.7161128381169612,59.296369989184655,1.2784931846482475,98.96761556262545,113.7932080171184,134.47258265548638,0.041503237345565054,1
2.254728383888752,1.6061346227166409,17.48959324660634,1.5087670539461089,146.14911741892337,85.75118591509136,200.43859914289172,0.04022855762228092,2
1.4640055601470174,2.2784107996711462,92.37266956276825,0.5664983762034221,50.31222685248804,145.86086167139052,248.48350522402833,0.08377811571814289,1
4.011636666325015,0.09417842407181354,46.38364435586378,0.831598797570825,195.21099212956136,83.98682827677852,146.29300582280064,0.0386880870625093,1
1.6986441984016194,1.4147665861709737,45.430856550011924,1.1835254997519746,84.81186322820332,177.02039918781392,214.47821347431483,0.017016250972635306,0
1.5669785311562068,1.9790046786037825,37.24798335561579,0.9965065039747723,187.56481528745107,146.19324677649914,121.83857031314908,0.026285045881374543,2
1.239279361818373,1.376271687618105,51.45973702396334,1.5689316190224827,66.3522116801759,48.0770510084407,127.9224410882884,0.0953920225716671,1
0.7354269932987533,0.843544103821929,32.65834478909032,1.266740894061975,85.71307730668589,111.24218364987867,238.92685861120233,0.09399635133199492,0
1.3566689989821534,0.38381388447534576,43.73670455171241,0.7405386584058503,85.23105516312506,118.76687016997545,84.4095205622771,0.030233088170033305,0
1.84106676752205,2.2245295259496687,81.99523437263937,1.8416980689726357,199.42293563009693,137.34237949542367,116.96264862634098,0.05981516857888173,0
3.402571619914079,1.2033678613496275,85.08299532266547,0.9393585132250393,50.690081858882664,109.69155158472616,162.09651862804054,0.022363129038070258,0
0.40656772687531273,2.2013822326149683,37.37642298656645,1.596696663446635,145.94573139552438,107.68210377804024,148.31409568971168,0.07072098656603823,0
1.1314840043601806,1.4853376999612624,52.21129874975091,1.6698736686581148,180.45298715912793,91.51140563486578,186.9588543099553,0.02667752164088296,0
4.064215837429215,1.701770685706752,88.6437798652047,1.9447365503841532,150.8410481037105,78.00459374588432,112.76274856126493,0.014481138062944357,0
0.8199174255604768,2.0204398282272025,14.740599864672742,1.2477611997861522,104.41007273254164,172.46802967674282,91.99299074265033,0.08424071264879195,2
1.7789612179603558,1.6649310842703293,90.02304657962068,1.4237532731966482,193.74640440544025,84.46353374881207,142.78667762680868,0.039286034445126315,2
4.336828717104886,1.0252343596633975,29.72659110870985,1.0023144402193007,184.02811318835614,48.87898544124629,169.14039116451076,0.019767016320408733,2
0.859134024602869,1.308401790625195,71.06853197929382,1.5172689401180999,115.09323803742767,63.419863501077714,175.54031230443493,0.08505135557760028,0
0.5054104945291306,2.017461535455906,62.42965267461402,1.1950752287994795,135.99927389167453,160.01872904578056,182.25389900221936,0.07861577297915336,1
2.4742361758920532,0.9654432261138114,59.76466733703269,1.1564785470866334,195.12787817078612,122.12868427727375,173.27253927946435,0.07153826053887714,0
1.5818556052648285,1.000897569082818,87.34242022775392,1.7832012936741581,197.3840542889705,149.0292769127892,121.7778350651019,0.09201238388600763,2
2.8607009859708854,0.28444078434210285,19.141492928019517,0.575253265248033,117.47349135769284,153.2294164595572,209.9734551147303,0.05403034781835717,2
4.0386439633690285,2.290731866293282,41.23252227930725,1.8229436417478029,177.10250422146328,155.25310148955026,94.92264449569775,0.021525084782811794,0
0.7720275919484415,0.2730389716163323,58.442747171028905,1.7781047567428354,95.29703404309045,117.08591908424522,113.7201595238711,0.015521176890560758,2
2.9454255143159966,1.638112484748962,83.01599685514358,1.2595493803426836,105.7719309395997,64.79688339787468,205.6942615332494,0.03865969161636928,1
2.5769929259103335,1.0623264730668545,29.479877507050436,1.2353042813084425,74.72328244853394,60.75258531305984,127.55344279789279,0.017814774712367462,1
0.8059860514646779,1.0437675061258338,82.26368572368486,1.0427110520532352,81.37768891650954,120.35781885251573,163.89048507359888,0.05819584963123769,1
3.157592579092014,1.7149019996030759,45.967463424454216,1.9912606875226015,148.53099533890384,91.3120095159947,135.623615945445,0.011304911604084209,0
1.4408380475177813,0.21437964494320288,27.002247079032585,0.6667539991307618,126.61724270106214,118.12675377440743,166.18680597472053,0.04993869713584384,2
2.4903881608656615,1.504579168231015,78.30877963991344,1.3853228534429105,84.66977909384043,109.78689819330107,138.93148599105206,0.026061426086822687,2
0.5031343889576032,1.9414778756322695,18.1809011327093,1.5225223851686256,110.43644245424788,124.30773115765679,249.01535828402857,0.04314412394804424,1
2.351961880346753,2.0791212568221558,56.329063666789864,1.9014950123254166,105.97751897955226,44.495650703119146,140.77119019088494,0.07075306672936202,2
1.6016709934098197,0.4677994540147495,15.748820547569958,1.6703052452851423,198.10403068030013,44.59713528821727,186.59840095759972,0.041586739394563144,0
4.129667934808237,2.2486766726915257,42.07760696420088,1.4657708042173203,178.0348755817069,141.02332391879122,231.01834700064916,0.04072058984801938,1
0.3791957622871046,1.6575579250262336,64.09691191057533,0.675218475218184,108.19495000757364,67.03781413518078,188.44894904200757,0.09916756595555519,0
2.151175647099817,2.210544262010673,60.05039873384918,1.060600275247201,187.08748683440496,131.3077847068879,176.19573336863346,0.07469332504536576,0
2.3463139782440465,1.238937756919986,46.418987611419986,0.7082624638219779,101.39530874422567,116.52062751080364,176.7690073085554,0.05624755406650463,2
3.652529773865682,1.3779816954881452,48.61431945749041,1.8218190986982705,150.18522691022892,177.45122599664728,164.39832085697554,0.06214380858978216,0
2.914009117942034,2.301643778720244,30.40925980156899,1.6244317333454643,194.99749950231688,156.95682304362873,217.28866823875737,0.06581643683669298,1
3.3693404522514876,2.2547783812189457,51.02943295816926,1.636305180195844,108.54182959828285,97.83883298638892,88.57209332143493,0.012211785904675775,0
3.9075414996936053,1.147994139754055,95.79293701487508,1.4783847766603162,151.98274476574005,126.2977948130431,230.4720843479857,0.017223813147272282,2
4.324794570925125,0.7223109475074204,86.54076260054113,1.2605653054050645,94.38857165939498,56.42052401156609,179.66967744175926,0.06842704162209867,0
1.6379899339401056,1.0132675646824472,23.07095821687094,0.7249565891952459,89.9468473396962,94.09404601473334,224.3084476134772,0.04280219729634824,0
2.7363112562831247,1.0000226048978869,12.680270858882885,0.9945423300575776,136.1234999647328,142.74428375258242,81.76675943251546,0.014989963620873258,2
4.216529584352079,0.7528238437078453,94.01718814449676,0.7053736887153359,196.88968970498274,127.17402177801151,227.776988673475,0.03677619214464635,2
4.948310541728777,0.7080200306157682,57.407477489267286,1.5873697142785148,117.9700773080255,107.8259854128301,100.42337825945538,0.021725507837925116,2
4.45864462411444,2.1596041943753126,58.405404083437695,0.7403431640330076,190.6455455474871,64.71407456737367,202.60706108670786,0.09246824580036891,2
1.9201895868594465,0.22116170567742116,80.26461961358702,1.5531703252575282,187.15452803671425,152.44042966205626,150.80863679093343,0.028263285329780355,2
1.056315934371387,1.710147396144006,38.32200764841939,1.538383084393857,88.0643918517492,78.24332461762077,195.78230648664714,0.022932207765464722,2
2.498023433292285,0.47340912606830815,53.37168119524019,1.1889567184869334,110.27291106264911,154.86707143266733,186.7922554051519,0.0663551935379755,2
3.7340431139966075,0.894039438815455,97.17966218320639,0.7028429811770784,146.49537177412748,125.62526879129909,107.77741300143111,0.05697207372491495,0
2.5135884466911587,0.2007804336303503,70.49338182391665,0.9722012392010551,127.70688266170875,92.18239991283025,167.4843399560838,0.06183392086322129,0
2.467586230236976,0.7114354102958821,23.837052879620735,0.9801396636133272,64.39377947947615,45.68473107439881,127.12918044307193,0.04923533332362838,0
4.207329063300823,1.9326316242372434,21.9904073185918,1.55057769971494,199.05470451907374,72.53863820821276,175.27426328416212,0.052045237983891664,1
1.8708785174292133,2.2182875451407837,28.383828249970485,0.6706145291205865,162.898100181692,164.46992956834293,205.4605581189835,0.08009178002624166,2
4.312993906577064,0.5927415221607993,79.00405069786457,1.7436029693241362,115.65410573370676,154.51640814540045,93.81393047891244,0.029792996634310065,0
2.0933435246634455,1.1856922061843587,36.583930345655446,1.641510935278871,142.72528244994368,120.47946381077371,167.6796120002743,0.04568763725481108,2
1.7083422178238634,1.2022939174461558,11.924996200757182,0.7794603772614108,63.135922589934516,105.28514495469777,184.99706952958394,0.09620428464351544,1
2.324550564878525,2.190259499111349,94.97569271550957,1.578746572668334,124.2952480534415,130.59997510621528,130.21246711152634,0.02709871310674407,2
3.8359900975068557,1.9188576795457235,25.27420747554196,1.5027697722017326,189.62486237262317,105.27473789806221,242.0105920753212,0.036439623553768036,0
0.717409936533572,1.3070391850017222,10.860236753326172,1.6221812001663896,184.49014370824673,130.20267770067966,168.451480336161,0.02724102318573915,1
1.0624541577728852,1.6933306411558449,31.34184421449907,0.7833928331730418,100.60712682247184,83.03657395242212,111.02790527380856,0.011844594672232207,2
4.762079645749151,2.126019882077949,31.152590840632033,0.736385483234703,129.70517957320084,157.3896105076065,98.32400450587829,0.03428469325375034,1
0.9599089741686512,0.07337043736258511,47.980472576115076,0.8547259788841313,154.60752861314702,138.26850508513735,172.08212335811214,0.014182070136601527,2
2.8818638578621676,1.0370805760726192,92.83508483500331,1.0488075547234634,101.0013900361858,86.19658797987685,143.79052479157792,0.023921661376597,1
2.938640886643496,2.2727457598288425,89.12664260011881,1.6904974715537018,59.73188271409077,156.29325607528176,112.73300662062539,0.04264138630608533,0
2.4991598640461996,1.863766925567681,51.120509948418515,1.606885906218275,125.81624850767071,108.22795431944505,85.21874275358168,0.011864909536206242,2
3.2592517180264116,1.379961367118483,46.98099144926259,1.8881773884177997,140.24536037350046,64.4494410632446,176.3220136064396,0.07776609093376449,2
1.2261509564083304,1.347629091236077,59.950817782736614,0.5879443386479232,50.87624001822654,50.87974468049373,181.76204026172252,0.08160301123925921,2
2.8080451121060666,0.9020367391308727,31.910861077458918,0.5173344215212784,64.3363060307796,137.94480466921084,104.10644220084964,0.047027242217652664,0
1.9236489507097962,1.3252753074217107,14.696649276972655,1.5487082445511986,81.09359653912284,161.11691258912148,182.29546846095172,0.09861993814368425,1
3.3421695721830265,1.6556888386854607,94.5301722554086,0.9189312436912485,102.20784304864011,153.04187840323613,241.83536830029175,0.07110945233269292,0
0.7919953625284324,1.0749894441505432,26.802908638945546,1.0011183433007262,131.15768342458705,131.79114423110127,246.3102536982557,0.07693495731826741,1
2.897299342513434,1.7996752086608263,27.856065632114476,1.3202030388717683,94.0764378139498,59.79250778466752,231.04379921469086,0.027307038129952013,2
1.0078247413782861,2.1600189567879453,52.521429596855285,0.6536196846901978,91.42757216097556,53.16617063673149,217.2033587420759,0.08536938605395421,1
1.4653510092636786,0.4289778780529099,54.24520103562976,1.4640416248220744,180.4024015719623,88.30414722164156,115.59253224126631,0.09505417582193555,1
1.171678021585558,1.15629020590269,11.659078873066775,0.9877211693467254,71.75759612021395,159.68752465582764,106.59398102430812,0.03126791499164126,2
0.9959051213572039,1.0496492236484487,23.315926489657365,1.4490726864514873,124.31901997585403,174.643077842933,155.64109238851026,0.07178178649477422,2
4.145983662647268,1.734288769921834,44.03393367046676,1.7510103696100787,192.9237075404204,73.79051967858997,185.3373977241539,0.07722469437969982,1
1.4999670815383628,0.662175289881927,71.53576241594851,0.7566670000061445,143.75198736740685,146.69339388144078,224.61537628142426,0.037465225462859415,2
4.642906531135802,1.618614741633077,30.557661114874225,1.8963096393717804,157.58082198416577,120.3416903670088,119.43371699325627,0.052750810231506684,2
4.852639974191435,2.1998486422421455,48.071300161758636,1.2960322115936656,114.68554870859107,44.45303139091198,161.54014308845655,0.018778518422265168,1
2.899176302691777,1.0744224194943757,60.16105582448201,1.8843916477609526,52.98982506795794,116.00828899061158,190.0648411326638,0.025578532356355717,0
0.8007055010620594,2.281988464949089,89.97332451609628,0.8115951233026673,146.9195552550808,152.83165641850974,155.75095527085125,0.015541347128247528,0
1.9352863925599484,2.483251160387022,39.3463452094411,1.4068439969063564,144.7886422142186,78.65718966816371,157.2129251034783,0.06041489414907644,2
4.0088880904062485,0.3099255223724826,22.020243927713516,1.105830675985407,66.56414546949996,165.63062735586453,118.26991737480745,0.06627366075495425,1
1.9002145706156455,0.6209803105629037,54.03450033078474,1.6613332867340198,119.32395704369472,73.07645696244916,247.7323538348829,0.09245076250903597,2
0.5263843696836649,2.378430391131128,77.20494415156558,1.4088634148199446,187.29934169984756,50.7062385701676,160.78285817926536,0.05879663295612414,0
2.828246063548121,2.3979028318793976,19.887378134746008,1.2417731854374776,80.76272479579627,62.39150332153896,170.5661307189336,0.033455023372728994,0
4.24109217233057,0.2893828246975583,48.221514252726436,1.869478109646513,119.16481319511655,157.18040162092856,117.15507951876094,0.015352619193200693,1
4.000039297003162,0.08674632592398487,11.600662713623509,1.0656755962575204,119.16547778007806,98.42282866553396,167.40324211640916,0.08964577474757532,1
0.958103386638731,0.4446950569782345,13.020326348252603,0.8299703073472722,171.61422022214578,151.5723789070321,123.40942495083215,0.053097227067524816,0
3.3965466106210873,2.4902313192865084,53.4658026894999,1.4121517802781376,173.6863805494167,114.37262853854331,114.3971627351893,0.07635897904980891,1
1.180470890834671,0.4909990606961828,36.837756833583654,1.4360426557592207,163.8904129495088,107.27827747122039,126.87278266029887,0.011318441373603008,0
1.169216919305644,1.281241636468957,86.05965691048709,1.158641932357813,104.81812387824107,152.96784120894515,80.46914024589776,0.05393250303979759,2
4.382951689195407,2.128623429754752,64.19388755138088,1.2299150655340734,60.80553875277802,99.28826563973263,176.92568904028627,0.03931503608498488,0
1.323377868427128,0.09998394618610554,50.85396655686913,1.93933012144985,102.42244658360212,152.28458234929155,145.87160093888335,0.012729814535244417,0
1.389911997938255,1.5309980065332258,46.71418339488667,1.599028537095202,151.96868019070095,54.09270309488238,232.77713326296816,0.07981055263652126,1
0.10320161473036782,0.7287123497305796,54.7520932170607,0.6659026272238655,155.41198617336147,129.0835141754959,86.9202195141286,0.056161148760425196,1
4.366278267215036,2.1627205452773426,13.63949480913952,0.8181951063059165,194.75003142150786,138.36218791727788,87.34405114547752,0.03998622186920179,1
3.9837145847247606,0.7444798156969941,90.35140207785939,1.9633649516533385,118.04618471655627,165.87363545984397,230.5984979431392,0.08252186355166594,2
3.1739117819443226,1.732551514690677,99.84728401605625,1.589698330690297,144.86533744104355,71.40534862026729,101.529589174738,0.05022311066651499,1
3.7763022433003273,1.7018380994961226,26.33384123728288,1.8725676892169798,130.87863060837975,124.59078321299921,80.3672177010803,0.010314816073147118,2
0.8450379803800099,0.5926591947061182,20.834466829715776,0.9557921959830831,72.5927840169856,100.65591891649123,110.41535683121234,0.0950002868834493,1
2.3457856134791197,0.1352580396774578,22.92197171037357,1.6128002901298886,119.18037081982041,93.58803177616406,220.0589497665927,0.0330114466416147,1
1.8209749980090266,1.0526614557742235,69.49243524109303,1.571004062785267,131.72527320334913,54.939897729674044,216.4613940692174,0.08475179698570073,0
0.5595049786593809,0.7585232223163808,69.52967546056973,0.9420349781590627,192.61244090633878,58.792666283291915,137.82247584338668,0.08347738456731457,0
2.482039377553128,2.031995486553586,86.31317460505699,1.326224488176058,104.9808581613434,157.17838460267046,193.56525593417484,0.024613653822465817,0
4.611624286678913,2.010892261715596,77.6643749583628,1.4411226669054429,197.01486546619665,144.9654805255787,166.2324502470907,0.052660241309329905,2
0.296289683348403,1.1697086828719325,50.472070603240574,1.2216977162411975,131.34501110361265,93.52775824075407,233.80494827380403,0.013617908064864367,1
1.5281584761195903,1.5359549520418865,65.15698254087869,1.740768059987019,86.37038649545863,155.98812139454833,89.5919908209618,0.041909650559961584,0
1.116950587407947,1.5304358141679668,71.9456203331207,1.7493035626969842,78.74965805237116,51.307265875300985,218.2404518852274,0.07578809590326581,1
1.2669186029619122,2.076537463647677,56.14628232567026,1.7759008224523352,71.25423758903476,127.4683483846436,109.00177380266821,0.031336252309932186,0
4.551329304208939,1.091255914601834,52.8085886006473,1.7051353536472442,117.93993058601795,161.54464738000036,146.57555256339907,0.0205415137668079,1
2.393538365748022,0.7248443654867474,68.0587701078388,1.232125215795717,53.288964468338484,157.44099234437493,112.6327157439102,0.055641119584150814,0
2.384867123405112,0.6993355494443414,60.17270940780884,1.072157447223511,116.75679249722981,92.18958639186037,199.44444963100364,0.0583287745936269,0
3.8268206480308837,1.3636710842414004,67.95480748023193,1.7470644255715557,198.26070382339194,144.33273942797848,195.3154505580538,0.07082460381890424,0
0.8570117996241364,1.150413096693921,65.15692965670274,1.2353021878344004,150.51601935833997,99.84554037278286,173.14259228883458,0.07832239721223316,0
2.487600235090249,1.1282958889130938,74.72769044622892,0.8695570979419728,163.9679181800607,157.6193430145929,198.6877162566214,0.07262285781381897,0
2.206927549193193,0.27328648076978274,67.85231579045885,1.2610152984833245,67.85080860773938,114.30667302170322,188.72601270279455,0.08608709874653656,1
3.0248623836786153,1.8105791646909795,56.776823779354054,0.7127747328788632,120.96512922351361,147.07998687470575,211.99514946632556,0.03006158178538359,0
4.997832745927149,0.5736548855556813,71.36171301559479,1.5374442358981983,92.93346515385709,51.00002152083404,120.69913071939328,0.06127900715948466,1
3.870299581002031,0.5325363940113674,50.45337686668852,1.0038819224358595,184.1146291983544,122.6036360252408,152.9151445399225,0.04240858216791927,0
2.0495419447853935,1.0612578846796141,31.750410337534095,0.8909881976711815,77.19387080208688,117.03978484570742,105.77650999021888,0.0965901121301478,1
4.15500995614283,0.6080569369636135,10.127639812052392,1.9347631193521175,118.8099990705113,125.39674104292243,153.030905917433,0.049625157107334145,0
0.9364709802311529,1.4804527549046378,60.396773243125885,1.6653214936374614,138.20715775184567,137.3898251081826,199.287597741458,0.09637425398202011,0
0.24927206291390464,0.9600851813694553,63.15897039477769,1.6806042540858974,127.10616373677989,168.53525580477987,197.53649733333975,0.07921590886531954,0
1.101797025074938,1.1498337203523359,97.48440682981429,1.4355829539187752,174.53652919556112,149.99549144864434,200.60257356014029,0.07466174758618292,2
1.7680166249598726,1.3660648379298708,42.5330500684848,1.7587592157654457,84.71797569794606,70.74931880088666,132.4904798695406,0.05424073407296443,1
2.6018457115518436,0.5486620300804219,45.47199185454806,1.638743721745072,106.60866656355368,155.62547770089344,192.57637554445705,0.0499040320830042,1
3.1141327886518795,0.431591476020548,28.16196232079712,1.3981605562004247,168.8126444860929,57.091154866113385,142.4692743301195,0.05738933687665663,0
4.561968014350667,2.2070336620403315,16.348086571358973,1.941686602777576,129.21071176052072,127.10780199450974,240.56364783785847,0.036426975663425794,0
2.598284646797243,1.1126230719369816,79.55240435755665,0.7873924245266346,110.31760784719359,163.58553315443203,138.3722821996576,0.09140589458546201,0
2.556250658666074,1.059629343599721,32.47129579053925,1.9150695784921266,54.41637721172472,54.157087590086554,182.51309978754597,0.08148975897388298,2
0.34619074813261247,0.13724976816846163,64.80143749270341,1.1021572429982975,163.0078136023414,158.95697146343647,207.5247714126699,0.08212562688925396,0
0.27106660801549665,1.2700419413391135,71.89957319909334,1.29259847510223,195.82731169501403,151.80690279223438,234.089262934478,0.048983823590449255,0
2.8006838133902234,1.4077158179469504,52.41130185624829,0.6841089793164634,143.0430514232765,110.5285607374699,154.44786258716488,0.01639800534197954,1
2.2470752049168885,1.419160133838933,88.87169017244725,1.3101611583826864,178.48118310331918,83.24566432135657,141.28246839540554,0.07147695861336507,2
4.211983935403463,1.7822263648410668,49.94153568817559,1.41681012778729,127.53136147923892,96.76135193001613,153.10478980382013,0.043697222557427064,1
0.8873299650880414,0.48483049572797887,35.64177607375886,1.996552312712786,84.75214481350469,175.61213899802965,135.02837976346274,0.08833872812057429,2
0.22236114437354304,0.6679466788650162,90.641397066546,1.9627886166072899,52.16631563527182,68.2376578612585,191.1671633114434,0.08023045946048772,2
2.300289962857617,2.036289639814511,87.54078558249608,1.949595937811431,148.0097401384984,121.14460029618533,238.5618498814593,0.02307953277907805,1
1.2636449280860618,2.3705680112663154,24.763595236877173,1.022582090153086,123.9663272372367,51.65370470301574,101.43207110319236,0.06415441574846628,1
0.3431104293603035,0.3830352310499356,12.336491651852885,1.9868997481175652,167.3147220631402,70.5050289864841,175.35675101092667,0.0722992533334466,2
3.650531605553382,1.2692414085377848,18.098700071465863,1.1832172273926662,154.20236261529567,146.86429433043287,232.60028331125628,0.061132382184192535,2
0.6468056997905126,0.5747318192119879,35.78926586984353,1.7777543881428508,198.19285523098472,82.36386565047381,97.01947259152298,0.05626379585397352,0
3.0807655500380817,0.19717926246970702,97.50338215675396,0.8244799535284579,126.54688751180596,178.00724987878283,163.95711983026774,0.030507676750534715,0
1.477143775817757,0.8474831784090319,60.26645378447425,1.2587497694849035,114.0762184509514,110.1143860331376,227.08903129627583,0.031231615997906595,1
0.950130646739608,0.40203468170132123,43.59355588263419,1.949018144191408,93.01095341589425,112.315505543084,233.076875991054,0.07912073247782991,2
1.9607824623046557,1.7893360299139036,89.98444851514718,1.9205470953851413,121.52919376869117,45.08406350700294,167.4398673959958,0.011682080700720144,1
4.027084303492473,1.357627263495039,50.782269833064966,1.5256023167321402,180.93072171843832,173.91374494081725,84.24182035951196,0.08010190564350186,0
2.021258526832406,0.40239445392626166,38.371476556091906,1.6967214838295899,56.36595886876119,64.39268172381851,97.95866033272968,0.05741188628852253,0
3.778771281134173,0.0726418915935102,94.70975758710917,0.7646400449036022,196.68500709292832,115.36768383346197,179.74184669100975,0.09426003871463524,0
0.7148828543158384,2.029984770109321,86.45658995734102,1.5824878242262361,198.9960791461697,95.39444539422243,101.05596309927864,0.09975893929506308,2
3.886579956358888,0.48167629510240645,85.93015378774969,1.4270762125030585,139.67320678818527,98.18185810424481,105.40102207491603,0.06971361085980653,1
1.2609732920425785,1.5352307734408768,56.10562687451918,0.6373276036268691,99.73163055431021,130.06202324505517,211.25990662295936,0.04710314749781233,2
3.419226336455477,0.8754586870380268,81.04945589339094,0.6697385098845143,83.45734524830357,132.69241479294683,207.61764995783506,0.05275773177046251,2
2.872329618720882,1.4844405488718373,26.141802333809668,0.6626654266268928,91.47355935273181,61.60040608013356,223.27136910233023,0.028379388488635693,0
4.652809114337268,0.823351386106694,61.590066180061925,1.5865354022447535,57.51581397574578,109.94213143706492,97.97497320603796,0.01893108915923329,0
1.9978803380790389,0.2630019236960227,98.54613305627912,0.7125728123713586,121.26664377250383,150.66684287985998,113.68462978645901,0.06208870539719217,1
0.42420942528875827,0.5962275209664964,36.186258746616545,1.2015984066717058,58.59864062966088,102.06010769731213,221.6034430759706,0.08249455881699407,2
0.19386187920113923,0.5107434878737352,81.49170963229076,1.0354727088166367,157.77113221638876,63.21262591572122,202.58489347862465,0.03355898659562919,1
4.15160694876649,1.0986474134771276,54.14305664872605,1.3257562111553267,105.78941832992811,83.8503720419367,217.01254173076683,0.04776875292208149,1
2.671204624541018,1.6627952693940857,13.582511489987859,1.5597147308291042,79.90470976207448,69.73313897470983,248.25676473434675,0.059929629559928276,1
3.898695853991252,0.6963248836185761,78.67174580341006,1.527083805831998,131.72803367540575,57.61444550807719,226.95337304646935,0.09171080379730516,1
1.2486854400564222,0.07957134148651399,25.17122299529015,1.273279873871565,196.06389608645205,92.86135784094952,168.47875264445923,0.022476810489585046,0
1.7909103530148456,1.3213965424486545,66.8326210419475,1.1965023104155783,154.26965735276275,115.73107404773052,132.83059141553377,0.03131948518566964,1
0.2475089738354628,1.5341107489294816,17.70977746422756,1.0967233926833881,123.76202751562403,50.18521353872845,176.8450197176992,0.09266774066072063,0
4.81131239041315,2.4090327103044338,95.21806577463684,1.7928649224565691,166.53714488817593,124.53527211194567,188.55971353985692,0.013558203383922262,1
3.372552742833986,1.494203467578455,36.255149846232484,0.9962777073089675,160.6214707848483,179.02342162374507,137.00306401413556,0.06905040706538729,0
4.6727049300206005,1.2043727704764478,30.38182225096554,0.8890487317512423,183.76031915866906,174.9774904828117,211.05929637239535,0.06755732948961564,1
1.4009323964024545,1.4548339834493744,21.622276365970087,1.614973240482907,80.70034213909213,156.08428747988222,95.76814475184075,0.04449289902693076,2
3.0961716950057383,2.323356543161966,95.1401974005143,1.0396451925450898,178.8316364388098,77.28775579233643,212.49678461589068,0.05213482111064064,2
3.4246498446339255,2.0795264567240332,74.07133681971746,1.7704978996359026,95.15391305625482,43.13706350711142,85.43974817593124,0.08694261563325052,0
1.6559935312621836,0.8412978967413297,76.74947998462798,0.9918330779557172,191.14983917376458,156.69583840359914,164.65423032265335,0.024848385701210122,0
4.255735251576588,0.6312731909599864,54.94641052422201,1.5529172368618822,92.15977234201029,47.80083247701985,226.44419879215528,0.03084107304510344,1
4.741091168211215,0.6934523502968805,52.72550067434351,0.5676635094280041,189.02728147440143,68.78793140590786,94.70419658363758,0.056111537029590146,2
4.435790076710421,1.2858315473022721,19.901911869232897,1.07834432016548,194.568607169612,116.22345016254981,168.01561920400883,0.046877088070002716,1
3.7214281821029256,1.8729211555100158,60.38569860255926,1.0148452624513271,71.82370361855214,64.9729254801101,107.09654462342378,0.06169352477906653,0
1.459576930652275,1.2828870575982572,32.22248455979114,1.725018108913885,196.17498248941746,156.73036638180986,232.118677510359,0.09287552674844163,1
1.4799186063175958,0.21610116977887583,97.94307995203653,1.950583104842465,62.858445264392344,148.80235747637607,221.49873959571713,0.0925391815964053,2
4.820465570185585,1.8227727160779534,81.69228460136326,1.191321915039442,82.7851679918783,145.80773080321495,238.7659313598929,0.03070165057434926,2
0.15039403008489094,2.024626815243837,47.16928541735988,1.737254415730637,116.62531713092068,154.25786622566073,228.7469980601159,0.03719301515639564,2
3.6086448688865085,0.7592697695433133,23.620713282237972,1.5495420514360476,199.0396048567565,70.75824923704569,205.2140626772184,0.024586181316732694,2
3.560606196520785,1.6771080612442086,80.67985220249057,1.9510789814955398,123.2844576748069,142.0449326609649,111.43116325004547,0.09350113343175338,2
3.1511787506540077,1.0951501575832638,20.984839037318437,1.716662771514237,132.56141647677288,89.73941036284705,131.4254446637131,0.04580777171783758,0
4.951533345825642,2.228342421532235,27.040037814736344,0.6162170989455957,154.16374242854727,133.35826633957595,164.46537691236125,0.05047346303953095,1
1.628209235242254,2.120802617493813,29.036846596980467,1.5699225835733543,195.2440337409427,57.08304200836447,180.11245285750303,0.08223767026997136,1
1.7658621325869162,1.3373083958586236,60.120157444578496,1.3032495731335605,167.50271001863666,138.78212120903208,212.97117720324567,0.05616761255292628,1
0.4868030744381222,1.7441885872433067,80.83509885913297,0.5246540868984908,83.6231006635548,176.09508190610913,118.58313679180037,0.020777993399936093,0
2.2697108690643137,2.214206767504155,38.288339085222304,0.8769694380881655,95.4486395996532,46.10405114462027,101.80715700498375,0.0494063838498427,0
1.379137778550756,1.264506674691775,17.620283284776047,1.8826328675403394,64.64423594127867,53.13604616339187,162.04372900091812,0.06674716389507686,0
1.7825948406704568,0.8174643141976139,51.80846171719773,1.8890920591801295,146.66785462471097,57.309147427321946,106.8330398483965,0.07472881789813328,0
4.189401772252576,1.8964820378784744,77.3299217043942,1.6982756903009517,77.11104598088323,100.27894669178218,197.93525639602728,0.06808166675046046,1
4.683874116284729,0.5891623242224949,29.949745877864945,1.9726694049169842,88.61073327190485,80.70922589062752,177.85725131559195,0.0207262647309127,2
1.0100920528254096,1.001901312614803,29.79320932354368,1.7098178369363073,183.21704827705656,152.9688214956971,205.98832549321043,0.03739100726456365,2
1.925293764611983,2.1710317309116443,95.25043246120397,0.5153062809278678,99.01335129980228,106.33021348813462,90.78421514136843,0.07602081804668938,0
4.650289754365431,1.824834733659822,95.87383544072601,0.9317515104522677,134.99700775312505,107.83522797639733,243.99858527551464,0.08921711749024673,1
0.4028614573771909,1.0393369628563731,99.14191588554188,0.5459362733566443,109.63490131837656,140.38533418554954,80.00094123487546,0.014246777355603377,1
0.5525665877457547,0.5761240309004757,82.68936414173021,0.6411619531063392,61.10469311088704,90.67565755500439,135.32521055230092,0.013800619726297944,0
0.897675847110524,0.9221225575389796,26.9365752251151,0.8282612254261641,104.42957448450576,89.4490146388649,195.53791487226076,0.06790640764051561,1
3.0165428872216866,0.746055165607211,29.078336871933523,1.2553378194882836,111.21023045538962,145.96969426784727,87.67415255656022,0.05932415387469529,2
0.8373141279293876,0.4814187554624421,40.62027173701527,1.7712980051930267,184.35516528672773,149.20584441714706,94.16942883079318,0.023980514546594264,0
4.843574269108594,1.871165638235859,38.63192782001418,1.792950134235662,98.66759804695093,42.01582815459473,93.03584432879745,0.05934624235272644,1
2.28890118356675,0.6675712227829202,96.08749741702081,1.4243027878359447,106.88616796431018,60.13066661770262,178.8566535425665,0.09770386091507659,1
2.5574380057158157,1.1627103019110214,81.01665845935243,1.8922639085993525,167.4345153008502,69.83374536078716,232.3073035565515,0.06678101983569625,1
1.308627217446492,0.9953556447484673,75.16079129453985,1.2500934898853122,163.84349768173968,89.22406562610269,174.42428621108454,0.05042270404447468,0
2.4077052369301946,2.4560895776572957,26.736690165231863,1.8335540661998024,169.74279149727363,80.80273168047343,182.60712988754418,0.08447792391456178,2
3.343376799921357,1.0081759981631404,91.85730034260966,1.1810978844980182,193.06561101140062,133.5928067743587,138.8202807053582,0.02915402370869364,1
3.78076797107481,0.24595708285204926,84.50833415555564,0.9158375111328234,169.33362475921763,155.93893273241414,83.18599697144049,0.0472893787744222,0
3.793953605278574,0.2700730938016059,24.727765719513133,1.8746193771506414,111.14123048268364,66.89217752984338,83.67450201770679,0.05749911026297627,0
2.931666452201033,1.497346617315009,88.40532987648753,1.081902613518304,173.2262775347138,118.81720848427277,231.01269430175492,0.055408590284567995,1
4.531362897469901,1.518440701758751,34.50227827334241,1.2551061632666924,126.30119481349075,91.49427515134504,97.43731458233995,0.09288752222900372,0
4.105298451799936,1.0759595266825048,17.278277124889545,0.9932909487960158,91.6571048777848,110.80890250644866,249.9641932081412,0.03634012965220083,2
3.809535762023265,1.108017046164473,69.1140075862789,1.4942564004360948,95.43756021965186,126.90609784967515,107.95184395691729,0.015085334865665767,2
0.37246705623425713,0.18213482796013447,68.84241934458976,1.9925468375090531,83.57635828450975,165.10397461548155,194.6878554723822,0.09247394840623678,0
0.13370201487628164,1.3155389504536927,18.543880860905627,0.5382703232971544,71.74894367296301,66.9209734958193,241.32243027075396,0.029536089142450837,1
1.1409916582578177,1.2866117146818619,38.696662804292416,1.8497720090106522,77.67356177804754,52.18092218784845,141.58917719914444,0.04411251765790367,2
3.3512656101759166,0.4163958304645141,99.35330160299847,0.5058890854838981,59.47670749307291,127.80966866634934,204.8536420871582,0.05778024620662695,1
2.1148676955244747,0.30440649597177255,71.05840003078632,1.0463418217193166,183.26762973985794,95.1783188281677,139.64562938519697,0.09782924234933922,0
2.0717906705666276,0.3527526019687517,75.70676499429962,0.7529102094342714,189.65117144736848,62.806377061018395,131.8399796494457,0.058174159746573834,2
4.434475752325107,0.2975192039035834,29.16255570438751,1.636012671008827,138.01555887408432,56.39220342967826,114.30669403782461,0.05029689758936312,1
4.488257955846009,1.5437850790650618,17.09038639035229,0.5759162611357602,176.07343349130275,118.24737016236418,219.55893417280697,0.0625274631565882,0
4.55495879386257,0.5313824983871507,34.92115207668439,1.3302274303764918,77.53566539797207,82.06588323394737,123.75580081355514,0.0973727343925424,1
1.638002574923634,0.6660038728592855,32.40085466738728,0.942389200767969,185.25107378404778,179.63969314203692,128.1368876939958,0.08361501388807964,2
3.486173482422383,0.47525175317102736,31.10896906732478,0.7005053732970532,125.95423394457625,96.82611470629996,249.82485617379217,0.025207132268072988,0
1.4310025882444115,2.3966964958988326,27.347888969833562,1.6577273181539611,60.07474889083326,69.72012522712558,135.64277402570437,0.08229340134137882,0
1.033988182064804,2.1438127847219968,61.72801215898639,0.8261252513828851,71.19691167412404,128.03886631641888,151.87166310144832,0.08569891538234996,1
1.0046990410021093,0.6147123515112263,39.52931282576396,0.8355128180824083,96.34646911802258,74.19568455667097,248.30942782172193,0.07216246935626197,1
1.776327342231611,0.8525374201092087,83.83105135427773,0.9126151777068845,56.533637053212715,109.17204605236256,142.78105872096248,0.06915101132505379,0
2.2067923369211266,0.5642374636472431,26.55526760626456,1.380150145742041,96.39400670261654,107.56066572094103,142.24584123009737,0.04967893007630239,2
4.171650938169835,1.2550961006790182,51.816436378169,1.4894988975361225,58.98956496783377,103.49806816020322,220.71145925635625,0.06775258484075083,2
0.6874663580162893,0.09804580456192132,11.229205278347198,0.5264037855520174,85.40414077892378,151.4519974777405,133.02816264290766,0.0763817474937032,1
3.701136652234982,1.6948516217971497,53.35140902096728,0.8628044541706854,89.85046337846623,70.32582020526574,119.74363761920921,0.021053822326686913,1
2.7041290795275965,1.331737467053222,15.025439878882695,1.1464562637579243,199.15534645501907,166.6030227098658,151.9457433798048,0.03315969641650921,1
1.5109321791123633,2.251665374337703,97.99511606853793,0.9979654282418498,85.33200106454967,150.7876704498948,199.10893609795278,0.027467369106966462,2
2.514815964210841,0.45276207660461465,81.15329157853715,1.8262559877663291,85.87796734078705,86.63713099406533,87.35131424647511,0.0857090653215413,2
1.5697161419074113,2.0200676528497725,54.11003289728099,1.6815630963296282,153.01834525375773,65.28435087921939,143.56572462715636,0.0712002332378591,1
3.0208015806676998,1.9903044854434537,17.792862236141524,1.4388353233082412,178.9036217774678,79.13490343094378,138.86163333079287,0.050570068561765893,1
2.225835221990697,0.361593913581373,63.32008967113728,1.0070636239955597,108.05831189031298,86.56907456727097,121.61911903454553,0.08434501754396213,0
0.9055870924865058,1.0264700991531126,78.28873756316898,1.5510085172692398,181.34270299110386,117.97064363298654,191.22884710373864,0.07451032059932597,0
0.671257065322914,0.4668739708040664,27.164552770427076,1.7654570192686916,101.02130311216357,46.49154363391102,129.29831367032514,0.09222337733907672,0
2.778808842153438,0.674065226120995,61.138750670874174,1.39224556603848,79.5523819422529,168.01027817928744,183.1443650313605,0.01691262964881242,0
4.521823863101907,0.6949531283348338,83.27898085445811,1.6766922003400686,99.44582364915853,53.814479932555535,165.7372630472866,0.05582416433871118,1
1.7853926641326594,1.4127791653631434,79.14229998816847,1.6236574420996217,141.40345608919887,79.09827517400487,116.92227804040276,0.07360731132186296,2
3.691700525390854,1.0579567828131407,82.26928160804376,1.3576059667404834,105.07147389681106,55.30024131341532,125.31622969717088,0.02867438681243612,2
3.3274406392048586,2.3719453698154482,89.13910823827479,0.9682748252322664,150.9340705983933,75.93419571359243,109.00200906211586,0.03944136087742277,0
4.664619080116457,0.3596068477701626,94.39138919435231,1.6186732370019077,85.54038191337236,157.27433460523318,89.62696652466283,0.0477078626187844,2
4.12280698476579,2.435545730382987,46.496903968318236,0.8101945495364097,155.1489340983723,126.12461359365392,185.26203872783498,0.08148930564435303,0
2.8763657686367687,0.6150646685249468,61.189219227058956,1.6692325197073006,102.11575448727001,71.82525151252729,194.37407796543684,0.05442185809514757,1
3.319449441347126,1.9435411441355404,81.15935734410498,1.7068200382137997,118.38025574029018,162.04619417190727,108.21999891347389,0.05435830295630104,0
4.50209368626177,0.8804763191234125,72.74258325512048,1.7332173193555596,133.66177106643437,152.09968829058786,184.61670539663245,0.04877988566969308,2
2.0576420444759806,0.40054941877241906,99.5968205437941,1.2093739564676864,152.93375047789905,145.51089952502127,246.95440580978828,0.030573018036668384,2
1.7012940587031093,2.1518285038532876,11.230988599417973,0.7887211516556325,85.80705377731005,158.6685777739998,92.64835613942977,0.09307643820514883,2
0.15297430981246207,0.8067092031293349,41.961989378421165,0.649585400099103,175.39183061162157,126.75095541256411,163.3630483248068,0.03860210085910079,1
4.1501002635381745,1.6641957403557635,35.292513364318225,1.6150418757318863,158.27641246328596,110.20123042957252,204.61649631945517,0.06107190946929106,0
4.024805431976488,1.4377870284622352,33.60842651489811,1.8293920767947198,85.11468785359992,92.35090366399452,87.82156363105358,0.023390176197007586,1
0.6118271386907418,1.2058029580076421,30.02768042489972,1.47625753825536,196.24618439043655,71.32696285707777,212.30649397959468,0.04908190528891425,1
2.9266011675502317,1.264757707988921,73.82114567337061,0.7162400905825543,149.71954865456877,118.03763207056528,246.51691030579062,0.0913423164552296,0
2.3735103210177484,1.8439828895261048,17.628352594778967,1.902344672776361,117.86403297000584,164.52892839997236,95.04293680056804,0.09959187146595329,2
0.6816745679946462,0.26504363960242944,76.74479505490045,1.9836530218089794,73.62909883302746,123.1574504589255,219.7790839292073,0.04255766710601205,2
4.904784312597545,1.6870426217968677,72.40832578146461,1.150067914902383,129.9831503462197,168.74496064088916,144.358862567056,0.023859149168290197,2
1.1520098485704418,2.244739648426518,32.572371925080674,1.3922379339106568,74.71638302406772,89.9684317430429,104.499754413782,0.03830063740573556,2
0.42944748244374964,0.1915810826986672,32.75504048486451,1.6658427800024866,114.42375180467657,137.31931615384968,163.84284556337911,0.039451759154831754,1
3.0147521595593574,0.39460068112248353,66.5974526810052,1.604584685075067,111.30687841092782,130.81316614476975,92.15818508280667,0.0680057914854086,0
3.7204467179518605,1.805748244919977,78.595399493531,1.9516807879001739,157.99094665211902,133.86073816878388,168.7572393884213,0.05465410520451043,0
0.2589728856312161,1.1213400381993133,88.8837051778629,0.6723246366181834,78.85747718363747,130.30588171371096,83.29065396068843,0.07916137554390675,0
3.327716429762409,1.0386941209935365,86.69256074690281,1.3710872992142087,173.28070323062687,71.03165449119635,203.86394508436413,0.0731172956047733,1
2.708230192162127,0.38556825463337785,96.83946947474678,1.5378971295096382,98.91984905242487,60.102725759640855,162.95484658797005,0.03261778515327217,2
0.6059985434877373,1.291586599758581,62.32464058028601,1.8351476362815051,116.59829404531627,177.0079558724882,158.0197423589807,0.08058301208972003,2
0.9453669970371742,0.36003601243112426,91.77900052063237,1.8111644415772261,165.85114633307637,46.34131803795017,113.35255393615422,0.08627156802233343,0
2.8830740568487947,1.2177201179608241,82.76619459343696,1.966999690341935,143.8088599570272,105.48310818395784,141.41473648511018,0.06385511707786017,2
1.5521523062151132,1.9208574824560591,90.52008618826122,1.2681176809065184,96.2038027702906,99.51124439986066,110.91780351168327,0.09349009383237185,1
4.697747070391449,0.6827476768235506,11.046394115682997,1.7461413002198398,107.93043868188215,90.40265415011066,205.01631709107568,0.08046533104610953,2
4.111827124471849,1.227926112040332,96.93126926792299,1.1409225621909915,95.86802209844151,149.47773950073935,113.83430090361463,0.06358563161858792,2
4.919479311916949,2.4804391250222473,52.61771465618305,1.1334708167840484,139.21552509157357,144.34904036375224,184.84806559879155,0.09155493975819971,2
1.3723871108570287,1.7322935372173915,81.83646906173585,0.8800225467092886,99.89367998102595,166.73148929419165,127.53327518151787,0.06403226322164851,0
4.851645800710087,2.1113240896977366,21.44837074040028,1.7273559305288448,158.85465421747114,95.3682536661691,191.68697330696563,0.05690720146036062,1
2.213045961978634,1.0663766360733373,45.63469862325767,1.9787226587202733,136.96807378755892,118.98513391012436,171.87734301662817,0.04206325063699925,0
1.802842097037398,1.9312592616583457,34.431459671889186,0.8845125925208868,71.85599176212635,164.92298662789688,151.9845673809624,0.08945769975350008,1
0.3467126821498309,0.1492474737062385,36.249289345084335,0.5841973820316084,96.54029280198236,179.1387287997538,194.41014167978017,0.021045445378553945,0
0.3585497635120529,0.3511323972285002,21.09300579557936,1.723313656128511,83.21711628652336,175.7012107311497,150.67275217339898,0.05261524427957108,1
3.4908551541386084,0.5475229526541523,82.51874492887063,1.4303450788021341,108.5469818827228,140.49814197762277,219.63300243775558,0.058367199868751975,1
2.343852072726737,1.0347822153072879,10.831808312297035,1.9395482008265066,127.39761293140447,60.05185809342514,204.03173789999522,0.05992741960927992,0
1.209955967576918,2.12207495189812,38.12549112866822,0.8783588286154284,126.01442859261648,43.246041651023724,171.90862906722379,0.0686700847436719,0
3.1084545009936404,0.8983518244304298,25.696948889477355,0.6065414870019217,163.17855148449337,155.53056989641186,229.10031603961949,0.055521606182843415,2
1.3390047794255449,1.6538219241128842,63.01350465475065,1.2386633912997524,78.3757795402564,157.73188342885555,220.90650964956944,0.03311363328759344,1
2.930395596287671,1.7878200222685345,32.88271623530895,0.6281990344477213,191.97092439461701,144.49052715688572,170.41269708548487,0.08712499565255498,1
1.860122860215183,1.4861467675164366,33.30986090752897,0.8926850016540612,101.4267660323253,79.18928803989081,91.63610792913558,0.06917727950519756,1
4.135405910397913,0.9252428220168338,53.950432959578684,0.6889667912287525,95.03732703742077,129.57450034379372,176.2193798738715,0.08723690323392756,1
4.121411187757219,1.4637806871981835,68.74201354068332,0.836198269490118,152.77678672703297,84.27478185413838,140.39368822524852,0.03484391418823391,1
2.4390169507997665,0.8885507023348783,20.91742341086473,0.6592169792320878,170.82749430245937,103.09075445412945,171.8192002766348,0.06733512054125396,2
1.8190136357415767,0.2554906594524296,25.796030721894653,1.930858999140928,106.77076472204801,93.54091189727147,190.01217828459087,0.07427563705687557,2
1.8765430031395633,2.4823697465557353,32.24572701350658,0.9178440701746032,162.0270462340966,167.90961215060778,189.62255772460873,0.044506464433105464,2
4.048001175774268,0.3615970113996517,97.63733927061645,1.1658463789888482,182.56039342040822,72.78202630414258,194.49908739806023,0.08310197063862111,1
1.708079465708299,0.2272535403983405,45.74372499486283,1.8479177114513334,165.0205497810436,120.86552664032503,195.4756662576525,0.010225789735806706,0
1.1243909311635456,2.202400335557532,63.909108156792385,1.5159823819422116,55.12947283562495,90.53741406474029,98.57784118129571,0.06354277751927995,0
0.5149728751890035,0.7894949191875932,31.73885314443801,1.4270562208426614,174.10533670492822,132.8299556679916,112.59109617773993,0.06522116233169174,1
2.3867962923336012,1.6432275864800938,54.14135726417391,1.5583447855412558,166.1721437681551,119.0388397648465,187.19197077219968,0.058045878373477196,2
2.4624472847072254,0.8560640376724706,16.670725694736227,1.7432333856580726,150.3935357229779,169.35687539123168,149.38930608427623,0.06670436382275045,0
4.220452680974245,1.0090629634464543,13.126793133009425,1.8165039017776414,164.00336286318552,54.22570123816985,209.6847797019798,0.02505041713209432,0
1.1840696125857137,0.6921767814411516,52.18601741393142,1.4639595059975397,196.91380937479084,70.88971756594688,101.23457798468147,0.07163033336221382,2
1.9668572409751597,0.8904578141928751,45.87933587665709,1.8350109120410867,114.66693317275245,147.28871493634782,112.5589090514917,0.04022100665529988,1
4.061188120579086,1.0562159814370307,22.31922877226449,1.3030962911382153,60.08348524318967,91.63015758527808,174.9389892142004,0.05068483683183261,1
4.13575569266997,1.8150193692762402,71.88412860286604,0.9159362844026351,119.1334954441575,63.209730072021344,165.12716327554278,0.03997984275966419,1
1.9845942722959644,1.30326367587524,99.3613141809338,1.8201150633257666,56.96504830865719,110.46497629435429,125.28751617603729,0.05265425831495369,1
2.3497077141047367,2.3617347820345933,45.60821390770412,1.3122092411196307,94.13756121326918,131.29988862559406,149.41835139587693,0.0659412303860573,1
1.5861008651614865,0.152606964905,66.2102772325655,1.8592063813508515,138.03196876951387,46.27573998148981,85.94681726963103,0.0854509123805996,0
4.6695189042546295,1.2825173904484692,96.66783481280372,0.5602517209258718,96.44343393892345,80.82706451144226,86.2964783590436,0.053509155187619895,2
0.6813544521337436,1.4813507326377096,84.83814752021877,1.0962736273118532,152.80928688643078,153.319155277446,96.13759048022818,0.039090144484324296,0
4.675372172707203,2.304482615881971,51.71970009724172,1.9217075275437023,173.29794915285817,112.83423932542719,178.0547170440953,0.0539147691032846,0
3.450945613993182,0.1704383828724976,76.37405360139275,0.8744751391374541,113.06587689193054,44.9530901242648,226.8317904842361,0.0719923297663464,0
2.704703548164983,1.4550739830912793,21.532153622547163,1.9123043690577388,185.02069269395054,79.47314073845811,124.23795917412775,0.04120306450532161,2
0.2600293978440298,2.1413933248934947,56.08934699174193,1.930853691693875,61.97583970256003,129.479691837119,85.76977105298144,0.047285386725106564,0
2.430421339927841,0.6427229338921296,35.11542494619429,1.8232134713387915,176.01697463006747,67.91032574092347,200.46660734889312,0.06065558353078629,0
2.0979657145133883,2.196916253883647,24.5047319106545,1.345502067639948,174.28597181589484,155.834796870718,225.4098806308613,0.036460833744461504,1
0.8899721786781005,0.09665635272201498,48.36528156290814,1.4704091736209577,98.29908444901474,134.720626991713,103.48937349472729,0.028817619358999763,2
3.3164070571532194,1.844513841377638,21.7913098990253,1.8044254976748038,94.80727806869226,105.99306853269104,145.57710830986804,0.02263530554769358,1
4.8586394461046005,2.3361273918632,72.90865973570371,1.6638456235837766,95.76424717302689,168.18732934934988,106.98526290033482,0.04173489848134669,1
2.8547251742161732,1.6601342710181526,51.0616039648002,1.4451407741831175,171.70905685166164,94.85210792945264,98.08076320359208,0.014350861579425136,0
3.602291054575335,1.1256216477520977,57.803016930819744,1.973389111806054,174.74802314152925,72.91027747897193,190.18865154064366,0.06251342740385514,1
0.4354072175734822,0.15995849035815918,23.173834480134133,1.5285149545005412,99.45836882415014,132.59641895373812,244.48120095028233,0.025831842939777208,0
2.1465682795032746,2.3042788426404406,22.579449498414505,1.9632229886716417,138.88855211666927,120.2613262458208,195.28815635552957,0.043965531309703855,1
0.6701565773060298,1.2022257455943584,62.50738917341117,0.5860827119106361,70.83998441606818,86.93470613037152,247.4184926772951,0.03423005338585353,2
3.102699594128901,0.12104202362307263,98.65087730465017,0.7084405561133187,120.31681074215332,88.1130385853568,153.84719693194955,0.06673509697075745,2
4.698562575249357,1.7400616247554668,18.662552491395306,1.1771882690007358,199.81892762833073,95.74944320877425,232.63786410065123,0.08653110953201797,1
3.342710889111029,1.2305012712618326,35.715828570920316,1.0773191913264726,73.82587215593702,80.75939944711169,114.86431819327179,0.06699709386895106,0
0.4763349367406655,0.3546460277339063,88.25132048840987,1.6741022620355417,192.13439599400886,139.43379689052915,100.04374239183483,0.05882544358060545,0
1.8378644044269061,0.5749659328101361,16.504481102971326,0.7409210397038056,173.63820829475117,131.19017670716875,199.42840865511417,0.0702175365389838,0
2.7982505592601727,0.2080021671168234,88.82971492302562,1.9641427686672328,195.8321976419405,101.70887135649497,143.1394162466481,0.012699157398417985,1
2.075718005052936,1.4570191722860053,57.185738503727606,0.972598812891371,76.93681409157995,95.6996546090932,134.00689246700728,0.02105601948659078,0
4.184855651328345,1.5739722241674228,46.74400965337833,1.143385561610239,82.02777356650464,91.10717771035871,194.11769825960187,0.018543451237393982,1
4.091887923078947,1.2890686309708388,37.87125079163103,0.9121175486600344,52.5300772602288,79.6855649949155,136.69228710081296,0.018837744917390563,2
3.0979719985057854,2.0519002258564063,36.740544231505766,1.369045425989821,158.70527193734083,51.99753284198831,177.33488928224864,0.03344353436768932,0
1.929943931150256,2.159471612204633,37.52223242045309,0.5879430506338759,146.61420401542784,77.54865597315008,130.90736806442175,0.057884703434488476,1
1.3511482314398964,1.5582797718736603,89.63227728641762,0.7245162583556732,76.70981574870981,84.9681888170291,213.23878999591275,0.02032134207910724,0
0.6187841592443336,0.08125337528320484,75.1415707157307,1.6186965551280863,168.67174483131078,116.67576087714806,133.10601788420362,0.09416046170704505,1
1.838998649084115,1.7533126565819526,70.27507070480355,0.7797508751072059,94.87932591975881,148.33039127092695,170.94900456435744,0.08688311223889739,0
2.1245453343178258,1.0740980814548615,81.88742340568007,0.8532716773349942,70.24933539959528,95.39830027676443,83.93993422849199,0.09744799184496838,2
3.411532333009961,1.4356158339046483,33.140319670373046,1.6894733535872566,113.38439975290223,172.26596681929286,214.59423317092677,0.013825004057964153,1
3.3249831390581104,1.640247474946267,65.62385308735801,0.6399517675358803,63.645477264028415,155.82899488176275,185.45742171973592,0.08662622023803847,1
0.4435298842421591,0.9080797051013382,51.40596150621558,1.1562107341562613,89.486548440987,177.87225870372433,112.68030138879226,0.08233606678973406,2
2.0367706456126733,2.2968913376708957,80.41974716801741,0.5345950804958405,105.70000376410192,162.66842574580744,116.61347393547427,0.09118952781422145,2
0.9907164493650734,0.37823842353696396,37.83304994259569,1.0202110989768558,177.77962617712248,126.34163290331308,124.62379614581974,0.05751497508938279,0
0.8683822560523479,1.6952039278385418,67.88607551829062,1.5484721039161318,168.8823111939832,123.78710029434065,178.01011778124553,0.08091001636981061,1
4.153780533712505,0.06068097089362205,89.39911706355821,0.6351549195758425,116.41314286259274,58.133657745590384,173.21377662581392,0.014615819140838718,1
0.3053845619096619,2.315395208242693,46.193542857543584,1.8325019401681402,158.6862586628581,141.13589484481946,126.5568323391212,0.016829001053558994,0
2.1539960919203947,0.32563512643332415,15.99598786307153,1.864248564411074,135.29744542685074,124.028960062974,197.99058963609062,0.020667901685462946,0
0.9241979132559391,0.2824663638615579,56.44457401076135,0.6574855626877026,101.12627826171021,110.97049447543786,231.1369982087343,0.09233099769683872,1
4.408718056824522,0.8658687009779985,41.13752390263234,1.986098654563665,158.8811515242927,137.0601621580204,87.39763120110155,0.015505241444960398,2
2.8294985150476726,0.9652374007957476,70.50028424924574,0.9462943300932334,152.5248731699567,102.16669799731912,150.92342842985585,0.019013457402919987,0
1.2337651182465554,0.5750351771910527,95.59296322737455,0.6261525066974091,142.8641663290403,113.34035273716006,180.8984201526177,0.09373693623665744,1
2.5618937071152446,1.4835480692714555,53.70474861971623,0.5076006717458934,142.69332815648758,95.76932267245589,179.6939846012899,0.019665332364905037,0
3.6842831625452677,1.1351395402028108,51.957120713998044,1.1127843436457938,152.44729884904652,140.43192507189656,83.32100898821683,0.08827806688528365,2
4.794778243705226,0.1337301931506642,68.91263201723143,1.4447149785591766,107.68182689638073,162.72553587670433,115.79623119426286,0.08103437092560578,1
1.180185420802553,0.8331475525254867,19.31477532342109,0.99826887485497,180.36137226015535,157.71829147856437,90.51122262306066,0.013625378967893884,1
4.442290683433791,2.035560638254268,32.815557003251314,1.755076048211934,74.34617682446913,150.04353808692565,176.7240623334888,0.011966265720066701,1
4.6780901594207025,1.7397687604115781,92.70813929503586,1.5749094133475752,182.5828194858731,41.93027863623713,189.71628090380943,0.058094954516223395,2
4.5904606682071245,1.8259335912707073,70.29483520273897,1.025242297952049,101.34227645479916,167.6632649428443,107.15616778199119,0.09974578633900906,0
3.2135303486233586,1.760386464004633,11.209963958507462,1.601464499912907,68.75474234129338,78.48260090127516,136.61189028815235,0.08909471440890879,2
3.186121206730068,0.8118839023884317,28.416292530311786,1.9107316054538748,140.00411040186947,164.31635201487262,136.0666363739236,0.03790228900341562,2
2.075732102600732,0.29417660908810095,71.45535394260091,0.6396439978145256,106.39800036056079,67.57553443251271,219.36639637026317,0.044767831070386316,2
3.786749623288561,0.7175446008810853,78.79592823063167,0.9591559402364254,172.32495906552788,101.55040519946323,113.09209876995266,0.0449115396614291,1
2.7033406899195667,2.08787398545364,85.58736154066376,1.19498890867504,114.6178202793151,144.91583120576792,173.21340062536194,0.07607609343145133,2
3.419446549018643,2.452153454568524,36.29591230438404,1.2469851916321528,150.28437883431647,129.63905233880416,213.09903712515035,0.04070194773961452,1
2.199443728859098,1.2599251861168255,93.79257366498064,1.3132934673291103,96.23869842572383,98.22907132412018,221.02829279249812,0.023301735523773466,1
3.6843326738113817,0.07376586956145345,59.765220422010316,0.9509403598079729,81.417856253801,135.00733994363895,193.3162360284046,0.07723966677251953,0
4.139910436262291,0.3931097897288611,72.68851201491036,1.5008894689735237,108.20735464232357,116.85293140652954,130.91971788452008,0.051221405642059424,0
0.817537657353799,0.8390974095248512,63.706497650191714,1.4676267552947446,141.02117519036503,78.60308292897452,219.91791772090556,0.016910085131782028,2
4.181355606313717,1.467534104052727,21.046604920715843,1.3667322594074207,148.54201088170277,130.48612236959957,206.1682246070215,0.08110470416428547,1
2.7474530057725057,0.23397943222301926,96.68031934463919,0.6706425825663149,136.73099979470277,68.59459208823327,199.75975275097576,0.06267801375552064,1
4.238862954542099,2.3612253818392097,21.058802190473738,1.2154518366439166,198.20835779361633,137.15835979628315,91.44701781045121,0.054043239274190594,0
2.213378361070972,0.9444549995467819,32.93937607700653,1.0343403312340633,153.6635279742748,40.435522867253994,87.35502971076342,0.0706008850432552,1
1.9572983783768718,2.2858313339158163,83.22650922006821,1.2365577047571839,189.72794413953767,116.82815192664776,198.21210060926853,0.05548309145383297,2
4.58379758933439,1.9622784167547036,65.67372653509912,1.882799653272539,67.68997923427618,96.14946785785975,240.61511620976822,0.06835781331896494,1
1.3307294109871666,1.9008213176631739,85.43342488387212,1.2207970147376124,59.205939472021825,82.43452833227262,211.5330677707133,0.08807396908287894,2
4.236640393902101,1.5364629704664685,56.41625695366404,0.5209711877592678,96.64920530179305,112.19911541284925,221.35084630392706,0.06521629313000128,0
2.4717008052960803,1.5856203517770195,43.929391182997136,1.1582551071261964,70.48834075646359,130.34362855502434,172.64698774446435,0.06936404480688474,0
2.619067668501173,1.613107926279808,92.96609495930065,1.7309722700740733,128.88027923424016,175.1437172698851,131.77964449497256,0.06524704624786073,1
1.6114945792984718,1.5903673982126763,13.262708576331537,1.6700913848272523,127.84718802849181,156.62902858433367,195.21527245037032,0.0578061799869967,1
2.907906783033177,1.4066341669259852,87.05171983177412,1.2700851102922714,136.25707496659254,140.4009836317335,201.03504883375774,0.025477516987792444,0
1.6935348617534356,2.4667143452830778,30.773600666900347,0.874653519288973,161.7841821246609,107.0553676350805,194.8108551879812,0.04021098792029789,2
0.29242012978409637,1.8441118901929556,86.3862694978571,1.1976329943718176,195.69945503184798,94.90017675300959,240.94053964228448,0.072379807062231,2
1.4327931661873448,1.9535186515616771,22.527695207519706,1.3455533291272874,181.73880371587197,44.55415164203961,142.4204356549746,0.04829284960315995,2
0.13125731269229435,2.1875338969550016,62.219706732148644,1.9998071574112006,67.75508593633724,90.27356642826675,86.74178162248319,0.0465516110719921,0
4.8939384565785975,0.5783174186783305,89.92971271103248,1.466267135254066,100.77705331559858,158.77279941416631,234.4355399687596,0.07833423557175022,0
4.832161328116762,0.25532018978289894,52.618568220900144,1.5413973950939202,88.37345375720628,93.7634414766806,107.28485020519382,0.010501197456129513,0
2.036260957614295,1.2330913696665668,77.19100064230537,1.237181215352078,76.52260366696892,104.62189986870051,198.54411769586352,0.07110950322208047,1
3.6690171862642655,1.3094977042672193,82.42044560700026,1.0317343261737948,131.70873149836768,78.05681936348667,228.44475476135634,0.05403038594410139,0
1.7944498822110826,2.081495360877298,76.28447878451013,1.719429475470809,132.9896603049096,78.37858623387135,132.72403766248797,0.043908632312171694,2
3.388356469721283,1.1372697692417226,93.27967631871385,1.2423984865088542,84.0867241832092,48.662046524844776,221.1705909453375,0.04064829504162307,2
4.0466072109252975,1.4485899125835664,50.21508074679358,1.9920351949467876,156.78458754600283,125.93254958677211,136.4498814661455,0.02555879457836526,0
4.73910559899198,1.341323799357973,25.58128952486402,1.1856808614020662,159.9371448754258,102.72971642634849,215.02384780016246,0.04008268744737428,0
2.061040151663393,0.1435968202056081,14.302995733223181,0.602000425471366,53.14699922509,124.83451304871124,91.87107670553337,0.04522766248993356,2
3.9381601164846343,1.5572764966624393,32.18138826737546,1.5238672056351241,109.36365555834749,116.5641660040394,191.39130977405773,0.04937040274823515,0
1.4030494080973823,2.078706050146918,22.88777534922179,0.5699621763887166,183.52109618024315,151.83824222160447,195.11347369839535,0.07050705748097748,1
4.952628288588877,0.4358763427857194,60.215386729103244,0.875752395327055,128.04779123657573,145.1416677236062,163.5423911137626,0.05082139174807045,0
0.2262710339453206,1.5061127481201597,26.64508034905588,1.030607379169855,102.14417021584914,148.0035394393031,196.80544685666084,0.08166558738010156,2
3.057291151855493,1.5043458338937155,13.504033656043406,1.6092253784319914,88.05142273926953,109.89346097183457,236.94122399415298,0.06757641976405371,2
3.331579310091503,0.4522531619380789,13.239084598180106,1.2413538896114193,86.50317798774233,89.54338918955027,204.75532024459875,0.02706373715446804,0
3.4714232296632317,0.35248575564030327,84.84125485283755,0.542968896965385,64.96520507762095,170.6811226746134,243.42032492739216,0.034945585549346216,2
0.6898991360665362,2.4511272602923877,63.23049382987223,1.4252747769138834,172.58396286396382,47.597768320317556,156.2640933548522,0.017132426779724694,0
4.698795939018339,1.0146119656499422,42.227677170404036,1.1171543561399935,62.99861080912568,61.36698309903224,169.8094243896727,0.095114957943099,2
0.9877980673454058,0.6071832353726468,90.48052384662222,1.8827517649506607,93.84421487927237,98.74387290472956,124.83557853041016,0.089789543310634,2
3.1514916758752216,0.46974513391321865,16.317695026694224,1.2493434667103531,56.85136078495298,125.95407135952156,247.55228352614765,0.01763166029058434,2
1.1911127877031165,1.685624198278926,98.22898654550433,1.5634627189090085,167.20798545855507,41.14805247294103,89.3732449774163,0.061666841426271414,0
1.6053604434042277,1.5431409784518333,65.4662611229015,0.8283027384943202,55.89255233401857,140.70519470355987,140.96547099485775,0.09643616369747367,0
2.7776468544678097,1.626702701319173,26.511782857196362,1.6414603467974798,96.24516558023126,118.22171599058807,130.60851801066417,0.07724285109515401,0
2.144247750966425,0.26561476740305806,71.11621890792716,1.5814329657255084,135.9946055129996,107.85838621476954,145.70699123176942,0.05426309745736055,1
0.8851054447848808,2.2391597295711705,78.70431338052063,1.8561225628119624,111.43420404401658,99.28930543590155,236.01203628837715,0.03169926900159714,1
0.9375883718621566,1.0037026721821685,48.640850503369705,0.5507324625787988,92.34066008736507,112.72818444368743,142.5664385916475,0.03511333675731661,1
2.1489094619977185,0.8177550457543771,87.54693456209927,1.1712510464261767,91.27836086413124,62.650002827444666,235.8860309590001,0.07626141592042246,2
3.810686593549954,1.1827855457569612,23.565916656682326,1.5187331041094452,169.6685459009374,55.21964349877756,151.96760648274446,0.0802517745919462,2
4.500026769554164,1.0056618610816892,35.09538252198475,0.6427458501203225,196.09671426308677,80.54924702525739,225.3106907674354,0.05758239919162894,0
0.512225545070976,2.165763657690907,18.41431254255908,1.1159061007233686,102.20616056731902,139.33067087794547,168.6975167451137,0.020885383136503434,2
2.0262091470410653,2.3266893892348355,28.979005654661695,1.913219904599293,55.871827041352475,122.36030373696948,132.92998338281353,0.09404815362639352,1
0.5912032622420955,0.7934603803015353,31.485593072003052,1.1539017363366924,55.48486668636626,107.21722246666177,156.38946582454082,0.08602864611100615,1
0.18130315509972963,2.1666427282768894,92.58698718295392,1.9781071752209471,163.88201228160773,120.01293522543445,152.14478342629457,0.022648490112468056,0
3.342421544955388,1.9647316673560147,17.029871987604057,0.5852585916197295,132.85547324136905,118.29612182550805,124.18539055454366,0.0151054825265967,2
3.0520022656362804,2.3304787972446666,48.46736081689385,1.576744664211337,167.53889861259955,82.98586956858955,129.23858409862416,0.05822809144747603,2
0.8987936576929425,0.6520882648554253,57.91588185042217,1.3715243543724043,154.6245515432862,53.64383261426162,111.69716662287925,0.03557283559565734,1
1.2456828821560144,1.4635499177963989,90.88237484219447,1.2508095156981882,186.12595238980947,165.54953161282708,137.12009472529343,0.03549247384731112,0
0.2161679928581401,0.7226342326140894,99.79265967950921,1.956271102227514,182.87364365699352,123.98757676734805,186.14898655235908,0.017849943347537058,1
4.191241307902578,2.069031501686717,77.80493034278523,0.694475600736693,168.2491093431766,137.68471995531922,145.7148886806373,0.09580472517442487,2
4.8759839206379025,0.06304426689910744,97.37118915121266,1.84399842752137,121.27837400632156,104.95961141137371,201.09494585746967,0.08471498136938602,1
0.763751730293985,1.4338069490716707,80.83910192822864,1.5368606167049155,96.21896114057787,145.90728119671877,247.78628884695203,0.020245113268832514,1
1.234228547449961,0.8810484066161992,96.68823768742749,0.888494109949449,126.05401811669599,121.8296169570134,144.10718351236244,0.08889388908857472,2
4.355206667339977,0.8405750823406597,73.65436533500096,1.85250371844844,125.31074109797353,47.532157093606635,158.6486663952349,0.07146604503668234,2
4.639672609985306,1.6300204934690468,17.178708290596397,1.1439423767915198,141.54133233340065,164.61358495511675,107.8987266811766,0.03928970186457478,2
2.156174175753371,2.136136900819285,46.17281682934089,1.7213409921096063,77.91463516743562,82.77506055030416,146.67659858248373,0.08841254989736186,1
0.3480501141184632,1.5425287089136495,68.19375554222233,1.0832547755711,148.34298206674833,59.30470883898697,203.5615166344155,0.06382199690037625,1
0.2930199850948151,2.14027379768447,41.56466585088259,1.7763962411498615,118.49013863087237,52.32574107860421,116.95881595621869,0.08638028599009476,1
2.9123543437381514,0.6982629241085235,34.60455263024008,1.454943677667573,143.03072479112888,140.8616439378955,110.94918827138898,0.052234113203852725,0
2.0251860335765772,1.3227795441742038,61.96593404197819,0.7115699503755908,85.94072343793185,138.55557135261037,143.9837285203626,0.05505859361456448,0
0.24039689513050713,1.1538145207143364,94.01516890321913,1.4744947452042914,115.15923408160324,138.02269747385787,219.17041257201436,0.03619090264698605,2
2.9579367223315285,0.07853000378258573,13.148368616453821,0.7870171440528089,81.53018216787804,168.20538817541924,186.02172225095217,0.04489234227502375,0
0.15538242928621013,1.4141897506948133,79.23080831872939,1.117883941841244,181.29577351352026,88.8520230796712,242.78849418972308,0.06109768622153994,2
3.958122594931438,1.6707345941581286,75.04545502401643,0.7554433763780506,123.19415675623064,118.55862789024924,233.77187393769634,0.09523533013377557,1
1.601520831246521,1.5001902908267217,96.75580828494584,0.5330241735006779,83.74721233607181,126.72938161920892,105.6933234599512,0.06401059839713213,2
0.29726421474523734,1.8538857520193828,93.76401000992892,0.8178298091749363,56.181304361231945,177.12745599930477,87.23397168322649,0.023264037260235425,1
2.9829258828174514,1.449781844710039,78.60093058397736,1.3045580355861885,151.36079969803126,83.72846012060285,147.8461048131082,0.010629656692883805,2
2.0486536307219683,0.2135381243843545,56.83678882143388,1.222341451666019,82.19670709846335,173.88636798655168,168.75351139916873,0.0865889069957812,0
4.871622025450033,0.335291534007543,28.384079791016788,1.2522456433040956,198.43732884781676,60.822806631533396,167.64700458718147,0.04278928810295378,1
2.766573446268141,1.5113627149826836,59.071214649301695,0.871530317669902,130.05505601227574,146.9602038438979,102.7982355210794,0.038346934567584964,1
1.4486719870813407,0.7236990203354186,78.88167945276884,1.5277418009212793,93.34654943720481,128.60402600285778,101.21896346628377,0.08206580106481437,1
3.5762504367064767,0.2451305661351763,90.61022913741039,1.5563949302305187,148.65161506889456,154.36544521807826,87.96632848246463,0.0950827869180852,0
1.4303108124592856,1.1025267214489396,81.07408082894942,1.0369517383394984,91.28298851571283,44.0159803095786,224.64618742941806,0.07732405795167607,0
4.530792127897069,1.4080903653049557,27.574024167194857,1.8217551327112615,173.04114408646197,50.938346011467814,241.1165034715904,0.02564625816202891,0
1.9361376554861447,0.8554276714565362,63.971768280525346,1.4660348249533217,96.23540763949129,49.75740913968042,99.66645343705518,0.04522404642319381,1
2.794355957603406,1.8150625704531562,39.89561135782213,1.5695589128879477,198.2371598593864,123.01432376962029,116.23080265334897,0.07834586971912666,2
0.3478082087387214,1.6272379898480496,10.82851006515787,0.9160098769084091,140.77171781679402,124.41104946057531,95.27669040493475,0.0916233233203516,2
2.187994065965931,0.8654049846745964,28.019884220979947,0.5009174527333806,176.66167234139948,166.85468450969665,229.17536909394195,0.09987400575546942,0
4.178581344338875,1.8994376958259735,20.189858494010434,1.7980634181531643,60.92232043676333,105.4644920325823,242.98048470116098,0.05604048164243673,2
4.047679146280376,1.639302854205937,85.84472111855217,1.7336365768697126,102.24491260792823,49.52686770069495,124.50541804255131,0.08402723365077548,1
1.1991609383822788,1.6117411778588602,33.26556269330308,0.6847878320642453,160.62306292492246,69.33411622715217,131.60925108901375,0.014196847849964568,1
1.2077874479517574,1.4058978669283169,35.62281719988,1.0611577024344596,148.2588526010874,41.13023327449801,141.65384635019973,0.035724227477947124,0
4.10479602984486,0.07790468681695435,96.39429146189958,1.4920089625828739,79.13646821506367,148.7400335179767,165.41883909472432,0.04343620630127404,0
4.658952258829695,1.7564425995183786,44.11780507439669,1.4781662858280922,103.43043957645648,154.1839211633084,196.01836636963756,0.09779714607537048,2
0.5672685142377174,0.9713023882174335,10.86270761299551,1.7905255022128348,89.51651112313114,179.71165827977904,165.74639915328612,0.010305428339337449,2
2.305287333188504,2.3593937898887063,35.546153351152284,0.7104022424531429,142.00552546427645,97.7072228674332,241.670268884961,0.03772186639863338,2
1.753525966924722,2.054062689139153,20.73696225416312,1.1449096216776782,101.68523441881624,42.70177255622295,96.98188794865477,0.09373710336516135,0
4.366373431741453,1.489851450351715,19.252770556226857,0.6458366268896372,96.35813630005248,72.8621834086521,215.76293708676073,0.03760104115396102,0
0.5092720819320921,0.6678458554572102,16.973856112217454,1.0843928726579422,81.10669706545126,122.28764147286142,136.8621254382901,0.03025600892331192,0
1.1345171185343834,0.5491076135302831,63.39335231578396,0.5226611683815565,111.35406813719725,174.67201538738308,144.1831069747131,0.07570796602923852,1
3.7870948541738225,0.8839428523099955,27.041295126687277,1.8474095976651905,79.32538852948304,54.500997205911204,200.5010054307383,0.07708050036998788,2
0.35133986000795636,1.2175914617710455,42.51185146369094,1.2905659952430217,194.38543810664484,57.02022282250399,237.9941086786444,0.05249600943827577,0
2.5134233655000178,0.7753604995954205,87.5815944517015,1.7747033912035306,73.17527172429551,138.24625793905201,201.75413235410804,0.09522257228788811,0
2.266324469930628,1.311577263711583,48.19043258166481,0.5898570515050456,186.99570724381644,133.40898770301692,211.89629781449744,0.028243637158765766,0
1.7385657770448686,0.45515754250730556,92.41222150464738,0.841187165709381,114.2709647234873,75.07088974365664,207.6324711669958,0.09220742505816377,2
2.033404345062727,2.445396391422475,54.81442480560457,0.8890699928317709,106.6798987342583,153.84027074203266,134.56636301723321,0.07799572688727661,2
2.6967088759581417,0.314415159664235,45.89529533557802,1.080037241958182,84.69797013572733,58.02902576684485,208.67817364098212,0.04313875067686427,1
0.8907000561030773,2.3332631421532115,77.53500343816314,1.7042995585963192,145.36345015512785,169.60385826874636,213.3685292373663,0.08262177577510366,1
2.902779803589605,2.2882661279366023,16.58575888912019,1.079836810597239,152.82920225162547,68.14447024653899,170.67805451058717,0.02198819587723785,1
4.0466184135699335,1.3371331804577702,18.053054468417564,0.8069802944694905,120.13564433786262,51.389332181220695,171.24856057335876,0.02178842438739046,1
3.8247885559717796,1.8260301659984068,68.67763425306646,0.5974853905081526,58.356034354013616,87.53309210633964,209.15253652062225,0.09369434829226654,0
0.8541095329994911,1.1183183300328403,53.82466419153234,0.6192376225290313,187.77652260328247,66.2977803948363,218.89524657814925,0.018530245706087054,1
0.8313224017332221,1.5935847149789737,81.13737252872892,1.6400708089414662,197.04936993145716,113.77177150504461,137.32322514521397,0.01036716461644642,0
1.4140544019500754,0.8844110466817409,92.46437536091783,1.1672044865549496,114.65651228177525,136.15851523204165,216.26557698779942,0.045012744242641185,0
1.8692661590710826,0.7878395984743412,44.953018990439276,1.5892716830000229,142.04912111139907,108.72902098696076,218.4155311348199,0.0193465876988915,2
2.101432348901565,1.4666629761153087,63.67690239261816,1.5234306826455464,117.544793936562,132.48502645353688,119.80135895615848,0.08767328439198259,0
3.430516362483392,1.270417701750752,55.06269650157789,0.7030436926403867,98.28194763291809,91.08887201599782,201.88162670384173,0.09304241620986396,2
0.37773411761259346,1.4698641044174539,98.34495900781896,0.7143319012884009,61.597818928671145,43.909163613409596,111.71076671214692,0.05341837279207715,1
0.26989625070772527,0.7523184241532064,84.79759666209357,1.633013023151201,118.41015955959483,176.36897739152087,95.81834920798197,0.04829243797090333,1
2.0203617584251545,0.9490466879516385,92.05639374496182,1.5819024402281259,172.7576834539177,154.71789063559936,177.67231204853869,0.05851353492496828,2
3.5161020914761045,0.2555500035408278,32.89060788198438,1.0670461503114654,52.55471916320054,50.278635371847926,234.47087379317782,0.030357516236048758,2
1.0478331804867647,0.17807711206690402,79.5273780846335,0.6161333949992601,137.31615247703334,102.88469546188682,86.02803399937974,0.036816927527830244,1
3.2433719581556337,0.67096996769889,33.8925902497884,0.5181470325476782,182.11581630900332,128.90266981006243,220.5052783911367,0.019087945343560432,0
1.3731578759074676,0.2319048053598371,28.78682800855509,0.9322354241926173,82.6324145021537,66.6831978801693,166.10010581959614,0.050180508200022705,0
4.44182193318623,0.3042480361551147,94.98395436899958,0.5138334103808404,77.48837970335933,120.91840559078801,226.35222628260908,0.06505224602802934,2
4.488880726906421,2.041674593215146,11.737397504607998,0.8451089316555551,165.84149385529145,114.71080653647618,223.39107897907797,0.09372013609524418,0
1.5567073009785,0.14524055769088878,96.88498332970867,1.1292511103170078,88.262964667894,69.15712639485866,228.79875681876908,0.07651658535640825,0
1.2269693944198787,1.66440984514012,23.433570728992557,0.6821236479679313,78.79764013409726,59.769443298843456,210.70857231713447,0.0750757360197868,1
2.1153894631245334,0.7177664845977314,83.74942736139414,0.6564166367473194,106.69838758538526,146.25472054660924,223.30870027298914,0.037719906588469194,2
1.278604767382729,2.18528691773491,34.83302977612928,1.844656153578105,108.8753018405327,85.16210246094872,109.92428522420462,0.089946396775904,1
3.3946808321293482,1.238231097214874,41.563209468765464,1.3782050435343338,181.1151594524849,74.16567473791406,131.65503530874008,0.09522601270119979,0
4.147716954286599,0.7986623253531732,29.508194018978646,1.9016835301441721,142.76652079005152,143.3029693928384,121.22264903724039,0.09390366428878334,0
3.3981514414649636,1.3182153924391147,62.696263823297166,1.018739245678519,110.89421845093841,143.04961688321748,206.2128116337703,0.013492272387194654,1
4.139317191521813,0.9857971466609088,41.32859927570867,1.5157174059937448,130.15819464286503,78.69623188707209,106.11933029241311,0.06439155726736194,0
2.0452615948166235,1.4325376084410841,69.16537355451969,0.8070375119326856,193.0947849987911,162.15958457525952,110.97872436422406,0.06789025951527655,0
0.8659531564734182,0.3306055273995532,11.408258614785938,1.4275104759199118,66.9822014914843,136.35502311012795,229.42400252273023,0.03655586441948532,1
3.715959642248202,2.4926267318907502,15.793739516353565,0.6943785950149766,81.15732825870371,88.40699049501534,199.9999727951825,0.09931709648421369,0
1.8663250751936142,1.092611900356958,18.96950374581238,0.5031209587644286,194.3793059879833,99.84855102585225,228.81459624624475,0.036206871293670305,1
3.3892270436227494,0.9031650672830533,47.7094316779208,1.8972977021143684,193.5987272790806,141.7393560302865,103.69039390431739,0.02949504923629502,2
1.426155315710652,1.7900141283748492,83.33165553939784,1.332341564262814,76.5748131897159,69.62173660536888,147.8266687754214,0.05357310853988727,0
0.4980252105526961,0.9415535459135647,89.93601193405443,1.8904109941730591,71.76632256879473,105.62651094653137,128.135698912974,0.03908326417933092,0
4.963650797890041,2.0915220473204563,32.032966605481064,1.000747285553108,113.16277015079297,131.49816791613395,81.64578449754042,0.09316265138829498,1
0.8653873888599365,1.162963274683042,61.69327518151126,0.9916791037426351,57.45774387319537,115.52979672121985,128.36890327458016,0.04960690581832956,2
4.943262870421057,1.8129181125003158,79.15284934233405,1.1009825026595474,148.23552984277103,125.16596842662905,144.52915283623952,0.046913459920532516,0
4.888671669575592,0.31326038028262204,35.994648692764784,1.5590614759372525,61.62440324926133,116.46974992674915,95.67733833126101,0.06632759170976502,0
3.9897087091493946,2.122992004610024,46.81069630626459,1.3487129512792613,58.70444406414211,67.89184213060281,176.30288483055938,0.017300320412601104,2
3.3311725142017883,1.8525090676063694,57.15767824171425,1.8880323606486769,122.77804043132738,97.42874829616699,145.13935262034764,0.07810596521348696,0
2.9312545462303152,0.568706107231816,22.138736176724294,0.538161351698659,193.66799541651523,114.4779693668564,87.89848258718273,0.07915589396243843,1
4.3438975723513895,0.4059507238771773,12.338406435320229,1.5622939069588047,114.01939040947394,149.20878392843247,199.67640702755605,0.0526623251254901,2
1.518253655935491,0.8249162543777798,23.75252283864549,0.9954915340498315,103.47217379908267,131.54659320373597,203.97757175298761,0.09601281469003854,2
2.391637941175898,2.4413729357781655,66.41682591281801,0.7703504777276917,199.6935073253429,99.72273232603087,221.86014530480395,0.062140519971617306,0
3.1350108498958598,0.6792373576892937,16.62564353803135,1.2655934337801484,129.79534411687752,176.41597650228036,162.54190197738706,0.07257128088204917,2
2.1148333317605066,1.1675116619192516,27.072672836511547,1.257595676269994,106.28621103353728,55.091373035161524,244.67199554686667,0.09319104599527912,2
2.1946836250423134,0.12354955300747397,40.40684971257733,0.7055165430326427,107.87912200124028,68.95268159769557,235.3909045705176,0.06997108090823131,2
1.7183948707602137,1.0232074474372697,17.008305787572972,0.8028440841993347,79.24392440502658,87.78376540443296,173.72977626702237,0.04886434069529925,0
2.864735901754227,1.4497340378111019,27.252934404547098,1.1122469973523323,126.83345861713084,72.00009077830742,155.64182828180094,0.012229405806983352,2
4.267815187274069,2.3851553006445143,92.014281008516,1.113217118588473,115.82825422520087,127.56187955284159,80.51585274349688,0.07554693840686284,0
1.087489052230933,1.316003310103158,11.736921900428628,0.9763372094295271,90.619294452112,45.53710210707574,200.86907039566972,0.09683794104409407,2
4.678721889891863,2.056812949135335,68.80887317569258,0.7228177272649714,74.08101299026397,64.84114979827822,176.0422656884475,0.05232116111823945,1
3.4765295033663257,1.3904627242938066,44.59680378236664,0.5065605186514692,96.68583030013306,81.06861327220462,239.38250473263372,0.04057917740094378,2
4.134038742132148,0.14992328291701937,70.5383865489134,1.9553525936420308,126.30249915315939,135.6684085111043,181.0194612910115,0.05673334837724007,2
2.8253343938870574,0.8217702742149465,62.98225483270641,1.9152488445558904,58.74999084272025,162.62108356135792,248.78553596176408,0.07555934851161933,2
3.9196318369779113,1.4600962941862032,30.114887891917984,1.2254755687642027,73.0616042875934,151.7888478774276,225.14927621675938,0.010062142703384435,1
0.17938194696338933,2.3789552165312546,86.24885388160497,1.9925776299125086,192.1485900453643,65.49133065503568,242.11164908854204,0.08984905504586682,2
4.110064081419723,2.1548693813905215,54.2746344348421,1.5104814961733648,131.42830265470084,119.15680618174967,135.70267111845664,0.08977265737104898,1
0.296680409518296,0.6094712547381768,84.02824170221245,0.6032863064113123,59.517395549005684,44.203170348256215,105.3871191104353,0.0587168140247838,1
4.460575544178027,0.5892690835469507,46.54112825693973,0.6765772986239411,153.96316381543596,83.47514854940056,215.4682593451713,0.021014088955804717,1
4.960617461469353,0.542873769429057,98.62169985237152,1.8741662658044564,59.27043051185521,152.83773127596572,213.65350750475253,0.07046252151522592,0
1.5409305646662115,2.3101222959411327,79.34404226511667,1.4450783032244425,160.83113405695593,103.93319992406754,115.94631969894574,0.022406109666698204,0
1.130560925800389,2.1390320750992156,96.93551846013162,1.7647754399860267,162.49440825800403,60.99178511861684,210.00659120293517,0.05567924362894127,1
3.8502804829043997,1.9484644090197247,56.289383101887296,1.8474044744507663,147.6618463623879,101.39747340836378,178.93547086703904,0.01842669747830053,0
1.339829070509241,1.0122010298493576,52.63220190616304,1.1719130169235792,159.83068169290246,67.72460956471195,98.6192746332844,0.06301588044677513,1
4.3412556775437965,1.2857327255319788,77.99084283927321,0.5727889273650395,63.19486715195866,95.0468041009548,165.3032115869355,0.038626239260618866,0
0.6039287015716359,1.1876127747481244,89.22621367120871,0.7824205233459831,159.01708285329016,108.29668618469807,238.29346014257536,0.08478922732637525,0
0.7171804622588555,0.6708253635204631,96.77312162790022,0.5998579209536526,70.50324795858245,88.93813575154398,166.0977827256889,0.08199515135875733,2
4.897842619993017,1.2873187130644792,39.20967154292498,0.783109768547761,100.92588609077657,171.17565306074053,214.07882822409024,0.0998626487926997,0
3.401810601523023,0.12471654223924844,81.8834116458375,1.1157993896838152,191.41178802509492,118.75424165789347,84.91469772913261,0.03317528572339284,0
4.249747399701869,0.372935415068775,28.958103787198304,0.6772952157724781,125.43132164887102,158.00497435256554,203.77384018664094,0.015562098350162232,2
1.6892139490224385,2.222144510613919,59.10169120709007,0.750099871708015,195.11396481245208,146.50199658778124,240.96235564337113,0.04987029386339604,1
3.414770372650962,1.891615429226987,26.186333356827923,1.168732673107519,63.338368833010634,132.5632832974887,164.91972343179907,0.017506300146991373,2
3.0117849538121266,1.0860276021947635,41.26576255753049,1.0102564255827344,121.63348993447701,109.56442476236151,137.41068521434968,0.02606497435591868,0
3.0554355886024407,1.3170183875954993,93.82225304858133,1.2014871862820615,59.3603480415306,40.30432972942225,189.93058583077254,0.06375701272253972,0
3.444409051734836,0.9564972706019448,23.148162979577748,1.143758041638593,144.53153935989272,125.88546407729173,235.76440656584728,0.06329177662098688,1
2.9192599483325834,1.8649106745436477,66.91608056216768,1.4667170389698252,61.80605020527746,89.83404342034967,110.0508405906683,0.013899472995672135,0
2.2024056095830633,1.9712585891185952,63.3658845634663,1.9057843233137817,76.3051703810566,56.486703352184634,148.62801570386068,0.04986142762764509,2
1.4520212024646797,1.92004871599774,20.86645174380878,0.6617965076663637,88.82454651039208,102.24767690569087,106.569347766913,0.057719682358051756,1
3.8660485214746902,1.8203987258444017,39.33811393919309,0.6488902239637924,162.3115777496725,142.97746511966267,164.43121947738177,0.0341221814037988,2
1.2087349070156126,0.5510356297973499,60.66833540637391,1.779209166636353,74.59431782271122,174.63489125781857,171.87174221519504,0.08848388636879446,0
3.49253610015663,0.8780264491391732,26.846074808964122,1.2595950569786887,176.99480799396017,92.37468475709147,240.51461450268224,0.024498878288177973,1
1.2433308309817008,1.2011213157100038,82.05612907715339,1.6496075353526634,69.78559082462013,115.98126181869674,150.12757614049667,0.0328511624505593,0
3.1641178327768245,0.8604428289977564,97.49408585812749,0.8231328554109221,55.28666736052345,159.1742136709019,176.3826243017487,0.024129497352947775,0
3.760683508932242,1.8996034903879062,29.328345996622485,1.7432938597513277,109.25681284545018,86.75991879300207,230.4946375892059,0.020489197048350227,2
1.1716980556420422,0.856916134412389,26.822076831151833,1.8857699362890439,196.91624629569426,59.91601429591415,134.63885002994698,0.08910812656064133,0
0.39372217422041056,0.38866861262407604,50.944156461770014,1.4532245233197323,66.55133416831659,79.46345637257647,194.6078577244903,0.03500732485629837,2
0.741771340671453,1.027649107518345,77.2988749426029,0.6588185322107034,65.25776660594435,165.8771961731743,208.7175142997564,0.07502716175210707,0
3.069385139628025,2.450790360316832,35.34405492117263,1.8429422212345083,162.67497661934357,62.31503518465728,136.1897998967916,0.048518412375272484,2
4.262287390506104,0.6034094616872611,11.789191782755235,1.688731591055107,96.82425409903479,86.09094854094948,107.93800154020957,0.06722861326605252,2
0.3204844240535794,1.5497887144109115,58.70985652296046,1.6263166647717346,157.59224258385754,105.04964347004768,165.49462212338648,0.09353585765549885,1
3.697341169304067,1.1107839721072805,96.09405109905768,0.5550922833588734,80.0015884165045,158.5958512887288,140.65629412266128,0.08601470803389245,1
1.7724613651552557,0.22401019074085027,45.2149169866251,1.6984437878854568,119.01079912972443,171.27985971141646,125.29861340467637,0.01620877531782141,0
2.4447890126056606,1.245297684695246,47.812109876479035,0.7069265157025355,89.79348166233768,99.61344334865568,245.48162281799785,0.0860682281751296,0
4.651411794243272,1.7703026051883657,97.20115454026342,0.8335792642953326,117.72923223186304,170.47356676949218,165.36601317926062,0.05066411637526275,1
1.726660373205643,1.307388940778156,72.51468504640556,1.3657022523038864,165.36456388779555,62.604273280085636,225.60120795338204,0.041513115419189686,2
2.380150976303482,2.1866598561791237,74.72547305579127,0.8974711593753246,164.30149107164925,61.959320865491854,113.20395979237105,0.07051491329154656,2
0.16704383232733744,0.7578956908110775,60.64318048339609,1.4920223094678795,127.36584315105854,172.8951147488717,239.7052700328522,0.09551870857893233,1
0.49983372802370807,0.26131046969471405,97.71482897769174,1.4121056715486224,189.25577655815763,111.35521869396636,215.0533438767337,0.01847219478293237,1
1.367098796560442,2.344585748562115,71.99798359830004,0.662224397019894,89.5676153672411,66.02709694955355,217.4776665521542,0.07912693272252153,0
0.2364759800232646,0.9765810563441367,90.55294764446525,1.4840218693872596,86.04670266788496,108.31865188057866,146.26002878330786,0.028315722768215992,2
3.19373909763643,1.4621936010614018,72.94409791598991,1.885932364737395,142.07096017631505,149.64956175306722,162.55828882320668,0.0442122510544299,1
2.1893519483279507,1.9904076590189803,76.16042423563563,0.7416648577787497,143.19455513251836,155.76885120129333,180.87023540277562,0.08864407146369249,2
2.7859114933673084,0.8445684764951725,36.13698299280219,1.395593031414331,56.9810059347461,160.9556959308939,214.260141154861,0.05912192656111055,2
0.9557712108920148,1.8046031185351474,37.31308282124371,1.012798057905041,141.16665685803463,119.73992643223859,224.3396478502744,0.016071098315538365,1
1.5500669442394193,0.3817761820536787,80.46861846184262,1.1894175076604059,106.16542360235215,161.37244201150324,93.26770258982886,0.05572436951230646,2
3.3527399267783533,0.7636696806534881,36.70356602529097,0.9305002686184549,162.11637879808387,111.40422923245565,233.69060588063965,0.08106777114772819,0
4.829983345788959,0.4045410585344738,60.64930637213784,1.031195954521543,171.21584968179093,124.98838633475083,239.37443092572437,0.05759925289890341,1
0.3470421906508251,2.037514868083327,32.44170798160317,0.5433677348998359,132.82307293205548,146.22077231803036,180.79085874065356,0.025020031508114708,2
4.4628831721908035,0.5954906263056242,83.52850427281625,1.9723276068758309,50.25575472533976,99.56094097947118,111.747604253334,0.05005369675517787,1
2.926717886424922,1.8076387107427654,19.9451216104921,1.4371998831091224,145.4548715249963,50.301408199428465,219.1305215595932,0.09319108312356844,1
2.8632058771025566,2.3610810732518486,84.6501975785498,1.251058385740828,162.33219194989016,89.02328996007766,173.2598944734318,0.06923835910847018,2
2.551364822518026,1.343041912218749,64.24568204568416,1.07557302425049,87.34748993472714,127.35219035143444,218.92339713178453,0.07568978558577304,0
0.4400310209304986,1.373071521038685,26.821858134436955,1.3090618382360415,119.69690017111832,66.92653174952676,218.51738152018382,0.08073428567045053,1
0.5403965735071873,1.1795322418396397,58.78318469555064,1.070158998073706,194.85899351176823,60.7739508899496,94.74398366658471,0.018162408177400134,2
3.044468827729522,0.8484308513144249,35.424895316260645,1.03986189124051,94.71733300911552,81.03127624280127,183.1936428230129,0.062338290334296755,1
1.770697000034236,1.2153548257660471,39.11206012574469,1.1959198125830197,83.47298765626113,44.49560471889499,162.13453087568263,0.043832367386677736,1
4.594613526230635,1.5268784540535607,41.63752374371923,0.9139745505067862,81.62821857170152,144.07920573216876,240.840309899918,0.022524324730488744,2
2.092293633061414,2.4656793518181153,15.698732227508884,0.7700748499501782,133.82012515309944,76.22018430636743,130.4290196273174,0.028243860247362147,0
0.8020791476429413,2.3475231703296493,98.73655159612757,1.3349088472704402,192.46806519620097,57.39337552912393,115.02001805245726,0.0803044426352261,2
3.602122284159977,2.1622747478181483,12.838116531810169,1.7641481542254516,141.30351938005322,137.87811823488093,232.5047655232563,0.024534019476079555,1
1.5374317650609484,2.228369812476903,69.62471858658506,0.7292422665888385,95.49846803564898,158.0099217560603,105.2816467130178,0.03811767464995474,0
2.674804506043877,1.1962304990655053,43.41048829816875,0.549101510906328,145.7854667101181,42.78258342064898,196.70830798315848,0.03563860044367734,0
3.5193806489753334,1.660738601584789,68.1409261852029,0.8702176177310542,143.72634463966813,72.70396790377148,131.00336835310785,0.01437673275231109,0
4.511294144890145,2.2429134711937246,42.06234277788254,1.9695809651807163,139.53877035944814,172.33252548174167,176.5337784345712,0.05159426043154228,0
3.9817368545282132,1.012729374228815,70.63755816329729,1.743137110615009,73.9139310332453,93.93557903058854,184.7573035830144,0.07893368579522879,1
3.414169232576348,2.4063180719463984,75.63119585215247,1.3937990802928948,145.18501990174911,171.40288887347037,150.95277793285436,0.011993736947400972,2
3.4302025937362037,1.0686758520694986,72.14973763596802,1.893873372864704,114.52466787717495,78.38975537189484,245.7440466403063,0.020129630543190655,2
4.735030755757224,1.5226525302133784,20.256578322233704,1.167918675255867,52.788808793455004,70.52946898007048,102.41163857444646,0.07481680116378112,0
1.5495380777330268,1.7890215475173115,69.12039111892162,1.9749209038627609,130.96467307212427,69.97517764191943,146.53784513624868,0.06342228916056222,0
0.1054492615613183,2.378950432036049,35.19887945086876,0.944453067678926,198.39001178276266,51.93201245949136,153.16720556863368,0.07437228526438137,2
1.4325773410511737,0.6493098714280519,12.592123351240016,0.8604586242739086,102.46093862659754,165.50052039127758,187.27798132935087,0.030709355938942473,0
1.1676677601710457,1.8780208966846736,47.334760470005854,1.4570723017205165,194.83388274779873,177.17690316860615,149.23415889306824,0.08233919049676644,2
3.3429894670585916,1.3259981860530015,49.018879252342096,1.0672309519255405,64.43086124938918,173.6312330180293,96.49612193326774,0.053188395409924906,2
3.2051868388510925,0.7079649945205707,52.045672001720185,1.4395483129643867,159.86751738009593,159.28393957581835,241.06309969074044,0.06492717767609714,0
3.007960775253147,1.952686757501157,73.43417488516445,0.9574932774540287,67.14949919942529,158.5643070711365,150.73344387857657,0.018293807548075264,2
0.17959287172632316,1.4029445864259242,37.79594282282132,1.4268773852569865,91.03573603329113,132.55196540365827,138.25453362690234,0.028452842502383918,2
3.671012466808173,1.6693858605917058,38.37524617935303,0.9136193908775545,135.62612529831864,155.6699196730859,155.9427611095808,0.07960220934492773,2
1.6852990211789087,0.8411076180158576,15.449703061713453,0.5764581032283349,138.91695409651234,69.16793100802668,116.82126596191682,0.03015175970699007,0
3.358774346132493,1.2291211819776324,71.81390943930663,1.868203852884775,166.2816975851257,94.307768254198,97.03768639367065,0.018327684476931283,1
2.8272342996605517,1.5625179149207644,61.10434822596255,1.8248078028101933,142.29671108411588,129.7170810612647,105.25834144850664,0.06374829540268903,1
1.7793815345967454,1.0420314949611178,41.44826014244093,1.956197223909008,139.0422056570841,162.4679865586235,108.33132059060513,0.059314286454555956,1
0.759423708810128,0.5360127226268683,73.46700810256192,1.574790764332107,186.85296304837075,132.46572473162973,113.60448449670217,0.06471045360849638,1
0.5626525985363567,2.4060192061724948,58.362197430418945,1.5240817666029545,117.82411283137358,157.46307416678883,151.39323607845267,0.06564749467267822,1
4.174439832249895,1.3030954731044129,52.23204512834857,1.338504605112246,83.78986680425825,106.35293221890164,186.06287573750612,0.05501776112780534,0
4.600147956199634,1.8481049072048665,56.01920892950138,0.688913624528784,74.26828775354454,140.4225232787062,186.91093246454454,0.05443965285117903,0
3.283961429145068,1.0570656242123426,67.27133127403508,0.7838529664239051,109.99918952142497,177.19731289251214,80.01658682552757,0.09317490087605163,1
0.6068271628163685,0.9200728218630051,69.40023441171395,0.9342045330088042,156.91291327905435,61.48839799816608,236.56280337272798,0.058049355239176634,1
2.0699333627523795,1.0475525312444562,36.006203722664544,1.8352345438600914,56.381522739485135,169.76889692422458,219.88402069049468,0.0655570182172473,2
3.671802080515271,1.0525317772748422,22.66690270520379,0.7594542869046127,69.35800797641092,113.13095269786639,243.86946670412678,0.034027245274487014,2
3.921122331649334,1.3832412840577863,24.097076307146686,1.8843097617318358,65.91701901554592,130.05052430220812,141.1976786041328,0.0883983880721972,2
0.6792712492263341,1.3815011814543399,67.54517973127014,1.2841785995771258,137.7875229577188,162.9016609674718,193.01587703719747,0.012193128339324687,1
0.10015052234237384,1.2680268489130357,88.55859571904134,1.5733544532096082,86.42969757968994,97.35158415732437,108.56352737353652,0.06015040860679971,1
3.589471524814965,0.38022517304772335,46.85466505109966,0.6653667300208498,74.93891424520947,98.61696048460709,218.89561462745712,0.044546526567829786,0
1.8473212623324078,1.2653849223263014,25.256814429651612,0.9035503231638664,138.91560796145336,113.80545708859405,107.4325129022427,0.06435137760044293,2
1.3469585249294753,0.46430455603059617,78.09422484644692,1.9377779122721395,164.1964873178569,42.67429182955908,135.41756913731743,0.04241548447942422,2
0.16319760196867467,0.35903267642462466,84.92405269775037,0.899224920394597,99.82323746789966,109.5332653320691,163.44192551098718,0.07459191205458822,0
2.7474670931313487,2.334982007485861,89.25241988088699,0.9447825805867192,136.73069085148944,80.75221709919225,181.07038370496758,0.011829829867608773,0
4.270638603587311,1.5321275322118755,64.61482860223599,0.7963960772616192,64.71866197991903,169.9135855348494,175.13761412874436,0.046530049489222874,0
4.792395066735681,1.6657506424052317,87.46557034492763,0.6936104979602442,190.2786545686355,52.28294182542439,97.35632199069954,0.08481372397681723,2
2.8721502580051177,1.0343944923167414,11.387346260356692,0.849886462180997,100.53442779721593,104.30486468277225,151.68492048685465,0.03251806460014923,0
2.620860505925482,2.2770031851914174,19.651222159257117,1.4634903379261976,199.62585397602518,172.6455438528305,236.89457491498982,0.014747579054228981,1
0.5167762888972814,1.6129296994701805,18.331846034688887,1.1830516002553453,196.7881633774673,166.14493504458687,228.30264971781477,0.054687166710865175,1
2.789476727558739,1.9344661803327894,74.13442158292597,1.3306337545068478,166.8235174003717,138.18878193243702,180.43319895328875,0.0978880114474111,1
1.961897486930434,0.952978049117899,16.26236051892211,0.6835472431490364,53.01006431104501,122.51054727945046,177.29517782711224,0.0157742705381623,0
3.0749628763295274,2.4020291080068574,54.672793521967634,1.70317467074435,131.5212380576545,79.30233119859761,98.98478105038613,0.0163050843474814,2
2.004759104595079,2.060130160887872,52.54362087726602,1.676142050869772,63.02546306600173,91.37399578534368,114.04410689275159,0.06356049084520105,2
1.2774657049067972,2.142173734385632,37.96331712024168,0.5323848667140131,184.2707038942274,52.61888106557781,122.94875624269633,0.03250609415903162,0
0.5653298486190449,0.471875955193098,88.33646529478898,1.0752726417654574,168.44543789711042,150.05516168615327,162.99327384904694,0.04692081102735029,0
1.6431003784855893,0.7138598592844879,25.338988169199638,0.6031559029567217,195.85105648935243,85.34176750653364,204.3305281762722,0.08474564376994517,2
0.5735596880099862,0.7497851692247639,41.721650595931585,1.688158669122437,141.2574429724693,133.48946586422903,158.3233104527239,0.02789638157642648,1
0.9667950590375213,0.7137275969548345,79.67543500206362,1.6059045246885566,128.32592067265068,90.06326880780588,101.43037711235762,0.07473699432832898,1
4.937947177039775,2.1457499971555056,12.738008295395582,1.852982141439734,127.84607839165814,105.00626179547677,154.68930909193466,0.055403696194080074,2
2.2761074288424314,0.12811774826105066,70.56553602217318,0.8546059384296719,107.96725616815174,117.7003461326953,107.64765313731102,0.09144619231728446,0
2.706171655874581,0.23644497300289707,83.47579537254136,1.1844438246916984,120.30351008437114,152.2593371746845,207.69504978779037,0.09756658002642075,1
4.380730790812355,0.7210914330432642,93.90410549543505,0.7767318157465966,145.31188747030257,69.56189285569525,108.30514626877843,0.053646470708805634,1
4.97828761240437,0.539688787891137,88.86669764423364,1.0568524017111791,189.94214113344157,95.82715415617989,162.03077822255764,0.06261823532039203,1
2.95530080178894,0.6180560540129786,38.74457051503167,1.283364877350326,139.38265073840466,58.21142006485446,197.8803124523858,0.0771258286663798,0
4.081121723116441,2.004960813670585,62.77277271906573,0.5799961847578834,178.56739134760508,50.6064706889763,118.79367087068546,0.03868067276848046,0
1.702011019249709,1.429660155035515,16.956414383541926,1.5723056160160778,179.4169866953751,124.65440986363086,92.9251182983455,0.030406631547092215,1
1.5981453914917265,0.0641381201677716,33.20830031932077,1.3149400405566127,127.82490137723889,66.47274621024637,175.7609109327073,0.09682166551987048,0
2.073248232873345,1.1018407759752784,18.480014087275663,1.74343852581601,102.12044622464325,48.37190786965383,89.21445279574672,0.04893538520976204,2
3.395285587100881,1.0493180707833794,38.36685611385675,0.9076707517867959,145.93608099981216,165.59371036889678,179.92066930458856,0.010143174386419632,0
3.4427392773499843,0.32916591013913166,88.7668492112856,1.8549816579038816,116.88160128722642,114.80401876995542,208.09475138965425,0.08539464686725752,2
1.6446732297823092,1.7065473820735702,41.245015570686334,1.998041379545665,62.21613009828994,58.84794903641785,135.9837185842921,0.06396977451619772,1
0.7527286282694806,1.7701381115297534,60.57082927012838,1.8789476575665116,106.67136506486506,47.47965784265696,163.01939954371767,0.025170270644827374,1
3.1987416566809923,1.8161883866776396,49.00427633034467,1.6668387137497311,199.11082070739874,56.78040747791186,237.88951249824092,0.012712572385937109,2
0.7287967247249462,1.8347538166185506,51.302487186886175,1.718553204310671,57.27678050394308,105.98721364488597,160.08850690984391,0.0362334187937558,1
2.9346132903237176,0.05012942598412717,97.26148466529024,1.3606163638168796,154.500036785139,133.5851357236457,249.4141904368761,0.09350983859262982,1
3.4977684274759144,2.387105969424469,36.65390214374722,0.7852307943689157,176.17830576068707,129.77921049804638,106.69040993080439,0.09401420530320512,1
3.5329963323328135,2.0448114792839247,66.45920225708542,1.515561027721576,147.30888552130682,60.21923207702979,200.51876342215917,0.037990313767190635,0
3.7920133422320244,2.264755156643749,47.805640262150234,1.5691295030898973,135.46223467449352,128.68845325727924,190.94516169353318,0.08523378935386451,0
4.377011165671756,0.08832607350321364,15.50315629429176,1.9780777104018585,156.13316254681365,96.68118739046392,228.2918182994756,0.04976607909313862,2
2.5497990606274636,2.3379540496750613,54.03977484618124,1.3119519743844827,114.40141059494835,105.0641298019251,95.71534603839193,0.06889102742229351,2
3.678221028694899,2.0339818952858564,83.20089961405975,0.9070535225375846,63.704260596331515,152.2002568743444,127.63512055530884,0.0400999488283981,0
3.1339464032926,2.1011869002488117,18.887767181351954,1.5255087826092601,194.35576314550727,86.54991217514937,102.470468379257,0.05643753366438866,1
1.0145357050086448,0.27855409256882285,16.26326626566781,1.9690637294996818,114.84511549762941,60.57986660286953,238.62617078622665,0.03644015018952939,0
0.22587925986010005,1.8600061708505644,23.826836835393998,0.765820862403641,149.80838557520264,162.28343869928767,152.52800518969372,0.015500292612081646,1
1.4942527898169757,2.401795889623123,78.79601002503755,0.988996877803404,129.69656553339428,69.69828062128732,234.71119374096173,0.022544036757238498,2
2.2708651610543353,1.7124409864744938,75.15958457302642,1.3128214306590216,58.20096079663318,81.16418187764998,130.04918904099986,0.03616070450259135,2
3.123819127700416,1.447875441330286,60.85159920154995,0.7553219523230073,192.91199014888076,138.92260824636713,101.48257723148082,0.0978628405578517,2
4.264800719465707,2.3667927104850426,52.140376368336916,0.5333309592799076,168.8805839171485,135.69704438806502,130.4113364076228,0.09691049352249925,0
1.0616040118602117,1.1351959482493683,89.94932332323599,1.005474683661876,72.36468417040923,152.05600297973604,181.51964108576834,0.08448970082360781,0
0.7151939705025377,1.518269237460673,79.00280414501343,1.7980562022515871,197.24733144324003,65.74132980271175,223.68954060338044,0.030925544598647825,1
4.8210517426242046,1.2170288190611973,83.07480261716246,0.5652025989855722,160.53520582575618,89.31918506398846,145.51641784824946,0.049744192648764035,2
0.6294183409443949,2.335473242332733,83.19360712155888,1.143393588525376,120.84824756424634,57.62365345387655,235.5174720730923,0.0495804554641634,1
2.4446062435252274,0.23640758057549283,67.84454392710022,1.6433011593891238,141.705508483936,115.74548060360459,121.51945014524787,0.04482759203363655,1
2.9692622710871794,1.2777432670221032,51.221316188435125,1.929773895366328,66.01050230218962,80.95988295541817,197.90191684164034,0.014039227458077105,0
2.7527346624464477,1.733033481394324,87.82099773270853,1.9782130985066484,134.06172650234163,136.45098974119878,205.0712695819863,0.058107463680188605,0
0.5215575694614217,1.9901710191344806,93.34066758429256,1.1329540709131125,61.04916080255891,40.04821151783575,126.57369628620472,0.01655307929123748,1
0.379431878617735,1.4783956862381342,12.14254389325087,1.9255764415686762,131.72828856789528,48.355619784341094,84.58487931108967,0.08217268126461495,1
0.6168687945590748,2.276848473097562,14.639938593962617,0.5531284599212956,132.90435331441782,100.55844207270806,142.09034814862844,0.07221764285603034,1
2.9693796509758017,2.3578790448654856,96.28689672175936,1.6188754069978344,181.1658177741116,174.1457818365796,87.68334504204313,0.04174633059791813,0
2.7672899494081737,0.20758209682427964,34.94445524597753,1.4641190519504192,158.7586250408441,164.7191942302856,233.1281418183702,0.06824227439912169,1
1.245329880980047,1.0358078218763673,88.60324956844768,0.8742827863792284,87.43285883226801,179.16126392867764,242.09929469878983,0.03097333059031883,0
3.225093295043399,0.10747460321682839,44.991560706526236,1.2609777510194733,183.26392132817853,98.35623148096627,205.01458571082009,0.03387250584609692,2
4.1183307600726815,0.8570708105673852,20.719005184842004,0.6943306066407434,135.98639972720088,46.519588078325214,203.53637950335175,0.03827201652328645,2
0.3037369032483095,1.3653271340279753,17.239888018840084,1.8073957264273415,140.95692178610506,82.83385988276675,120.95175379999421,0.08173104399417969,1
2.540836723385408,2.2814475797493747,24.085710917241084,1.036847128318472,75.34720538332675,134.6079193043532,92.56734801487438,0.028962221216147603,0
3.4776210193031827,2.124058090040237,32.490387538062826,1.4390667056985749,178.66603939536708,58.922933367438134,216.35778809635582,0.060650310473743474,2
1.3363284426414668,0.362374330346365,53.96665185377436,0.7381644294308933,189.64476725248159,81.99610502640014,175.05752836407248,0.028042040297933654,0
1.6080774359364307,0.27792441811519447,73.13481105092052,0.8092472669468107,166.2485974242362,47.863263036280216,195.87668023381974,0.035653368255617345,0
3.106825724647981,1.4937049799538344,98.775871883677,1.9879345562047281,191.1128678967509,106.49538537463279,212.5389815746591,0.031193316368784224,2
4.499882937874311,1.3536890325240176,49.735606896025395,1.629629591661994,95.34498561835187,69.24889487731231,149.6038257218857,0.06805042039659573,1
4.068629659484207,0.7026252215035586,56.636644810879886,1.9429578046611062,179.16787525441566,52.77472376586033,104.57292029631401,0.05740560500102024,1
2.9573380735879593,2.253660057156896,56.963413124493,0.9437767478180662,123.33397142956137,97.57021332754707,215.1562558916922,0.07491692313149981,2
3.6780864170105216,2.322047703180806,58.549091993914246,0.7468443149297306,74.58758044153774,89.17155661238169,157.14015866882926,0.02979490935996873,0
1.8876301040182137,1.0363980239333985,56.5966591394016,1.2546026952182463,150.32008985501017,115.25248317236893,220.57711924550853,0.010823368215343352,1
3.2407310876839133,2.2312412649281246,10.789727955572605,1.242002423341015,152.61804060588184,144.86541174390948,154.40885494920218,0.07124586104173014,0
2.3842897965250294,0.990674790944283,10.155233989885664,0.7624197706369817,93.03867706350351,55.75962309971073,116.89278943774204,0.020336856264556835,2
1.0306870686420486,1.8552012379827656,18.789968631351062,1.5998293543721154,54.12399974413551,150.75758262940118,109.07085283114299,0.03216747019815605,1
3.5385175419985604,1.2160584329919242,19.140094308626097,1.042666301658101,79.9770888628345,43.68059718252522,206.46669861505853,0.03751175372151004,1
2.826676723009228,0.35032873344259835,73.44072180593164,0.7795478463957759,109.96663215108302,102.03426634941869,177.73115087497945,0.07721218830617813,1
1.857245751572598,2.3234387930307028,28.44244292643998,0.9979750918149326,75.13443665898028,122.24024016402348,148.7824930789967,0.06633026295916845,2
4.565562031385291,1.1625366537749648,90.52426942800516,1.3454880494525228,79.10449223594063,173.97981423957165,163.65984855252646,0.026583889287324594,2
0.202577177350993,1.8494932487898892,93.57456966193176,1.589706398270665,108.70859965734043,120.34922376175096,173.43856289871178,0.06380990295577676,2
1.6472884411225306,0.9495758453566658,97.83040041063089,1.2228363290862267,194.26799214628406,62.2248870579944,120.70079511038531,0.07373331955995507,0
0.37871884911046816,0.09625815251177493,94.51731743983181,1.2883924847425603,164.63652731114723,112.45585274814728,144.28814854860715,0.04500074825111544,0
3.8559838494859737,0.296299378794998,34.46994897266722,0.7084189039141227,97.96226018398463,95.40975260679826,129.70994906865496,0.03213576226250668,0
3.540326525157584,1.265737724750315,55.87991602331612,1.8720363870623482,192.74061033778224,107.10977946403412,146.03205394675663,0.07110844956233103,1
1.7236258718079538,1.740412674959588,25.79094731772469,1.8930862969880666,146.8470188388099,67.59358205227221,165.09557629804382,0.06498020801273476,1
3.410748220814658,0.8701015501192338,82.55886896551898,1.5251398856270055,118.31744669602102,110.11578592357806,109.4707816392422,0.017012094262373812,1
2.040092408360154,1.7539467249852434,89.95885346296865,0.5264471134010371,120.24502984327206,61.005567000722756,146.89756065031096,0.07000116762103789,2
3.8056435779699287,1.7616571941082924,86.61599553677634,1.3056113238549891,111.61167017530877,144.16603129672177,145.534055362177,0.053966613955176886,2
2.32549994740986,1.7746429729531858,49.003025382715144,1.4438284581329204,84.94880788189096,123.1468764315837,128.62064886318467,0.07780320612799548,1
2.1201706663751616,1.2566785423502458,78.28064962181028,1.991981334437165,107.99482883205586,50.993876822849664,249.74437521641687,0.027164578769184412,2
4.680176585892675,2.291471067797685,18.782125261864252,1.9941004327921952,129.1844576065089,164.54602551005718,92.51667652902954,0.03323947761112388,0
1.3293075894644313,1.2485314690525082,13.622029355732561,1.786416852988336,129.20410260953315,126.29314464618936,189.30169367857508,0.058898146518776916,0
0.6901919659831706,1.1531497240667636,77.79127728778847,0.5957464880391703,164.2605353318777,84.2549877178964,109.65456311119405,0.05335601751029793,2
2.9642612549713454,0.5384830065760362,48.28197468958153,1.9299145861680949,103.81967857360289,46.389935933823445,222.719078178481,0.0447728833950847,0
4.849676880192477,0.8037549640230246,99.59943382656122,1.4189918707279987,157.51970439559287,128.51173740802864,235.41341112158113,0.077142998298681,0
1.9514121472632149,0.15371950666984321,18.752879426997914,1.7013301557187692,136.7137758153027,92.28163658876716,148.251257043523,0.06082764072654542,0
0.4039801417810295,1.6021614693596171,87.00649133817103,1.1107892745287804,194.27681067902517,167.06653468298828,219.99133640152064,0.07392446685047067,1
1.7625958098168808,0.6589125726213776,53.198475897609256,0.9795042068518847,107.7927389050974,44.88289657998444,122.48460638951028,0.023792946608720417,2
2.5790651061658365,0.7951803734893896,84.44351759534894,1.194866218225712,185.18246963911855,45.474340947914065,103.81164624597446,0.07560894656309836,2
0.8934227324978472,1.938495578077587,83.54145539531304,0.7203117694532404,173.09638209474343,172.90190016697096,133.69930528844387,0.051537529729026275,1
3.3247008684768113,0.8516918987455621,92.43928012258696,1.035599208129959,145.64964268841854,175.08235239513087,138.08458236147803,0.013039114211612832,0
4.988972006149983,0.6433799354321984,36.80650101574925,1.786426249652418,148.17717001131757,43.8839117481694,147.55078261354842,0.031104239859684926,1
2.3135234323090748,0.4641914853775791,95.48194181158027,0.5569257293913222,62.6974901909616,140.24465289178585,143.4030201328292,0.012318075256652019,0
1.8381699279780421,1.948403085345792,23.650026432185825,0.7263170702369067,192.53369083901487,71.00927932603767,149.89455698458568,0.05111870697919394,1
2.0634504174888866,0.3677803320755659,17.377189983414148,0.6876742394742283,66.04040952436159,138.19498728005016,200.7056721868721,0.03932917844995769,0
0.6642162741364855,1.1616967126133662,48.84539656351142,1.104613314050342,134.48499631152606,161.62259153211772,121.74862258717499,0.09887046039219263,1
4.428040646988497,1.2919787843891264,84.54906717776583,1.9954803513362926,99.51062006737317,54.116407040718556,83.15785128007069,0.08816537052611768,1
2.1326457120546247,1.7341052860800008,52.607901757010104,0.760036895317074,114.47779674347777,73.42729834668589,163.2456937348162,0.08431037743088345,0
1.9976446159817227,1.601544531715839,84.63580097774627,0.7182239743988903,141.52745162552256,43.370873565709275,156.2095115148269,0.0551004894128121,0
3.3324823373593246,2.0362656487156783,75.67181252148747,1.8725835946642317,186.32770668234824,46.13617836222171,90.21104827338317,0.08263787494156902,2
2.2659637625625053,0.15964101311928347,28.84855475250402,1.8230757754489486,118.63506853584522,44.146500150488386,102.74623825524034,0.03401826827164797,2
3.276343997158446,0.7762797757095232,95.39934624095174,0.5483605549948316,198.15943329596618,152.09552989969802,166.68655209643197,0.06045845210618725,1
0.40108682164085885,0.7363285909996805,15.470305176646306,1.6275589402689725,138.92180980272497,81.76097498030873,119.90762920332847,0.0453626255187469,1
4.087244384238915,0.40774141870066516,90.84517367894155,1.4831985522146445,74.08309139632617,109.04960154007847,229.19171000404597,0.025420772037045673,2
4.708469369109072,0.7584867219482858,37.39991040913366,1.6516112147790634,78.50139422468784,150.29819690358227,109.45972269811418,0.016535208823156365,2
3.2789503921809913,0.8089250196501135,55.01332748479594,1.2417536821938833,157.41665533838767,109.29211277894053,83.42084741424776,0.06023965446744534,0
4.777373051408173,1.328616931722322,48.0116685430661,1.9870688276724433,57.55966913650727,100.08744876744345,156.08584079648026,0.018787522139218554,2
0.8420183404128202,1.6760759733693276,25.465110122522457,0.5657705280664448,122.05123643333403,41.62024890852423,247.64772880340342,0.07462027870173842,1
2.4393393284537335,0.9836962583489446,42.23321797615238,0.8515573796057085,72.23286647052748,119.52553035514586,187.75832947210097,0.09293216308535403,2
3.048852996332692,1.812702066717784,27.364099266351573,1.0948189804604227,114.98279527667675,57.4640309391921,140.18505261452717,0.024589549874040485,2
2.9505095723638153,0.873605079519971,28.349782791447147,1.1746669123485547,162.48761331075792,147.05075371074366,82.86756194953591,0.05238447206592055,2
2.067162717536312,0.7611950094211629,26.835115242374233,1.882051104049278,118.82193923621513,76.08328133410274,162.44123475617857,0.07648971337538427,2
1.756613605894681,1.3759107368497099,54.01156423119348,1.3400065461158883,74.51766634713904,134.3862375132117,115.09922036353314,0.03581556949297242,1
0.7214377104970522,0.108105082749187,81.8138230760184,0.5676664932805908,87.78880555349636,130.47129389545512,190.11819452592982,0.09286880676696435,2
2.0195380077551635,0.24548335290330092,61.20730303851169,1.111794445138493,105.13093829782736,126.33458441020281,179.11144393432122,0.08996190029829199,2
0.8970379940168772,1.0740253817869914,90.38859296957577,1.1247356185536048,60.43417752296221,77.37328105520697,125.08634181582144,0.019337892015671015,1
3.6983918148118704,2.3601361429098033,67.28900397190517,1.9482364076566772,137.65064541216827,77.39256880457954,91.71006481717419,0.012465979437865614,2
1.123271583923491,1.817703860616388,72.0406104069344,1.3987956365316623,141.13006869170752,160.8267260817862,208.3532636668569,0.09788126346814617,1
0.3869699958942159,0.2659100952763665,70.08465067543028,1.4534766067384082,59.32278906988512,41.793026568259776,179.52889608080017,0.09608275222940181,2
2.8065940753044485,2.1234791313131405,50.451327386536704,1.5698795468769062,110.3466981761243,65.4131686835541,223.16146241646683,0.048005704401936695,2
3.016625690325068,1.8441368879900437,72.04049399800745,1.6550589735231849,112.10010243270874,125.42392846987791,124.16600265824177,0.014550699169537518,2
4.372374000274477,1.5468189879715004,16.273697182206504,1.452576605303734,100.07293528289017,154.38647561644376,190.98655101267005,0.06569879974714252,0
2.9272099008466412,2.0597177534924844,87.38663247240969,0.8557915267009033,133.66096104966678,90.1683712142002,100.17568508987644,0.036406909664979066,2
1.7928561832448842,1.040069126970245,80.00309290995256,1.8110688715117462,101.89362350901678,131.48208420551202,129.60768434586342,0.09430506882104989,1
4.034758219478971,0.5926775745919393,32.07069624085109,1.5981797006159453,112.46139192167091,118.00189874683309,191.61164901915282,0.08151957325488732,0
2.7473665766183637,1.3044573033164606,79.12292088286742,1.6128057276454337,169.62853211624082,49.035614627484954,220.34882187461483,0.06846344057200993,2
0.48847339469283957,1.394662301204011,11.137834126001664,1.994835108852124,74.31640331453022,127.04502757029493,134.55733529636896,0.03560534627621757,1
2.872667745534909,1.3688996114242846,29.552191523279237,1.703789802294974,142.86720429551315,153.9464861181491,215.80510461460523,0.07311417214975457,2
4.549290872566146,1.434430789126258,15.862351480380635,1.7437271047327298,125.83916025362683,178.9427648419173,195.21791824645803,0.03602514400832837,1
2.0419318649412808,2.3743270496859927,80.22042249561052,1.9271082735652376,95.76074562190236,44.1496101712412,139.27471115629197,0.013386788573668845,2
1.5519964293090205,2.260501776585767,78.02867360605485,0.7267009997733408,159.13019847356162,132.40814416174152,228.98747941655466,0.05575911288582467,1
0.8030003393882983,2.1955067395694017,83.22724214216476,1.246591064717102,132.6782539311722,98.0369374407147,166.5689412260233,0.05398160903098219,1
0.8420830574832509,2.013471186726137,10.403352399297596,1.3708505353861815,121.6042290441043,41.37030441886874,190.20195983283398,0.078670537572361,0
2.220580273274913,2.361398862799949,55.110945401056725,0.9939135938336865,150.15039721568002,126.0105321191916,164.2573281235916,0.08791064941190002,0
3.018831138391495,0.29131187211453796,73.43525777656029,1.7591050158417583,170.34354619720412,57.13982179778897,156.96239328343057,0.041902163982483594,1
0.49501548533104867,0.6995519905420619,23.986101586511392,1.6436294324685852,195.90031850503644,92.99935902647913,224.1562119306056,0.050452570918330386,1
4.703886086223312,1.262887066853733,68.48116547613623,1.5813246117621862,144.40255525645603,76.59139294837632,130.0997505565664,0.05233603776800754,0
3.8001547254814603,2.124009508152343,17.569908937871716,1.9957241596372501,181.16599781005743,90.56287631795391,86.2269678018332,0.03918016759351415,1
2.9744571995899474,1.2876559932306948,26.319327049388185,0.8890720601125858,50.16373115344354,108.97738141013295,229.5630494026434,0.07690482312626713,2
4.159349487601055,1.8826851113868925,52.82171334951409,1.603185877513132,129.53535390888368,90.28933454853203,220.25407201870112,0.056989106668566956,2
0.49291510837935515,0.39045176785984476,68.82086374129918,1.327106712358851,82.19713231552971,117.3824618825355,142.31528067683416,0.09225601969497758,1
2.4365105008923096,0.6684138417925726,23.128221425850647,0.9694837737408142,64.12886856247057,73.41095663259952,111.52669357988592,0.06852796947060275,1
3.187456321622151,1.8428514328422976,26.67009977478441,0.7408803060846887,129.79565255965883,128.9506474399734,194.84071931824008,0.029070690300457516,0
4.1603992399796175,0.45359832177492393,28.40017303590967,1.8438257556013207,162.02397592236412,159.52682057747947,93.38935361805868,0.024832778387233276,0
3.939000844241412,0.9108220399045707,31.483072422908062,1.3931832240617679,111.84087837115696,71.36938656812973,152.03830844159745,0.043514590412466296,1
1.4576393235956584,0.6989223316432501,30.38984636736621,1.737400756461192,150.5161174016652,111.10281021978714,94.5965946618053,0.04122338862312759,2
4.710312830840101,0.9071611508450724,45.563419764787305,1.3180174760023173,123.4578880761425,130.8165698369844,181.6446448058897,0.046641864237625924,0
0.7092946230112648,1.7853939202410274,68.84106857530506,0.8299656209810293,115.5628798939139,119.04765836987825,84.6254252476371,0.026523196327399794,2
4.388154731243645,0.9512255937998626,49.42286048210227,1.0063232196504879,93.53849606537909,91.19092246691163,186.97052385783297,0.09804004030238404,2
4.857607223062631,1.4103951403894537,79.83765178748993,1.0723082637103198,107.38902717515069,129.90795912080478,194.4449474591974,0.0231138795581856,2
0.9680522637908653,0.29483309878330366,74.73416553537533,1.9594022187555535,102.46934461916419,43.954468869410675,162.81456068627568,0.06873838968018889,2
3.638123714598548,2.022293348424838,21.387422264416813,0.5084499175720738,146.92807760223224,91.78687247950063,109.75124598059402,0.011176231155813081,0
0.29739904201219247,0.9562271328379061,14.395746098866955,1.9784990345367606,67.40277669187093,114.56571004974045,97.23696956662523,0.046626493448711184,1
2.086571843181859,1.6389086896316891,89.01474075996455,1.970692452664746,63.8954553031709,42.88584223702105,133.25969918329054,0.03782650591855327,1
2.629788166068603,1.82720452407149,17.184795990658607,1.9942261857952048,149.00194913126904,111.07083615580197,159.08513553200208,0.04438221739654767,0
2.9451616069572073,0.5636692591736661,23.350526264774178,1.214882268379452,131.94471048183212,131.59562450718795,189.17541386362356,0.054826961029580235,2
4.686092516417942,2.2174537131357073,11.991994800230625,1.9457134544314993,114.53001451139863,146.2890776798263,80.21252167814494,0.06403375013718861,1
3.394028367741554,1.559749416437035,66.55027287687884,1.093398772774741,72.86643266118553,55.87237139732025,200.88086627001172,0.062516021031487,1
2.4582619609742618,1.1003765972911297,62.41335068425137,0.5394416610025801,111.65406678039673,178.6790824848373,201.161028461297,0.06676423031090017,1
4.067407677702858,0.49672119976663787,98.821329979173,0.8365207795576468,168.45976449800173,124.86347818691338,155.57142710372497,0.08600929142984115,2
4.757610822676604,2.3586372978579564,89.82391566854548,1.917944367406077,183.44318536838855,90.8471309657262,138.3790957771518,0.08980454400531862,1
0.20812412854322515,1.8999171001224817,46.975885973281876,0.5206470400031,155.386485494633,74.87299962393993,223.19245599396098,0.07635252705047178,0
4.914354234054589,0.5596601786964598,43.44272568212815,1.3189912031344626,58.98682638213212,120.20556063567804,213.37987194530876,0.01710480186319636,1
0.5220474814120337,0.8773913980743502,36.71668308519865,0.6134023833420186,150.5614664901678,163.43963060331993,247.15693504801308,0.0965163152358941,1
4.0904952184169305,2.0337019323157794,23.716622803409322,0.9295948676413677,86.1478384319442,112.87915545979106,143.22823690762186,0.09526582777123417,0
1.4736402875019214,1.7544102748775807,22.427529094180812,0.6321392760678299,97.28768645396076,132.60608778469444,234.16154282570673,0.07405334150908184,2
0.7476803229939716,1.9261715171535247,21.90553372086449,1.7892929316695847,79.38098119399768,90.07750153567842,94.85832060180189,0.05656951642617315,1
2.255292634597791,1.1309427004216845,20.27032814681007,1.3866060644715588,166.36336859303069,94.34132033245616,149.9492312626449,0.0325556522502303,2
3.2553872392933068,1.805366843473309,31.646083816498322,1.8531596985774694,147.29031839559184,80.06451480806487,159.11360018727203,0.07807160255489884,2
1.9666640406150278,0.9969096210165886,37.60017672818048,1.5325297993103426,141.77525818987715,138.78922121155358,154.9486337545879,0.08900741608446604,2
0.3673705005852249,0.5675941464985813,96.54210739350243,1.9565436968676495,150.1958914503914,90.2862574783191,186.26669203329104,0.06986688408009442,1
3.037359584327712,1.600058735361332,62.062592590169714,1.2648164821406098,85.51583921058551,66.7002965657735,108.93533260248871,0.06661653695755937,1
4.521776052942306,2.4412341177170456,98.88361970619529,1.4580658726443119,116.69666214880424,91.7160799632733,227.29686919346284,0.027370423411352755,0
1.9777552931415336,0.8109723799185576,43.52202530431059,1.3644632298335848,144.98805823234838,159.53580909658587,173.7998831517387,0.04220168706047707,2
1.1600306103910527,1.1793755009207223,51.18639693304969,1.226390644169919,145.48910414274508,143.35528610076926,233.71562316225493,0.0750822599829261,0
2.2686289950707956,1.7013033591211415,39.21207932487513,1.768939048134519,168.77777941326957,86.84971822489894,80.44737948365241,0.011520886496610106,1
0.3369772841390263,1.3766903912000954,26.459888580689743,1.4667877035055403,93.06559500321659,166.95325507713835,187.0979793108094,0.06771378494699976,1
4.120389163953346,2.1163980994871707,22.884823699982125,1.7019683972832091,165.55041825452338,50.47656891644537,150.1178339653216,0.07900032709092232,0
4.149069973655915,1.9162696308503142,95.05712780270487,1.6795459049036199,116.02767209254036,46.96553079791005,165.8668404974078,0.040123403764370354,0
2.9812022708051797,0.19282814946277477,98.81296136188801,0.786567740982943,150.5259038088402,57.84584966993378,206.4467668326485,0.016855099228071015,2
1.8302041557981086,2.4961320231132462,14.04185468578584,1.4752452987764655,118.35790700979302,56.30366582020443,118.61579721723723,0.08372074409955987,1
4.018938485784338,1.8933860116126948,23.531128725858988,0.7994720287720012,192.29152546864148,52.29680410172767,114.83290398644596,0.02276531465365205,2
2.8179664214629994,2.1665631249205775,48.11716830709204,1.3749807173656563,76.89533971124666,132.58796567971893,199.51132901531432,0.04337209953727963,2
4.1470683118950795,1.6454343946335988,26.77001287099666,1.5161520266694508,151.25076328735355,124.11793315175935,168.63217902051062,0.0736528694561002,1
3.1941480836568013,2.1478985637145676,42.749235426419496,1.9958526073813803,136.48025011522384,130.66477148144006,119.71864667048736,0.08352873888862902,1
3.9435868187427072,0.3253382885753381,21.618671487367003,0.5458129672246075,75.9096561421617,136.3712475826842,162.28316789380062,0.08761437266396643,2
3.032958666767024,0.9019576971203233,51.08605810496112,0.6368635911705813,59.90095037175019,145.96316534729516,158.12492898211713,0.05773754724500041,0
2.1292912342567645,2.197231311831007,34.45251545523334,0.6155400445568473,169.87165834574955,69.00476984809745,197.54555266060297,0.052828452681027906,1
4.793934713638074,0.544055267603886,41.671455018279474,1.09754192940011,73.61770004693977,127.12249185287197,80.4523876152775,0.08634855493162268,2
2.7514577419063393,0.2416931415210557,18.48813863164728,1.7323825422287205,77.9760024178664,121.20681230709226,179.7492451811521,0.06067693855427241,0
3.0649386408486383,1.9808914028657867,48.531524563912754,1.7660844991807034,196.7651335983559,172.11240361248633,182.96528558708684,0.06207856555737081,2
1.1803894331322715,2.096941081326076,98.49318498654128,1.6054693935817275,157.5891277214946,72.53148139355079,206.73672332194639,0.04905760311944207,1
3.165688868193655,0.4484979345652565,39.594974219307126,1.8453173627449215,87.57302624018337,48.2212108124064,231.16917922602636,0.04355325747289357,0
2.900877482466425,2.1431476578176527,88.87863473581915,0.9842899162541787,138.6423440227402,131.48930976003606,154.8322655089871,0.053248677156084626,0
1.0057081499404223,1.7325810992130657,85.88792274613166,0.6322319663784487,130.11677576037698,143.62419763313966,138.22843813251035,0.04283627443265146,0
0.39197677703040423,1.3242025738806307,95.68525764674895,0.5872295419847752,176.67099012707712,79.6474408130571,97.39446417691867,0.04091918049723147,1
3.0613606666023787,2.084112972314393,81.1098561040385,1.7781990794290794,159.39811217489364,119.91878033155366,137.2620936318496,0.09942979078071046,1
3.842092119816571,1.0771606608314663,69.36371443529335,1.595654441530537,174.75816882397788,48.33504917478108,91.64239295554931,0.04025921446646633,2
2.6646667175178407,0.5252851927473232,87.09259998047118,1.5479229590166814,81.72598819660436,174.40627776356047,216.47943490804732,0.03307453727794005,2
1.211185864066264,0.7478890576960036,16.808021259161467,1.0095145078185033,146.03288065505077,55.38949626188361,217.1910451337922,0.0418531680858364,1
3.3659576857958715,1.2876518448186214,51.6547591478927,1.0698577829273392,56.036128762757045,49.4598750612794,150.9304017401123,0.06317032065724955,2
0.49251806038705104,1.3517604420492806,99.0330614753553,1.937170293348979,60.341091841883014,46.175422329246665,124.13900975900344,0.09198914379608486,0
2.2649851535295777,2.0236730247810226,79.2640136165259,0.5957071161469025,157.02905490568958,99.81806691046938,100.0634128268862,0.0809077825177985,1
0.9004971161522589,1.9888141729482196,96.58678402335008,1.6605976054066889,53.6630153965897,53.6023640840066,224.7103182237139,0.08580170251681313,1
1.0038493501934285,1.4743480651512086,80.16709205201312,0.9644499855625897,136.9647513350764,144.25075373378053,229.1741973255189,0.0873107749615472,2
1.091240350875198,1.9629244342454173,88.73937706979298,0.5585819276188342,176.0607647666795,165.8423824876968,125.26923448026838,0.09284755568021806,1
1.994864579515492,0.5198449728194939,73.58766690728719,1.6138551661136842,106.99127126270429,76.43065052547999,185.69929323951982,0.03115641096179919,0
0.3506360075399484,0.17265809137857113,78.44518039755158,0.9963678285175619,56.72606552598692,128.02823669519586,123.97112301436607,0.051252942793369206,1
2.049187860552581,2.1904028654550154,57.086020885555065,1.5832212781141948,157.077117444309,45.927382581654484,118.2715266144084,0.04466778999188019,0
2.6073664908620344,0.23510850971878544,93.18139307327196,1.5614815746771802,189.45296786962263,94.11902603699136,83.6053686073406,0.044368929515215046,1
2.4681419963349938,0.6543866528727934,84.25350195610255,1.3021803131496728,157.57570880874016,81.01189587988196,178.11710098963061,0.06870552865319664,1
1.975642091974899,1.7535314265797424,85.9496469099069,1.6660596938158232,136.7670864504163,72.00667350165023,105.49006234154473,0.04616227542859691,1
4.2118183795466875,1.0531474471869076,70.5708190866747,1.3715574862568651,84.50432448185902,130.2612885480179,82.10310108737843,0.06546972753254834,2
0.8121007928604702,2.1969692262929965,37.41219523785241,0.9299552792723911,52.306343606674545,58.231912490195086,97.82469793725895,0.04440514273550271,2
2.5779140445287325,0.7800504969225605,13.20668158511254,1.6011729515966286,154.200816271858,160.49947326157837,133.34076256992836,0.038001536445198075,0
0.40400294308711604,0.07908479933993028,94.20896164685901,1.3837097238165854,84.65392637664394,133.07702689162284,193.75774231899098,0.04177694605988627,2
0.4486628265017578,0.7866063193738232,62.750831392494725,0.5190909225348808,178.72440157735363,139.5029250163281,114.44591906646127,0.08233813504123838,1
2.911942663417772,1.4662838705028378,36.83286740333263,1.852466266655464,119.9546178248917,170.94820321207354,230.8903956303842,0.0640945932606002,2
2.873490281950323,0.9710490197380688,23.422159706278403,1.31846542748647,129.59533735586842,171.93220201035206,129.0430297651015,0.09765979597149531,2
4.402364212937839,1.3604382516089506,84.65708489506792,1.8029408982192976,163.090481639955,117.23132533469301,136.3084692020205,0.08493906037417595,0
2.833581010734359,2.197665391145796,85.2868175002821,1.824105258473367,166.91459117050147,109.35317442003726,117.05612059183613,0.05372025475006371,1
4.802975999983766,2.285588382864403,83.30571713174784,1.1674499851026328,146.39762496208522,86.95342515176742,123.14690730221253,0.03181387015846683,0
0.3386047571596559,0.7016364584025747,68.05744227701076,1.2614899946768463,190.76477231191146,140.18002542834557,92.60296947403411,0.07065182003096307,2
0.5802376554256312,1.182244159511257,42.94138488326883,1.1236315815134028,197.3447654480629,115.34924417717382,130.1109983817522,0.07539814245807422,1
0.31592272169486885,1.3954028373415555,37.36632563022313,1.1741551629620681,192.03281665619252,170.60251116361744,226.1349681321059,0.05177583818127632,0
1.0078565666343462,2.3753255193762053,10.769929310635316,1.8427207384575917,173.62687780159155,73.40763281976476,197.03217203725427,0.03069299191696217,0
2.752223543614223,2.4966124319527423,85.02468028194163,1.6822160209518664,155.84378303663772,83.4353760750687,228.79559465715482,0.06015144860769387,1
3.2633036889943976,0.6267477596617403,17.868942774427822,0.689788514473367,149.49887868225014,84.25266263879561,97.82603244449064,0.0328446327123502,0
0.32336727394847714,1.831100684797248,66.76794982366908,1.4154616723101439,65.56252653808008,152.83978363793898,157.45482724316705,0.0945998485867394,0
4.735257360243437,0.9761761024713282,55.36674521560795,1.9938599605795133,90.72265202286687,53.86564645790133,118.97332840661956,0.06659958232303476,0
4.226610345586867,0.06986508237122241,57.4020423033716,1.3933260518487287,50.85323352940655,103.79087693845716,202.60665039454517,0.03627378655022934,2
1.5534011625697566,0.07266867996796078,93.4041560776996,1.6788074383896583,70.61148053509878,99.86130317622663,244.94043020340138,0.029415761950107214,0
0.478218898109693,1.1783867185275267,12.84535101441179,1.6535922100717564,115.88442157537825,50.23954694192621,218.61111143854893,0.07450509550466089,2
0.9324466587733806,1.24642053686062,79.60530021658951,1.025476288808493,71.98048261836101,97.5115797962086,85.99728834767109,0.07370139522175777,0
0.7220276273993661,0.10529575660493451,14.684715853057641,1.0577739540559383,185.24951220151368,111.87291765975739,133.83214808951982,0.06374190083577175,0
0.7040905185648396,1.7329721710970412,13.433824534183948,1.5861146326856048,170.8548778002923,49.11465695068785,84.858547376589,0.06528709226612993,0
2.6409522744620966,0.7703083020576352,48.68359283272437,1.2499752974072527,60.74178681342774,111.38069798225344,86.82838437826754,0.06434821025430608,0
1.3046524682176617,1.421738098763076,15.676765690867004,1.3558560636955819,87.33705732008991,174.29330665567616,93.51760170795036,0.042409310212946555,1
1.854884610992808,0.7872517292552761,81.02295561636208,1.5693586855472563,172.86078269172634,177.04800524261452,126.97557792499552,0.09436729690067261,2
4.94857613358318,0.45947907142980265,57.66067842835035,1.6663625405585754,170.45691898398104,114.43516900257357,131.71447049848229,0.053135061783662604,1
3.4531398197341896,1.0475756595672445,12.6134904393797,0.9072748665996071,191.8175825176683,112.11357056441426,148.077097249931,0.011829511013103085,1
4.750005268530306,0.619069743736727,13.645061783372757,0.7201906391554445,199.63216424260403,79.9711432982948,148.83828605927033,0.04135252081494929,1
0.7985271196622664,1.360262393451962,65.14016767655315,0.9376919700855879,196.44050948616828,179.59616603969422,211.13953201334078,0.02172543207828396,1
1.9724834266795896,0.5371298992018759,82.55006358925644,1.2613074876381134,111.52069785821621,78.39208394353165,104.03855140841296,0.04270454119430951,0
2.8181858360835363,1.2955946427793363,49.40195781472962,1.0132119759455587,87.54926657030484,103.40618206159388,106.81590468672381,0.06474362365321594,0
0.4761145032548163,0.43557736142872555,59.9122604382062,1.3525441382713908,163.76152856405938,40.41076809237472,186.52013878427977,0.01203980270697317,1
0.12051847377699354,1.6938880382401733,81.98465086449114,0.5801985861884427,94.89093391160462,88.89252072727916,177.19616587272444,0.08831804781050817,1
3.3851282356048964,1.8971473268814891,64.94555566376373,1.2646256174206507,170.96005401969947,50.001642085235346,106.18079993195911,0.0649278206621358,2
3.2449156323270336,0.3204658739123378,30.228421389293754,1.0519773604065619,130.09320955968866,144.1354678539185,224.88495256516626,0.03658346886330953,1
2.112865168998098,1.196115909491481,65.17468232825308,1.3020001323393235,169.0890912852431,118.54202342419052,135.94010039720527,0.038008465653185344,0
2.49925597255696,0.2236356666044403,66.54515131586922,1.133800032327465,91.38198195755157,120.1040628202719,142.38444925256266,0.05191013588645358,2
2.135670702901239,1.515546991577906,76.0696282793014,0.9263387759563138,126.20409733307312,80.11158002595842,151.47821374188004,0.03232826254016142,1
0.2176247197399554,0.6977905299276312,65.87867688011211,1.8561618581864536,134.6035690403273,154.0854806354163,134.85931802561907,0.01039077349848516,2
1.743320870465566,1.3426799192548344,97.23179174122342,0.7771474826320354,191.4662101580198,40.45792954637503,174.7673588863465,0.01239017033613369,1
0.9677030514467202,1.3177794729915135,27.755947784536165,1.5220483633708395,89.9896365245626,86.70416508298689,146.07011293689374,0.042196660477481794,2
0.5822785265967069,2.314668148174811,95.59816116103687,1.886967068873621,190.5032358927342,132.3296486642415,124.10390341069889,0.021179950894774747,2
4.787930126057814,1.3952538952933713,58.45055413150146,1.3080049395281497,170.72883731985738,167.10915523836894,233.76072751083163,0.01201273071823737,0
3.0368626527066116,1.4783462753098735,70.47605264454208,1.814612732869223,159.6341081130043,72.84623396953263,132.4196258238263,0.08733423430313564,2
3.6704157927593535,1.0340501581227317,18.951543770697086,0.6872772176499266,168.03054037776877,115.75400724183852,198.74311732969971,0.03467235822785679,1
1.645282342003976,2.3752450277979014,44.251834724029635,1.240683155384612,140.81375688200853,115.31879887466495,139.02855096067236,0.05528103194501212,2
2.0264209345206745,1.9541054781270437,79.24412318168554,1.185537920721409,86.61200156937288,162.38441166611796,153.98739776917023,0.026146817577246087,1
1.2609275700939453,0.7492429612419619,73.62199135890913,0.5121782105554923,78.4242453259779,47.072364538377926,120.11039897822639,0.014205247501938604,1
0.5751317877305813,2.1183134851517686,13.612544934886916,1.1648860120390017,179.95121537755858,99.42657854989902,207.8960352958332,0.07703796695397233,0
0.9772550234637606,1.1093710824534706,59.19348371475201,1.0535446345738968,158.770910389375,65.54519447087041,205.32455274246303,0.02124611691821051,2
4.007818821952781,2.080234501657305,17.94503736715685,1.504698091661923,81.98064241414235,43.01456404180372,83.78079078737703,0.01231452121632928,0
3.419974445400502,2.06607576731908,99.6270786260346,1.907494667864778,142.26400488116025,60.58433167286759,90.23298685121961,0.06285072954370689,1
2.7799514923288373,0.5127319575689933,90.75669296799651,0.6286866323930548,117.13197221213358,176.70589419874787,236.80399730663973,0.011212081517930463,2
2.4279403770471637,1.7677957718897637,11.897259438568327,0.9912145800719346,73.7982754944641,70.07879133283751,231.10056403043464,0.04926573503292895,2
4.61992798991501,0.7620752748010013,87.27846210123677,1.1660971060913778,129.77856640357464,170.904308267012,166.03482277235014,0.03599524436300346,1
0.4564012441154752,0.7788570414820373,92.74866405025668,1.1827780670515748,92.22786386996259,68.73560796833183,163.8707565649172,0.03874761864439776,0
1.4749439848657884,0.7760527883574229,41.81934003071096,1.6622145812633806,64.43661862363574,170.38133183382783,218.11210964524474,0.01035091388026268,0
1.8146954824964991,1.8276422065218734,74.75514895429893,1.1650934987501613,120.04374478181163,131.64693092804401,103.53652497042943,0.09679114723445159,2
3.933886479842661,0.6130738023917135,49.7893371587001,0.54074195218048,138.51628281403427,55.85060085026974,191.12885062881304,0.05652667922351842,0
4.963321638793659,0.05221929635292105,68.97092361187097,1.565156141889247,57.03596155717258,121.46812171772089,160.91710906283413,0.06152609197375155,2
1.27928552231005,1.8023302910324512,40.628566386837235,1.8272445427185076,110.31391241164953,84.59196525563901,206.3662749836559,0.06995102364208253,0
4.384105937271695,0.46940262239605696,39.03033129699415,1.2708570688245093,88.6492879755028,93.64144183692983,85.11747452303838,0.08177696119447903,1
4.170051526115778,0.3059818685041949,48.199049997182115,1.371662782547758,54.59758860608486,101.62393409689622,180.76334345306955,0.06471182046782582,1
1.2008212484446565,0.6319144954554474,23.101098278725104,0.7444046584535691,68.84938244172588,99.17898315424684,174.64379658664478,0.07859782949439781,1
2.0567296429761908,0.9807562796906248,84.80250679918443,0.8309689170184356,70.85512382275664,132.97524466762405,222.9442160301615,0.050386176492658814,2
2.1073970595333438,1.215970502309342,41.38281058254729,0.8527553586869177,77.43113721769566,147.57152960270685,195.06217058435473,0.04341476263640395,2
4.893281275780136,0.15919659974594552,46.013459851526065,1.146112962321943,170.50663571568816,86.084876488157,229.6272609272584,0.08408205167339666,1
0.9863703167566018,2.4279046649370333,90.46491514319301,1.8922178313434632,115.92377997172088,169.41095463599657,230.836464679235,0.08787794717561168,1
4.0158740584134325,1.8043544808779175,54.69614326568542,1.282677150072329,72.06289884055803,171.38528396264272,149.38788015295205,0.022402600280824043,0
1.7375442994482388,0.8418254600446237,58.98285184157766,0.7881464678020289,65.04454503918339,45.696661201160076,103.36380273780823,0.05883941682640551,1
3.681264694303186,0.8308082803492236,96.08483122993887,0.8991316038034245,94.69106880935587,42.08723044362259,187.14822148977197,0.07152781874375434,1
2.158053921048748,1.1489292459527256,89.80537448304902,1.0760225445907765,169.70232780566784,99.50928622114853,228.53683672944675,0.017523886296877015,1
2.9339628392710466,1.5842998157694308,25.252003799959557,1.4348884635391992,104.66897719094652,122.69033513827219,92.74206851310933,0.09366371350684766,2
4.179797689298042,0.408614013142971,52.589352692629454,1.160049729506008,73.98460404409072,78.90666464328862,174.8469564243929,0.05680987954454177,2
4.040411268421033,0.5128780437241333,97.41666046856909,1.0886672662653873,110.61742723192398,76.31792515200841,99.54991953217007,0.0680911675585077,1
4.345473599344531,2.1556147279421998,43.512966840574244,1.3470929005984922,133.2967335930586,134.9667361592867,84.58931859838434,0.026041847328131834,0
0.39212489418882923,0.6778245635282278,43.441579766458005,0.8627524924316983,54.43762754570208,124.23859985177977,195.53801016994169,0.03379912209598846,0
3.49104770989475,0.9814777450391851,27.552720861023893,0.6183549088768733,144.14627021602598,63.40056249903535,195.91443401826785,0.020890109501308214,1
0.7859381459366381,2.1846160348277865,20.28908027072127,0.5366214722333331,109.2651129522184,163.83013485712223,182.11186764938154,0.03375988496685,2
2.137510983290214,1.6747121820295654,76.62743116803836,0.8768887452006906,51.45888126967916,135.19664982254977,226.06787666330553,0.054315708876261894,1
2.7880832337679737,0.8871941043871365,79.30274218313649,0.637388051216703,151.08340984195712,90.76067488366117,93.74899476489132,0.08502666395115667,0
2.073423475259471,1.725063887025321,97.21116671527,1.0045109577811502,156.85814533439722,135.70745659876098,97.89424448878908,0.05803510735183272,2
2.646097211434737,0.0982238776844636,79.60763898148267,1.6594003105396333,144.3259682838024,55.77143214749423,226.97102445650603,0.03200172384079865,2
4.982978913113234,1.852324517027845,31.901724463023882,1.5744414957302575,101.28953263976334,105.55585744036784,165.5570423806647,0.014015896740165519,2
0.7625648371929882,1.2431892992647868,13.61049204596639,1.4163914341820432,129.44072810989417,63.657817338338305,126.41897750250033,0.0659772852316304,1
3.4097346221484854,2.04229626084693,98.68936459326942,1.778750365819218,108.07365592001531,45.80037445798113,205.48668625749883,0.04781439076299833,1
2.0404047352895147,2.3888622474158474,40.64056259892452,0.923101436816415,155.09325952395415,87.36567784036197,232.04863284274833,0.0985918480135363,1
0.751748014645911,2.3181819462616926,38.07743881891787,1.8275806295449486,137.5370279350533,61.10296768730966,197.23255865450358,0.08017838968705236,0
0.8778101405341168,2.2776993564655847,91.53596887744442,1.0988587545037687,62.269867074117464,128.69251397353548,214.62854143533633,0.08275265373460325,2
4.751438220603522,1.3048163920380236,62.65899086904875,1.10133997739994,146.4640337328496,134.36950516247944,128.02453083318272,0.011101152059235711,2
4.410047333887634,0.9323481796403983,29.33840564642211,1.1080274204382823,153.08576215067023,60.81692287172447,129.0918110997922,0.08000157996136514,0
4.544505606033607,1.1893365455901483,90.01866184446156,0.6471415493614722,105.6053270922049,43.44582078447968,226.9010596602875,0.027515197960794352,0
4.9585106015541935,1.740245208117734,99.4024769549269,1.9632357474965836,181.36786714395566,150.99347862892245,184.5266842713866,0.06272162850594754,2
1.120745411041738,2.2157945533344074,17.801070503574763,0.7077601667377388,176.4521532267444,40.28798290199872,119.8076677845352,0.05026794150841469,2
1.8416527530839029,0.557116442350293,87.60264654722386,1.011328586703777,76.27497858496068,88.14783248573042,169.10750862857606,0.0614443465519912,0
3.379173246631847,2.299573238231172,45.14641279159546,0.9789504804901357,185.63994627288028,109.24166172639377,196.59628015028238,0.022009917648069657,1
2.4706324453171717,2.0471915683262285,57.166520185603396,0.6120191492250644,116.13085572426162,154.60990639538062,117.15334381263395,0.05112025132700318,1
2.1501087135538346,2.4481972371866747,92.33343781884827,0.728390195167815,158.562447895144,157.3982099844597,191.33408939531512,0.013325021735649681,1
1.8532751217444061,2.2066168445401333,97.60412761976055,0.5672875042780787,172.1145510450854,141.49152168546377,87.16462446902052,0.013689941334366773,0
3.0095250965229163,0.7358464577451714,33.594751936791944,0.9386067403407702,125.76686316045348,74.6076671555857,131.6275759107074,0.06919643176966629,2
2.920407800336402,0.30959198279291683,29.156569386392242,1.7999853860433597,109.86529090562236,140.8261708046839,194.5752079934395,0.09565285361249619,0
0.8911433869147765,0.32499062637939213,17.246490273236066,1.0091633086060767,187.31770529226475,74.51548770277184,105.38934113328327,0.07996536268343048,1
2.411525203840352,0.7634971305167766,60.56180673959242,0.6855377481010688,84.62803294031349,70.04514684243823,117.77383520922481,0.05222402025138794,1
2.8120117034282646,1.5547501237621213,11.224395590560144,1.4685408025758768,88.54551165787167,116.59791359227454,229.4458593609262,0.015028366608313564,1
2.8944059997838134,2.020584798938073,47.07084678489429,1.9949013680823657,104.24304710201557,135.03962213676874,194.63458690337342,0.014051813451139379,0
1.129525245270524,2.2531632521048337,16.60456149868077,0.8484856842978914,178.91986669558483,47.427247227635284,164.81618074363456,0.02421030349972523,0
3.7371298220362057,1.5781957917046205,46.47032046364006,0.9193565080558541,190.81823963196138,48.40316415744518,115.85187666166689,0.0978229453540624,1
0.22347556462324122,0.06379671623273164,13.593897033904835,1.9577705814211828,83.01015721322928,149.78389615435057,138.03964161898386,0.04587949597970469,1
1.8386760921614973,0.5064761024704072,85.1695534547892,0.7681644313257308,179.5805221446868,160.32961513516716,177.63618470885106,0.08590665626853806,2
3.923041977824605,0.2943291994407515,28.876509454470927,1.2668211011887458,88.7304439202854,124.62172828786517,106.40314096379363,0.07346281950537373,0
2.8630753131714717,0.9401449651440748,39.54778393221208,0.8594781995241423,195.5961870124832,100.03592135896403,161.89649358269213,0.06448857932944597,2
1.3796959193032154,1.2783099344026776,88.30431969457527,1.8985278468518658,139.61118379723735,158.34430714388603,149.5256470034638,0.09530435004883675,1
3.5052702847809343,0.1563230875174741,77.16394551989846,1.9722815218644412,51.06297011710736,142.03438458854623,161.0368480426951,0.03073704135571198,1
2.88021562636476,0.9037710406993557,29.713452547785263,1.722046769180023,55.11948561067668,121.1431877803776,97.9453396176509,0.05094006962222383,1
4.001593686336297,0.48899020283204037,16.470947679174643,0.9721757237192159,72.12267962070626,84.76599707282688,98.10450479765485,0.0878250669107136,2
3.701623412330135,1.6353219073342413,74.41063991698056,1.1052312129207575,78.1359736728135,67.71930863195428,243.89886196687462,0.05965851768780194,0
3.08952881797755,1.1874673048446331,45.16322956192984,0.8634585254996321,165.1428684239895,98.61422549801219,246.49251473321067,0.03218006256635,0
2.492070609022989,1.2635282349880768,78.9471999206399,1.8361369505134872,83.41488146254248,80.15516063442962,152.44799184500908,0.028802477515804913,2
0.7525924157708648,1.0978448806819798,50.07652951376894,1.8718374165322371,195.37124300747897,87.49620228282453,214.12922712064235,0.0777592900938071,0
1.3805317876383807,2.392248290692089,41.14021716750487,1.1283059933690707,145.41680858044074,112.18834774368455,191.48454257692308,0.011151000482687986,2
2.153587417293718,0.57610105654783,50.60848673911568,1.4847996048545027,153.87762638802766,63.67315397322537,99.87586528512612,0.09227728696625948,2
3.036566506331305,1.3158274366174922,77.3703087103609,0.7483297696620408,82.67247789278113,152.86473521033557,130.43537174689862,0.011657618930368272,0
2.617168490554994,1.8532425524950733,91.19982578863367,1.1524038505451135,183.90594711426272,60.37412464006744,133.32073946956848,0.06678901421926338,0
1.5121041772016945,1.4142688121796785,14.479047692971799,1.4472486600102465,150.1721859229897,107.33910951893334,181.28165392606806,0.06442731652978066,2
0.1316753531695817,2.3261011700061625,57.17003871042596,1.0781046777770293,179.66084365127958,144.43598733126112,178.59604109345992,0.0620570035949303,0
2.5315721873139885,0.9760224713211463,12.955188617548984,1.0363992885296898,193.47216458468404,107.90289907654348,236.99647792946845,0.05269087457800801,0
1.4995673439549912,1.1860057241442863,52.15685905219228,0.501498488400414,68.84614656643947,90.54308890240942,214.30617337596658,0.086718729941975,2
3.699580673481622,0.26687967227608467,89.67545461872103,1.7064401956656712,64.48808454034184,106.48478281518514,225.66410298250554,0.06933995832614359,1
0.21733669982536913,1.542047822077225,42.54312397782787,1.8340064180321725,170.51117398844536,158.81389784237967,231.50886431387158,0.08036760533494541,2
2.9656562753983757,0.7561193226978599,93.92053789725789,1.9541952943187482,179.91890886412554,178.66043775975407,216.21703433434666,0.020396962538127086,0
4.7132237637797205,0.4427571468131437,66.75476244855486,1.5789070776038232,137.56421313169784,128.36006050052097,136.58981437970832,0.014490877371169816,1
0.9546054088463476,1.384101667616045,94.07398094137058,1.323188468554827,104.90008216257809,151.0821659708181,116.552205126865,0.01256756580368008,0
2.4110825046779176,1.3541601452807812,78.14499628712677,0.9039267797130641,147.89444541128356,42.028416062300415,177.20044746357797,0.02324853869262335,2
0.5479677599039771,0.23588552099891652,19.309164998388606,1.9989492139452476,95.8496108888686,163.25101733344016,197.2266137970642,0.07003071012289742,2
3.1658413700806283,1.7606278610614585,30.803623080640936,1.3846292817981585,85.75785382302023,173.56696638990854,145.71655472373817,0.05446195801670538,2
2.7976052349215057,1.5782418670945897,45.475340912515556,1.5217311084956693,123.22178142908982,120.52370784605986,224.21757049396675,0.07770270305458639,1
2.0960910686428784,0.5130923427289182,25.30961938108684,1.5236092429329764,82.42307414095696,145.5326806884308,243.29632077905717,0.027255730306789676,0
2.654747405221332,1.2001154122774076,54.54204442989945,1.7678776936357723,122.55554124727594,111.78426401441048,176.79727344334984,0.04302667377734155,1
4.49321582649815,1.814791145372472,52.42313401313415,0.5145088082703788,193.4909758195358,80.06852366378256,157.6206505767571,0.08996477936945906,2
1.0618420813242286,1.3471175643261275,96.06332782246432,0.8303704106470577,175.96760534260858,159.3147160776218,223.29080988022804,0.09421430914256801,0
0.21056610735620146,1.018948236649747,49.035509460637996,1.498301000255021,191.24463792500336,123.55713967943186,84.12582298819574,0.09295562394902546,2
4.3221579350255945,0.839729222298312,80.7064123859198,1.8427186052368516,170.94934622710377,121.11363173079698,101.93214469182217,0.08364745397806864,0
2.927873703700742,1.5454649732779315,94.77194903663319,1.5280081728820343,103.2126403919415,132.27850853776891,223.7618020310655,0.07194122907381027,1
4.464226431763028,2.3508163108600892,88.9289947876587,1.12023693724052,171.80678578273387,159.84044321603878,204.4448595601587,0.09223101046247173,1
3.025031594724546,1.6957748591698345,28.780086206043265,1.0423332438053925,188.4373615329821,142.46685760793503,150.7432386947354,0.07427634326493752,1
4.069789340802543,0.233127463908973,54.642690482818985,1.6069220124249806,192.05536817555816,69.55738719020434,231.10481581314886,0.09585426238529444,1
2.2053994804402253,1.1786781850312278,41.29658040663331,1.6118565457057903,152.47967760274958,105.35529621702473,139.7479088997158,0.012230949883319962,0
3.774313663312517,2.2325191222010377,45.98728256234939,1.4105869887585356,81.70499657226698,177.24176647806885,187.75371083737596,0.09294778773051195,0
4.573903187760294,0.2814329432126629,42.47261436211761,0.9372005361460056,55.95937300470363,117.63849992678844,187.8368599554057,0.06001664825254374,1
2.903402522238811,2.4727454947369814,84.37232891575037,1.8877322275858153,72.08003422402336,171.3543494859118,111.33642174442016,0.020061797663841245,1
0.9858472377556597,2.375220014431282,50.69251496102027,1.3278199131779587,194.8320376840918,153.87172808382783,128.42479514788985,0.029342014276356528,0
1.4171083136479712,0.24177247778819588,57.13248990202194,1.6857385343724958,119.31452362891541,133.24328185322622,235.7211768583346,0.08669433555234222,2
1.0733584267972884,2.3368626351014097,98.42026213423672,0.8214623932427474,178.24790222480863,88.91112837236574,111.1805251448809,0.055550525936186444,1
1.3095994352190914,0.9396748461356825,15.39813449723648,1.0160611829220918,119.75662303374367,82.60470865356146,109.50768571409617,0.0984535951145713,0
1.6014357018200784,2.1195374593358633,53.91618758116739,1.8118692745810137,149.12263751897592,130.0789491416623,161.5346305347586,0.020577799855447394,1
2.820155555090624,1.0750391773975154,79.66555362515045,0.5751605449099526,53.62111656835005,100.55857371849751,95.67355260043297,0.04712531175101163,0
2.981158984372781,1.130095026121164,23.60457623694039,1.268472966884993,87.47974140790501,151.8255071943418,232.08645212734348,0.03986869987726841,1
2.18984876148512,1.6038955728949795,65.03784351532966,1.2225582197660136,115.4403920063884,146.46394353562744,97.02535351312008,0.056452189245842964,1
3.115561821122094,1.9474696772261595,31.55183015810201,1.6268452833621232,144.5946570731245,83.698268143392,184.81477106293505,0.06700940369827467,2
0.4997171354956931,0.13278341982320918,88.06637019021107,0.9228406558989986,75.72817820797678,138.38202962864668,137.76291559570407,0.0695466522443489,2
0.5301623615849839,1.503232189041479,39.438969886007136,0.8286002327893992,164.6827196405735,109.23702661360576,216.72639053007575,0.010116629192060024,2
0.9419643557525265,0.5074958355385589,39.61565352108186,1.8891992581598505,104.66070592043559,85.26089411395958,180.26782678048156,0.018006439040341115,2
2.6385797403976894,0.8975763187648473,63.83744906661042,1.3575644779376972,172.61529038508266,97.8153229870496,146.0120439835045,0.013155745029035671,1
1.1485739256217367,0.9025232320802805,26.520661730791783,0.6570343524254818,64.6953635592601,165.34926140971666,247.25840737261782,0.08781392317584497,1
1.4880935771136292,1.1991978335418265,35.639977501275496,0.7895542433214816,151.96348815235578,90.33247689715566,91.25926803914021,0.03819630278436901,2
2.061532897247671,0.8686342090966249,47.49686651074703,1.9982390892713724,93.99924998097653,80.23589826472411,178.22367154921506,0.04303570976887279,2
4.078144007650861,0.313034740204136,41.82740768260993,0.7934134943782887,169.30747611839269,89.2530108994193,248.22661296248762,0.050533412405202344,1
0.16792446597301458,0.40679040938735606,57.23894962050242,1.4157132670305181,110.32556405636159,70.04658106921684,197.46194934621292,0.08643739575282182,0
3.2819562191594502,0.1319230646246893,63.967612966206964,1.1301921184934272,149.80244483953499,116.24889823548601,205.7608373791728,0.011274963486592142,2
3.3774950020993586,1.2021102590554482,61.00007083751481,1.828398642274753,190.14579029547102,60.64110108515451,85.4554945785126,0.020675644694186535,0
4.013413323747519,2.388396852389822,68.87514807927391,1.6327528884429916,53.09399480206466,154.4421301011683,83.6317377264836,0.07166468099268104,1
4.6704894013955345,0.33340429793788556,37.69745649470382,1.3954270943927236,51.66751735015605,71.58123461438765,86.13871903697279,0.09675032704368373,0
0.1986754598515202,2.3683480078575507,21.378360443952523,0.5161084726969738,165.54188782650704,123.7277038555504,248.59306336995945,0.06785077791673069,2
0.8535401570147594,1.8467357110936293,78.47267872879694,1.8196928112401896,146.95895772621174,57.5035698487851,246.51835932594474,0.033501112162077094,2
4.442239340874366,1.6118720671887,86.57023443676138,1.1670012062580744,93.9469580756649,176.98344075000568,136.86651737992452,0.056787798590795566,2
2.3467409547163753,1.6309305005427293,33.13056090001891,1.8973664795278649,124.15950541613935,103.6405642451106,129.4669087651909,0.09774824280232909,2
2.8664941307739715,2.075482738570891,46.63827605422178,1.2433085192813018,56.29034983983031,155.10398770623402,104.81298673803353,0.05752688919110119,2
3.3488332982434224,0.3119536677305624,54.87122952671997,1.5413367337740882,78.86684080418613,147.61069699099772,135.95385085800893,0.04361568667553822,1
3.4274263620286236,1.2866480927355775,57.999415847764276,0.6039389741999632,113.67445617907512,139.91702660039505,142.92548819303596,0.04450829993548484,0
4.66552797625089,1.7578732887388586,69.35411539788866,1.6177274802901787,175.10666243322234,155.83108196864538,207.2080788490357,0.09703301577325577,1
4.985052145317181,1.4877100904302312,13.74429100197892,1.0069940469678844,121.95007742901272,54.064905212358816,227.2699039963549,0.07470248740585353,1
3.6287715585616076,2.090308724007072,74.93293744606153,1.0270385214976714,137.9543756788968,134.98960764607472,206.94497035603598,0.07184555700598426,1
1.5073839251052392,0.22706568707781116,15.577390628146924,0.6779837670640849,181.06306879906705,77.21581293832936,189.90076718624732,0.030884888952167212,0
4.410786771242283,1.7422175467729568,52.145971090558106,0.7202857229603035,96.32283703832678,150.0220329693226,210.20301327509566,0.0603536173987217,0
0.3411824812497319,1.3583679394425585,84.49040220122747,0.7786385843093152,155.10489816530838,173.96162637870444,205.5445714558069,0.04210706786700822,1
1.2322961790850315,0.9789441167508615,50.60937819505566,0.9923092528571336,179.250088801738,166.2085341779774,160.8774479341671,0.031618137326855485,0
4.497190015572203,0.8836737064733757,23.418077389142297,1.8379548691634082,80.39235510442651,56.093311146313255,137.09473841843084,0.09059970574126941,1
1.3553384207528394,1.5710399502967727,98.65304605053637,1.0523903573451208,103.47172477217487,91.73733889419495,128.07272186919192,0.04448402278863522,1
1.1811901921465677,2.232938667878449,90.0356915866837,1.5865440598448277,196.97152608340326,91.00518600766397,195.49042811717288,0.03545084462242581,2
0.7768139363872115,1.2656310189477324,79.41822699025126,0.624121255834807,197.48278471943166,57.12147729033428,243.08170115568828,0.09385483569475313,0
4.309647612469891,2.0705717519884543,47.03604426092894,1.3866481989079888,83.48448954409068,53.73764746855584,178.77930221905712,0.02776117568105129,2
2.550285470036325,1.0352831355177206,26.546115420036802,1.2228368469056594,59.96687583389422,93.88461889568543,235.12950542028523,0.07709543062448705,1
3.406976694965359,0.30086643384328254,94.72700632766511,1.9669369204317568,90.63824169650793,178.89001706951157,82.41899306540108,0.06874724300178366,1
1.2714252819676455,0.20068905432366446,57.91160138654251,1.7693116548184444,109.65979359555308,119.65197114927852,215.06000994512098,0.0928435985535057,1
3.814398062954961,0.17576920974301008,86.71199143487365,1.1822446586579747,116.15084013967456,127.04942800459587,225.11245185321354,0.08488424238105505,2
3.8240271703142827,0.9813678477962915,40.788550518348316,1.6627141460680082,142.82094609956354,105.94264740261553,187.2689524504283,0.07347656961456774,2
1.631730322050671,0.8762324895478132,40.17594853715235,0.7895581119406663,184.92541401973196,132.7262773225632,238.79036989149404,0.03831144946273861,1
2.112344901750386,1.8089457078752955,98.69864326066352,1.3435044910876672,99.55220178607436,173.93269130426773,180.28520878982093,0.054601211014349435,2
1.1274823594079844,1.8699126788829215,56.96497436453648,0.6119285833530623,177.4976803248813,122.41771350601485,120.89127342954738,0.09500461852124618,1
4.885149014282231,0.17459222364266258,22.66258814746717,1.0221335483775247,64.02183813899404,49.10538436096706,116.67192900619303,0.012088236752334417,1
3.2634526275862172,0.5917519940780868,29.770721019523666,0.8387932724332554,56.28120484598221,109.0046796835478,174.4921653377616,0.0814898641438035,2
4.679265015506026,0.7219415328893044,53.37498514534487,1.5783647229878164,125.60677746851918,178.98517825527318,234.10226818435586,0.03266293154084914,0
1.5865891637827527,1.3916493611498832,13.822381943957021,1.235136036821542,58.949333499590736,94.23638088319686,92.30255077836308,0.026651524896441257,1
3.93126547368476,0.40406229857202813,51.62805868404704,1.6266057182720157,108.87347018513452,123.1433732100261,182.74638707585487,0.030900215298008765,1
3.852707355035236,0.3781559875300009,47.704675787211485,1.2729431564471683,184.51671753038516,54.92914688003438,210.86659040694417,0.015377589234716244,2
3.489112694146054,2.3622827785594973,80.14026387875383,0.6297266632274579,86.222455431121,59.76526982311937,99.61835183600675,0.09927818418575511,2
4.831630978807322,2.0202971228795636,41.94477680403176,1.6030514745987903,155.89636626873548,162.45540344155475,99.8508474210422,0.08828822289026306,2
2.0284211469209463,0.49260451012336726,98.42938853856394,1.7498438959817084,95.35480885851004,82.0482479552256,142.24175943382997,0.05689503717690047,1
0.7405148855898108,1.046091129368453,26.269292737081283,1.8552968388691888,56.73800828632034,82.76317826964302,126.55979950345187,0.07435928607013828,0
3.391373410295898,0.9212738981810357,63.18880164713214,1.3579879179600622,133.5035872115464,94.20981944032594,113.71340701192726,0.060093582663115694,0
3.6736180223383106,1.987959981460248,18.072936730742917,1.6303780384992426,175.22802358051274,175.30701420663314,113.77800951392868,0.08304210500057492,0
2.917796809948192,1.300021645371399,76.04775855945839,1.6280665053239405,111.42026725139291,51.8146694451627,102.21373551222209,0.08602886724013102,1
1.1134076763536418,0.36323185563399424,99.52783192557743,0.7336246396984165,142.59407396871308,154.6269743571869,183.84518222393191,0.03095113853378812,2
2.5718341141798415,1.8605305547327977,83.7224773976469,0.7463310311893561,185.0035396486589,87.8181027052381,196.9813526092948,0.05137729935852212,0
1.6297297091887344,1.0223755466510516,60.01331866482711,0.6063282587136891,168.45417691054817,158.92552363796648,199.49915856943755,0.0671362960770614,0
2.194585988016777,0.6941644066987603,53.62672216597228,0.9798704527104523,79.0814599089229,178.84579093063593,170.50017594356302,0.09805967475474475,0
3.2615710216388534,0.9699716239507645,85.15269651401623,1.2102628816115968,160.00759390475088,88.8134374296447,241.99406584314633,0.07144204411865483,1
3.7515522391850897,1.2695035808368962,94.23766762396518,1.9968467791313254,125.2839537740228,58.10989126972973,229.69057219031117,0.09078715096697416,2
1.2379009854165814,0.8906330152216733,99.02858732182837,1.1464900131022544,161.89502118291273,60.21256971760995,242.7972942532676,0.0861500845888379,2
2.0860942671700715,0.6426691428498068,45.68853048080357,1.5893638827610563,124.17733257833272,146.22372473288604,146.09523128162027,0.062385675731070775,2
1.4188916978589832,1.026329970569752,99.18257273150611,1.540095539408802,69.19372461624543,60.28901732733911,229.2231371923542,0.09042898240557001,2
1.0732949079231588,0.0969736313372507,24.033362695644833,0.8067229253758694,135.48641700338587,76.45901959484912,209.68869889917025,0.04396795550427111,0
3.9385973779796086,1.9426197229359692,32.819479833871824,0.5877607271741546,123.82009885960099,68.61576811269117,137.79539351578222,0.04413551774034803,2
4.555338202741263,0.46881498924058523,18.01145122605066,1.3190101273003811,127.68826004621627,89.79499896433755,98.12085394571729,0.0802869078918402,0
1.914137709854426,0.15756630339506128,34.45646648360335,1.5504583884717142,181.83536804688055,50.411320520956245,196.04561248245733,0.02210892990715099,1
3.781266729431458,1.6515617976174441,79.114379645621,1.997377685279384,184.2255570059377,159.94394753701613,103.19689510071966,0.03752426957125771,1
4.495276917885614,1.9461435156179971,86.76319223606048,1.037916578421756,118.03056601485775,160.4204836521391,129.94188719018905,0.06477152057860082,1
4.2460086315981345,2.043881372402466,80.10033805923146,1.8445468431216452,118.35980619201325,97.81060578757658,165.06197799544384,0.04780590389802538,2
0.9957856038422069,1.25909749751847,66.79592003509266,1.0728986838037797,127.2780438308924,125.69225966328653,195.58003097524042,0.09466513388994056,2
4.7858302194154705,0.5531520524904641,56.256986127038104,1.5341175626457693,127.93839175013854,129.87321992660264,237.45870172354185,0.0962655462657223,0
1.9457145581043662,1.8562078092620757,73.78338602922818,1.397379395775578,192.5580716268669,144.89613614843003,180.85080762432943,0.05523231779324103,2
1.7622792397517983,1.7642970390281263,45.175019434049965,0.5794681899538954,147.410070106624,112.89661225616716,194.14022694425614,0.058515570132911324,1
0.40591350366112366,0.6533632985527745,85.71775163497317,0.6175826404553877,91.6185492331916,111.44704636183604,132.70235452566627,0.0752164382641394,2
2.482250905113927,2.2633490018638427,70.94710845791069,0.5311461345866915,129.7305195430985,128.38252882594952,196.8397447928516,0.051153843271075625,0
0.6341667166405507,0.30571007230293107,72.80242286449678,1.0562511268909842,144.08353743619745,138.42677539378286,154.42432052411266,0.027108862114642918,1
1.3178451225443875,2.457586186998748,58.23423938161641,1.618701573149016,145.96575815209468,88.53665278409525,225.67830109024155,0.07722722517606377,1
1.653018846659679,2.1576071368947884,89.67060857900553,0.7591330909860841,137.7881339357274,86.2518662576341,146.71658736325065,0.07640073004176985,0
4.063248985109252,1.7353516814237344,32.68132603111472,1.4087794525758437,76.6604231932306,77.76057657342729,159.60624368161467,0.03204829930526015,1
4.3898943869398925,2.3499372262855904,44.30328880249456,0.9332416700466168,55.03897836192612,116.83851774378479,153.53991867474383,0.08496248678029068,0
1.5820849555612015,1.8196623623930843,79.98783127099202,1.695488935968608,100.67645785502816,90.42179653780813,217.89088183225547,0.06522842767781448,0
4.307620794098412,0.5166196427236126,54.34740065164039,1.6975942235044865,114.12832318403804,115.64385747906846,242.1288634920239,0.031267144928382895,2
4.300431593111976,1.133282538376389,90.02926120817718,1.6631217724496352,59.27063593641299,96.83786721576902,135.63697116715656,0.06868352297518339,1
3.8467896568858806,0.22518240961250663,41.17593877865671,1.2872502707020652,172.2451007029769,157.14278555737252,160.75474312955305,0.031024857366150474,2
0.8188060586743896,1.0046606846058828,43.23971519376803,0.9268500651197775,101.61161562654107,50.238233564364506,200.00746533785008,0.033870965867201605,2
3.4825819498135724,1.8669273983561614,89.98622104479628,1.7141660658179518,187.0449119267757,120.10948310465444,232.21487574590427,0.08632083761228405,0
4.730617916444787,0.9967862097805027,51.79332881638369,0.7791508429088623,73.16151617633977,120.58732508220768,163.9291184638235,0.09365424123158371,0
3.44444834595907,0.8592207298969287,56.45121257822381,0.9346394030429841,58.54024354059702,93.72042347541799,98.51189639854364,0.033119439252239,2
1.7249225606283867,1.5086215201502642,39.94873438021115,0.7759215592409324,122.34741565794826,98.94292523884005,142.67413519522466,0.09352459333766673,0
2.5528386554110734,2.1869010960472925,34.90029479611737,1.5113152405814716,78.369400523856,152.01839052360998,173.56152052481923,0.031491896185211816,1
3.2640527124201633,0.16657882173797545,69.03538397545529,1.529354042173727,190.60989133667917,79.29431943644687,150.97918301422555,0.02055406289883271,1
2.6017950027696677,0.9944025650143519,20.785659538708348,1.4787649891801296,51.545509768060846,161.99653079966282,111.71447355397191,0.015240149026413507,2
0.6877694144817521,0.43768981744739366,89.13453770646183,1.1234022002970017,111.89295125885525,165.48806257885707,86.28821420834697,0.031790191674937,1
1.6291138187949012,1.7536179142930808,80.12828230885971,0.6502565108021499,189.01216570177525,131.08670261630743,196.85947323358215,0.044672188660951184,2
4.0317405497128,0.30902517305628047,27.16734373352225,1.8667543767725316,107.66273100946526,148.20007991913377,248.76532243211423,0.09347935420983743,1
4.3209484258680355,1.6787790085215992,72.46179512421088,1.2615964460183573,63.966392090069114,125.81265396962837,236.2651277624249,0.031794219973542585,0
0.7727701603062942,0.751143133454873,64.23696291570714,1.1104582923666373,95.43424142926807,113.53627592452283,196.1560548463383,0.04289188104558041,1
4.76669508675375,0.5373461936562005,26.60815456629797,1.3832373398724398,124.70155907516502,175.33488559503215,223.06006744779296,0.07607402872692148,0
1.711230827458186,2.3440637666712143,34.588315544520924,0.7891856537286588,77.77275310149997,79.57169499184499,123.47369513942283,0.03718666791885534,2
3.345337319780528,0.09538521302759188,46.8087853360451,0.6988231686573116,119.98425577148929,61.5811325300357,185.8138541333359,0.07159313365116225,1
3.783943215187738,1.122554316129444,72.93184617209265,1.1082878321869154,175.4514793678756,80.24795083995214,90.30271661782413,0.04888700373236522,0
4.078536549725629,0.10298613153139477,67.48510679353053,0.8408310411498658,180.89269552949196,126.04758517312231,200.2212676431178,0.027680045739325504,0
4.734173540907058,1.2348029678556063,57.90113629090281,0.8664354418057468,57.389110206609814,65.92568133416012,244.87829763412566,0.07606530108722225,2
1.633305785341231,1.2775660755963247,79.15694888026309,1.838767231667794,74.13550370788602,167.23396605168398,226.33554222703603,0.01243349500210157,2
4.306681627302617,0.8380730549171302,78.21439656455493,1.2961387657787373,91.29352036502063,97.54341609315497,170.85494871117834,0.03631013425656811,1
0.7452658268374145,0.37379635493630803,65.60732386560304,1.2252035964850267,139.2298776331403,158.9948029608581,214.08583728317203,0.042056338525154086,1
3.5547004411326046,0.9721494674494646,80.82910750463427,1.534219390592896,104.14921381887007,74.89311623403434,240.462797691188,0.05123964294888725,1
3.7356908746185313,1.697044202834787,40.08370373012883,1.9273221705151093,176.6061370169113,83.84356971158465,116.72298824966661,0.07118823087785255,0
3.4208438818864706,1.966869731178925,89.3124575490345,0.6682978467058461,157.50078024244064,48.29127560414952,214.85394720615426,0.05134644947674333,2
1.3363422070622497,1.3503389758509488,65.34190772217467,1.7503018506638859,65.06840346702623,76.08747690598035,125.87398285470508,0.06348917010575947,1
4.377911420374496,1.4950942663774014,84.01271624311875,1.3760287698017688,143.68362537681367,108.64393465486219,229.0810617297433,0.06362011705760356,1
0.9274064705149355,0.5415101092553991,59.165119431125554,0.7192480307177559,66.95189380204677,172.45916848125393,96.72026596732474,0.043594448490640696,0
0.36281047845207115,0.7539593164077413,29.659442048981234,0.9457239780334874,88.25535044546902,94.44641634480975,110.29713120787305,0.09405741391792287,1
3.6155784539983697,0.4466442446282781,58.816911581047776,1.2235421246971092,76.68059503013421,129.56414312766842,202.50479879020628,0.09602684477887985,0
2.4298310046403953,0.6607736075112979,43.40004973989293,1.5367657168661344,75.95929238010574,99.87941644563031,109.71217565675232,0.06236657956850193,0
4.260580297797513,0.6009726115525529,72.7749132433385,0.8639105254301783,142.4593287165289,46.55085910751177,106.86923132351754,0.016452179226588873,2
1.978645991185469,1.3226495266585323,52.82144125612622,1.3023182232013848,134.54073838312422,110.49456762553838,174.42936915780825,0.054201480783034224,0
0.9245650836877929,1.4285874516872872,85.2501524434919,1.5270074411237926,76.40422291815904,49.22791053854892,221.94783041054202,0.026597739411460652,2
4.198566743102361,2.365121181012686,71.0265261089725,1.1731111262712592,198.52592081276475,163.71798944365503,125.63946229668694,0.05348930696856134,0
2.7896571950363516,0.5291480853987315,71.60899897281917,1.7945389416802637,113.27550985524407,145.42517467312797,222.99349105993247,0.026963483904868767,2
1.027059382712739,1.6221054898956653,29.543980014195846,1.8041886542606065,64.5603992232405,93.01120597533126,217.3520774128157,0.07334697210839959,0
3.6298815930735846,2.052285209019431,98.58247898421614,1.2060368264606687,68.08535254326728,129.63061326678059,178.44791816308702,0.017238620805970828,1
2.6044568285985528,1.4225915862684788,85.75076883443398,1.9593885656133494,137.5840570589892,55.6839417438665,189.91566812683593,0.09579736687563317,2
3.0611336129775673,0.6747589486276355,81.01043961046251,0.613377638608171,196.86041050752092,138.35769817477112,86.8750017240244,0.027583830049001744,2
2.3584018572122516,0.6932480635490006,39.71937026440247,0.5050435674844049,135.79266524287968,155.18253725880572,142.41304491163126,0.0694590702444321,0
4.160674020708231,0.1461699800239498,58.20684875625087,1.0710023957058785,192.35622149249556,155.04439079535283,124.77713829011994,0.09252661156565405,1
4.164857306846944,0.7983383550437803,22.339286926689578,1.401645592058764,116.61992761370402,79.79885667669181,105.50065632367031,0.03230976825856562,1
3.576005226939493,1.8742790135582814,58.46283789964354,1.4438002361744913,115.3761655478018,76.92446733875573,146.24208595668688,0.0940867209133417,2
0.6164667492426651,0.16641850515742043,23.130032183495857,1.2146686044407429,125.00110389738234,112.99567630637499,140.3337133790636,0.044980719909424545,1
4.210383923329937,0.5872734421368352,59.77340595906411,0.6873249698609692,154.61381872333328,175.48810267017876,203.91158528205358,0.09644777355273311,1
3.3879636046112585,1.780269621402866,68.3849692139415,0.7557462826818413,105.1423949676999,168.87321686485194,181.67637788104807,0.0974227472321073,0
3.515418413421068,1.9674963289160479,45.11763705249121,1.7782219757780138,179.58290490184356,90.34938744583745,235.22701169634328,0.026927191456231583,1
1.8786159179789712,1.1655301046517248,54.869039049816394,1.801866697608892,54.392207715221936,149.1761308656262,104.71928911949261,0.0847978603237949,1
4.408469825169333,1.7602821292726898,88.80880489071274,1.5108478067910802,115.96462925426636,168.98448697280404,90.15726290499941,0.02740789115501953,1
3.654320841150802,1.0004828132044854,19.770683023252843,1.4963269584183236,126.64877749698768,76.5297052004647,170.88332387349186,0.030379655829797347,1
0.6516932859930529,0.44178745030911243,81.25596036996876,1.3965231920417112,141.0548357394644,156.24139094441156,80.17461356383346,0.017571385362105847,0
2.098112368590197,1.025466259131121,25.36790958965768,0.8043888285529823,91.41078685487949,77.50538776728472,213.91222033294414,0.024088325184836015,0
4.443263773604694,1.4709211594977,13.303718452416556,1.1423760503898548,114.1219956478753,88.05949762420948,166.0153910764516,0.06689970714223971,1
0.3312638383171571,2.3727305405395813,26.7017142470543,1.543841977195068,122.6806625321085,67.83489671910559,162.9711479298419,0.05043274570466079,0
4.8109414362460425,0.21843983261725947,78.85388709734407,1.305878408005008,153.036496802482,110.99117187017988,141.62431638310966,0.08118498134519517,2
3.427896584765858,1.2931155299201536,46.4613466003174,0.5278705010826488,166.0316277103721,158.06352519657378,143.74555214528965,0.039879713334395994,0
3.193742290452546,0.8558534566162749,88.52684651615637,1.9303352100801474,160.67409910156806,113.92729924097172,153.2927253026115,0.0971762110570953,0
1.425740356791158,1.2953636509779018,57.22367870640392,1.7672240788582152,101.2374578434378,57.28160135703365,82.72549855242514,0.014488528673743718,0
1.3190797648219679,0.10873984607250262,12.002531673369786,0.8908175211646068,199.91757844879453,75.2486305118038,94.2027838267548,0.015664235896219736,2
4.716085275494118,0.8169121190188744,74.50422486417341,1.4246884027494442,177.29979676807693,118.80066141938745,165.8581634019103,0.07312374089363224,2
1.5615350257472016,2.058676961441162,19.920961784910943,1.8848590755922816,89.00350597174534,121.64624377987842,105.5207850873667,0.08987849964755738,2
3.8999759539230974,1.407157247943862,81.0441670115732,0.6440165181704771,79.26587085092413,120.76682649628178,212.3896434189897,0.08159501724707345,0
2.026296811214688,1.1539271073994877,25.1292294824662,1.2545442211950508,97.10318758750857,50.780488950870236,126.66247958076937,0.05408353790802224,2
0.7823449468450495,0.749536425702582,41.090174722496215,1.1843645387694417,117.85172794994673,145.5174249688656,96.64293834938509,0.034267722517451804,2
0.15250495870725886,0.780204180838822,78.51442866628243,1.1153075079252985,177.61990674794208,167.31994785846092,119.98568740358647,0.011210637637424345,0
2.766860951374729,0.9885985122969321,95.88082217287794,1.7533829133393874,166.75433956918016,111.472652682186,140.70669912648398,0.05585063085277982,1
4.88131621088977,2.097148239413173,43.42905555820591,1.070969220046186,177.68691852588142,140.6361001480608,86.00382346113021,0.052807257757834895,0
1.908767349665102,2.4196723566802576,84.64601981790422,0.5954949998615113,90.79356723654928,167.96216888511717,104.08483914567593,0.040982130952321595,0
1.85024243656592,1.1247056843084178,27.171303892825485,0.5987566132464537,139.01918336777544,129.96718569272224,135.05394826117833,0.062026550917523654,0
1.7860489274622664,1.0137144549320165,82.6461793182242,0.5641169097869134,92.48735934160617,134.40560142034715,132.7816805476599,0.07559332276431459,1
2.6506648027938065,2.124049400758664,69.17446533306259,1.113718132811056,66.35347410792397,140.99661787375362,216.06573841517266,0.07307994126054182,0
2.259257928779039,1.095918035558944,27.34691564911316,1.5776094165475398,152.62966152120208,76.47034320356912,223.353430803151,0.033692755760579396,0
4.411581670962371,1.4024445221243456,37.22535643162704,0.8055836928957731,71.44963267931581,121.57490246035584,112.8811618544035,0.06267733197531339,1
2.5770518794451025,0.6158070782669239,21.85937997373324,1.4697027806473242,150.15466425597072,157.90451603622387,101.06978026518405,0.02338970307255986,0
2.5880134071239875,1.8715812126587343,44.4670309957882,1.5306327081555562,147.19464573581138,81.46278223650509,187.8076223346411,0.020944165949951916,0
0.7780208141307273,1.3533713797634157,28.328377701094965,0.8828031860233969,171.53726666360257,165.60386994356043,216.78600446822335,0.08072702526332062,0
4.915423750460891,2.032134648088837,67.95981582674261,1.400836484090944,70.93319068453465,126.85347296718848,243.83292652810235,0.07243713118859824,1
1.3248671652572657,1.962795188570241,99.50545937985028,1.527302510040271,167.52202227632165,99.24447920062786,81.15536840690743,0.07911360105684659,0
0.45948393055205305,0.5767616822615701,11.080824677583772,1.1999204342031886,199.89147889193555,127.24561459604101,150.32527928255678,0.02372160467837988,1
3.3494166199785234,1.803307098866518,58.68278319585688,1.0050748959201425,177.65636728788533,96.2603867964707,204.77793179604555,0.0923156730433414,1
3.0172952137686764,2.01013329948086,61.629993779410874,1.428727327361491,162.77181144914994,157.32498425874445,220.85508080864025,0.02198004519001229,2
2.1342137045644543,0.897962739916868,92.27879107127306,1.9667706309920854,149.32480320420615,107.5246012094636,90.58861127612663,0.0883033271377956,0
2.1687419460153228,0.4728923266105726,55.54048012902438,1.140262114053467,113.26722270281442,166.16987036560715,195.70446830890165,0.041714136217533816,0
3.946813213127513,0.056448781169991046,58.933127768042574,1.0876026444276816,159.57502518374034,111.37313131869571,129.1195819578249,0.01948906837307254,2
1.0589919364882805,1.154713950078213,52.448752119554975,1.19640035363917,158.62670527106798,132.4515745492342,92.68148308663132,0.035809206450897337,2
4.119241262829959,0.913460192270162,34.20138741053333,0.6143275901675723,144.72474240309322,179.68421894095908,163.14743889829344,0.026330321279249475,0
3.278860858085589,1.409529092872252,15.042621992402232,1.329744919507085,169.44175674467425,60.57521774119576,106.88606834470482,0.05416027468225428,0
2.1529518915196695,0.5107006768425252,46.77919139888525,0.9930460808258954,117.3145832640252,143.1420808226768,205.29127807048638,0.09547708132357918,2
2.3443402212609565,2.156180591782864,14.733232411661067,0.6821331834968938,68.1879068198586,59.4421119082307,206.0145059489071,0.03950840454242667,0
1.3575713152118696,0.6815002782888687,59.5443222519326,1.19938511167606,133.86015914138562,157.44129120701547,223.1515200478766,0.06508890871139024,0
3.785360230215177,0.6047525324647425,37.65642789180638,0.5050759798609661,89.7565293067014,123.50347336268163,144.18667647511788,0.09025487881659673,0
2.6130862372958124,1.2277494383866723,58.024216137288505,1.1026778677441385,107.66496461437254,171.3423384849043,82.26266552920941,0.06670665367266089,2
1.6721872594742337,1.272185008173472,22.0867267955668,0.6586029018896757,52.612235591183904,161.23392427228157,124.15510952366155,0.0425979226782788,2
3.0206455672286565,0.5769588105234775,93.93669691654237,0.5364390550996705,107.4185881876825,50.482085245635275,159.52798891929706,0.09917552144582913,1
4.979098815051483,0.7160587804784937,90.50691191949414,1.7367125693667531,171.32016592031817,59.22235583504053,197.98191750072857,0.02686722412964803,1
2.232785170317114,0.4657778359303501,27.099685828205605,1.8743732049239523,131.40835504073823,124.16393000495553,144.94689956674603,0.05709304134059573,0
4.611387863815236,1.8102274368917588,40.90998549646089,0.8115119725386599,51.470079040095655,112.56404959189048,171.12822733141348,0.08170349488631176,0
1.790582515630374,1.9367181265725009,65.21434946667816,1.308947395751392,120.4765730359771,63.59911828588224,169.12480986747187,0.010058398261950189,1
0.3681902639324308,1.1827048187752425,18.611758657531563,0.9169372356964773,93.71774714681112,58.11029195803097,108.04699939091381,0.07318389269281933,1
1.1007863212053017,1.799513205578293,41.91110390045357,1.2403661580082732,121.63259830957567,118.95870968182584,185.91841501360216,0.03398490070353448,1
2.151606202305653,1.8530417102467416,32.60010581371055,1.1549469813412403,110.70390821718155,46.849016716499925,154.67279379491762,0.025275405042268946,0
1.1762111501133883,0.3887750428106311,92.3965055845027,0.9035765826207285,189.79688293360724,162.32294241348148,217.34617928092382,0.034677501703146235,0
0.10111248726945214,2.417136160844615,86.72595726602847,1.5505903694529466,56.17659484445237,152.99160877236687,197.40390538191298,0.09701347832558058,1
4.583507534962884,2.061528270386256,62.18494671401774,0.6897364389803813,152.53820169228982,149.9517960395525,98.94976165358429,0.0902741733315717,2
4.235009115031552,0.5509844799297676,56.83117031844168,0.5796091732570507,177.65398944526123,42.23960058570375,163.08892970621665,0.029237901081733228,1
3.7372319342860414,0.5061043375778721,93.76532150908575,1.6515131495559188,193.88578769757132,46.66973207778331,199.42404094401186,0.02053240958066001,2
0.9222915186655404,0.35786980666997775,93.91850046809338,1.4988950468310198,76.64543398164439,116.97747696110201,94.79199338724824,0.04277373440630209,2
0.6897815234289317,0.38902747822770006,97.23971128164943,1.247789186219597,129.6957202949291,179.2195964451849,214.72449553462735,0.06331028320900661,0
0.43126327241467743,1.8829964076203058,21.284099569736888,1.2016846557088123,56.538436597581786,87.92426813598925,117.74076748954789,0.08804301657230086,2
3.647743024987314,1.2006529295314778,24.450202968685318,1.2461170692371393,124.87752866826328,88.21247429674816,165.52441523052724,0.096948111253607,2
4.651159007370638,1.968188723212675,70.90630288118979,1.1555361141480094,68.81871343114729,58.79891536067767,239.89541887034815,0.0776038031355789,1
2.2096255224738814,1.8783244911580035,58.72910289488604,1.0893384437467688,175.68450120480702,134.4070125235302,177.12681991978826,0.06391064914314902,1
0.683789292780636,1.5313011480877932,11.661931440391237,1.2495359043291805,67.08050039080473,130.5347364591608,152.08925678967105,0.022809882351791523,2
2.6107248215873224,1.731598186117765,15.577753239056744,1.2927727567396405,126.9932540579743,54.18513829308227,81.15513765785425,0.016662553873597996,1
1.8092763465472879,0.09497152472889739,89.92723440329246,1.5378534711254312,128.16441034891307,105.43772018956916,102.68031587159328,0.0636424190676281,1
1.936642129314989,0.8138552346723039,88.19837159854477,1.566810741101034,195.74757468974082,133.39048723507642,178.3728604666579,0.058515769519023444,1
3.144520058362966,1.612664339185555,42.15438297964406,1.066443620210217,148.24710410583322,109.09225908506978,163.9502569111355,0.0861479296960692,1
3.621718754984792,0.0728951360412983,90.19455552374812,1.120310784115233,93.17604396152029,134.41090146106578,141.85095985996134,0.03903452657695935,2
0.6419576344784882,0.13079351202235384,63.43075669581116,1.0605457546043344,86.11989649072078,154.27785564040857,236.94670051699995,0.013572177161482915,2
0.2743921309517343,2.137125557052439,82.53150823170117,1.3048036604385655,69.23723084675973,136.01416063704747,136.52203136240993,0.048133744218193,2
4.9722184831600025,1.725860911145576,48.46879640441929,1.180030306871293,163.47720860735893,126.25599301627334,171.31562859549814,0.09722640735439654,2
1.240368909686204,0.7001558461448428,20.205849461041787,1.8343946947042904,153.6134984273508,159.50263597222903,176.6812796191021,0.08160174144428708,2
0.36376957205144955,1.7355089582908372,49.035435638141465,1.544541900374709,141.48156909621588,166.08239950177034,169.66962631086685,0.013039495627804583,0
1.030389112570008,1.9915188393911951,51.15698181972081,1.8479845756316684,56.12606644249825,94.4441012046126,161.18951656181687,0.08872110135083579,1
0.29089344710747467,0.8016459936197482,59.58497744565427,1.5637054873391383,164.4243299591442,64.25498428134404,137.30083512202438,0.052452054065918574,0
2.0198733836241414,0.13829157487300925,19.50244416139852,1.9564882227857212,146.28313657227187,154.50045656112707,234.4898176167353,0.04282912286361603,2
4.031768743811489,2.3353088554849495,99.22616767446503,1.4536051673829036,194.58333021657324,69.92543502192764,156.63655449905463,0.041206558672251245,1
1.7720978038128312,0.8956906038242948,31.972313872621573,1.945325207244582,138.08031948152183,170.053093764872,169.83630744883286,0.0635629827734978,2
2.276498693703996,0.31088032004753063,27.869716318338362,0.7372548356141391,95.59278599925622,43.202912331066486,191.6012572511412,0.05775394765966863,0
3.4103751904804502,1.2550493349132112,57.412262697034286,0.5787165212441058,107.22808282839804,168.9779655667025,91.5015272133609,0.06909645197514368,2
2.5935809433424133,1.932746099377128,58.348736145539974,1.3686877778057889,76.37610580673487,122.48561896568879,212.81898404875167,0.061627731853604206,1
4.321083861504489,0.59303592081302,49.58386640499199,1.9752398086996623,158.43712733020777,148.4638963118034,167.12624271462604,0.02295501173575467,2
4.343574807724207,0.7102506228267403,79.4702931692729,1.1264078709535952,156.1582490032588,95.78896218901663,191.72007909364436,0.03315124078824864,2
0.14856240790665287,0.6446517176565288,56.49889606557424,0.8180650432894394,80.09750232165143,178.84028086724322,211.24205112032755,0.08569266148916507,1
3.9124269017676765,2.4795989794376116,64.87259096304857,1.282312173790271,73.77339847734179,71.85719985928066,228.59689642991648,0.0696932663226067,0
2.3575946411842024,0.5336391476398292,75.1371746867007,1.473197936868333,61.55073998032919,77.00811276934446,146.67747088199826,0.05035605628732671,0
4.945318652387949,1.460024531567004,12.252259140747995,0.9727680432738335,186.7963615522638,47.20054216524621,217.94308175598337,0.02643412886504788,1
2.4678371717896326,2.3168983720595624,61.357976429054034,1.5721540377488892,84.96047505422767,171.66627082860134,124.00227224620329,0.010692193237958073,1
4.935790132402658,0.40989659375055915,89.57750241055324,1.9626717605685886,101.6245290127706,103.84410250381465,192.25706066275228,0.03806986628697563,0
3.7973898699081094,2.4285927847758657,11.564986863289052,1.8454446825659252,92.0756762566236,134.47933806070887,97.4602411155387,0.014936226123400188,1
1.3181639346052012,2.37131922426928,46.4663893420865,0.9373780602682928,112.04369039161865,136.2417018447977,83.40517946209279,0.053405571977870964,0
2.7381353985060928,2.217201368292743,93.36047051852469,0.9900855247168975,157.1073199073725,162.43029291957487,96.27973143914875,0.08396213074823877,2
4.961464633445056,0.5756634772585056,41.783896205428405,1.057311836674383,180.58934505894265,133.0895350904973,134.2950227156209,0.03568587952440676,0
4.3018999779844265,1.6034348872269093,51.285594178021675,1.0918291675904679,77.38981242928102,118.6829655225862,85.28608435019292,0.08629787453995447,1
0.5770977795769834,1.9141841087550386,98.33872537398815,0.6504792487899191,152.96185156117477,139.4445933867461,187.18351627183463,0.07341079564779304,2
3.561222784368981,2.465768424081253,27.939147305551643,1.642944258333934,102.88432133637278,145.13591186043772,133.812571524985,0.021273609641937884,1
1.7933399707669841,0.49203836409935753,15.872967021250535,1.0480088954160507,197.07907524459392,66.02991247478748,205.18393151143067,0.0680105702142625,0
0.13421308321370579,1.9267634538222764,87.3480331775174,1.8197299650581784,94.83787389261153,55.35338545674542,87.80557316583295,0.02365118265749889,2
2.077056748232298,0.8800628663214268,88.16188070911316,1.8904109346801632,51.078943401179,50.47883906797884,116.83926631307469,0.06893118282474268,0
1.2502966664523596,0.4802848406416057,52.487005121201186,0.5366469639615321,127.34599610297678,92.36748923315514,149.36058230604874,0.02284430362552955,2
4.112459425550311,1.0823735059739448,56.278645702955764,1.9827546048923095,72.60966264139066,109.72003357728433,145.05076558998786,0.04532602294140095,1
1.752919983344251,1.9948979847641104,85.22257326560525,1.565034097250277,56.67416402275987,126.19098576058052,102.26977438217789,0.06099348432143743,0
4.154866100373703,1.1888820190749279,76.47035483042156,1.2805883389894435,154.74038479215628,174.1248327565454,249.0032583088817,0.014533675428154758,2
0.10292990029049702,1.366931595497469,33.86341019953096,1.0842914125588299,159.83889237626846,86.31029482898087,128.3547287417521,0.023797751036907466,2
1.608313835127984,2.488140554990297,11.520401956436661,1.2777771989145694,119.10485196747538,146.5223672908184,202.57545439074872,0.038836794254702184,2
1.2817095501080338,1.027817783915694,53.17301462801912,0.9869370859676667,151.5328275134866,114.3900667432839,117.4045385259921,0.05160880771946753,0
1.244480069236194,1.5577318490376377,87.30210934860773,1.4340317205448223,130.73591723707008,70.81259049216835,229.23470582343427,0.0872638564529291,1
0.4341144368507672,0.9448482939576611,90.62512090211459,0.6394704146671868,144.47016615828974,126.14276007802627,145.9189127254477,0.026854577951858395,1
1.0169089250114585,1.0123248335053272,96.06035773685385,1.4316839043677154,139.50559597819418,175.4046649605585,233.15342312814778,0.04127238554522731,2
2.8221928924395376,1.7543198459412501,89.16069138515032,0.9130172752076662,149.87341460833886,57.40316189517814,138.1119363377751,0.05281986126521626,1
1.5276692569049481,2.3478230914324647,62.20391997682885,0.5264522435785195,79.94459730097569,111.01916703689206,81.46944965447528,0.03662007003904319,0
2.145234433412825,1.3787794287061876,50.01450393124908,1.3290586492443164,90.30599300550503,47.22516958107395,167.89347328333844,0.06631730008487838,1
1.946647713701224,1.9325798259245108,79.73648618806891,1.3676716337790444,115.9944724261538,84.97028184549072,169.2139491456864,0.033094219129837316,1
4.391934132499483,0.2685560691015614,76.58394709290368,1.1398535070673042,116.91920141287795,126.88437486315877,100.37181107406805,0.0795115379001919,0
4.535965095151526,0.5673371917082212,58.432908707330895,0.6084293488254753,166.16175673803565,157.74797104430564,119.94380748127972,0.05546386853660651,0
2.5154891611137145,1.2802225202528545,17.85946353026222,1.8400144292062872,105.1090488844298,142.24597904164995,213.1942504668294,0.017767439511499918,1
1.7177641565464619,0.09902872289049824,93.34732121082268,1.4171462108418333,74.37577340887735,104.79994895016634,86.24849018687206,0.0664299005708762,1
0.6233234496115818,0.6694946979682691,51.004228375149594,0.6735699493534544,87.71989557366138,167.29118599458053,163.2195367367357,0.06123191534188817,1
4.771674108972266,1.3176331600711673,42.70004037246379,1.2663958648912215,82.21002535763427,82.3800531033279,170.16938098030568,0.040473761878600543,2
0.39511203001145756,0.08665493572793675,66.66106556518946,1.245881473922707,159.7490028884033,145.5576774315233,197.08105031494108,0.011004137055011923,0
1.5584863600845744,0.6981384012538022,70.64541650502792,0.5906028031893904,120.55094219389731,106.36126304467274,86.36756545802298,0.028063138795693526,2
1.5605243857330204,1.3093755077158804,28.96191253272713,1.4102895554044212,156.29460469564754,165.80900565418858,179.55987560537886,0.046513857599411734,2
1.6699663020870532,1.4542156575540521,85.32449603289605,1.7124895983823467,112.43295211364403,151.64059503152643,80.52666621829114,0.02799226304139677,2
0.9050055320348055,2.3180916479854985,36.094338429614005,1.6235120813727173,183.4603403755858,166.20575258299334,125.08032243916242,0.061974200884571014,2
3.9374910115261166,1.6310967769639895,26.801553332288503,0.804454121246275,197.52804615841018,69.99469885189028,164.94632340380178,0.0741092404533631,1
0.7002395236333472,1.0661027161984848,46.57598675690477,1.7934387943313173,150.47637630539174,133.5410604962691,234.9178273623549,0.08704158910757522,0
3.211042629850498,2.329360383976016,75.75040728077187,1.0138132484890263,179.57188358543283,143.38487713142962,101.52026872094102,0.06822843568153739,1
0.7068455308585055,1.9729633093000962,96.89123605958231,1.919762567437912,126.1899900758094,143.93799713956312,108.77915193055676,0.07201082991293314,0
0.4456246242054872,0.5400218567262317,82.835313793429,0.6076219463385706,190.1931260530862,110.56006306542726,193.7725109452507,0.0647597678707472,2
4.556204568060795,0.37056378530460843,94.63135399031725,1.2293130327797641,174.7379728509242,41.575073128713356,143.7264879498078,0.09869374518514334,0
1.031630954961658,1.7057385075696958,22.654522366887413,1.3956865657663238,198.76678576490588,76.60030974167049,185.9816383268882,0.033490051217191744,0
4.124125757342551,1.4217137556636106,16.40591189773091,0.8714751477119071,143.4640602991671,85.26212250061334,249.5672084128254,0.03396328124614825,0
2.768691268424966,1.9847003537922516,60.19342857160041,1.6570702830803417,166.88101104023428,159.2851264194466,247.7681824293052,0.02137002772796737,0
0.4814969460829711,1.860072372692782,36.12677347396309,1.4403435197160754,131.43022099673203,157.72401439459082,140.13130851405163,0.05371158932825792,1
4.781696138046531,1.581768257950912,84.52494756723456,0.5271641559319333,88.86801564071342,54.655214565289654,165.66731015022154,0.018654553326782973,2
1.3101097182602734,2.4666363204907857,70.47890842620934,1.4125528860443537,103.21327566946366,172.97702344797605,233.79732696699685,0.03431319372082934,1
4.312262192227772,1.3572948387705013,97.3655347587215,1.2372173516276697,184.1008122096974,65.54404813120874,95.66850260945479,0.05344128358942525,2
0.9271690283443645,0.3271091034292136,32.93131201581738,0.7940438025552615,58.39219198979308,98.01032318212896,156.89166365226401,0.09618360543370157,1
4.284320122495079,2.0792702337991713,53.720570291970915,1.9936223405892943,138.7219829111612,70.12197525550576,144.18814921379803,0.09674316944561508,1
0.16482118323594053,0.6670407377469871,55.11164296828179,1.8457432922414223,105.8726048756163,160.44654563611005,130.13007135236953,0.07693662107229002,1
2.6077242371904554,1.9543902629526,31.525911537163857,0.9387615425435952,108.00388070083335,144.91628446030364,249.0147160267992,0.04503251454181165,0
3.8702686391656287,2.3949123852001257,63.1084059539207,1.3116063811979244,182.6856809620651,89.49403296429256,204.70337997530424,0.08786451460388915,0
4.680498035714638,1.7571490092126363,49.89573874713156,0.9747532098654361,178.07335618193397,135.46300764364776,146.08698870679672,0.08879102217168763,0
4.5550904674117865,1.5102738943270129,50.204940039088626,1.6632436274541171,139.8263563358703,65.81136378401592,220.93372158312127,0.09191776427168971,0
4.11616186078346,1.1779461304038497,42.646298317523524,1.8954971497946826,90.93782711065009,93.52159293264023,163.24323712104967,0.06760225433936917,1
4.45213761334039,0.9428041716887381,11.523641718298155,1.0382429103715753,121.3184519243036,92.79506236733515,228.38015010253596,0.028161351604709242,1
1.076176460601675,0.9148616398809989,56.98857132233101,1.7083763737154412,111.24400906838241,73.31113544099568,125.28457375719833,0.018197269549361357,2
1.492503048987471,1.609113128988497,40.1723052130298,1.2476113140698073,103.04270438037429,162.68368694160355,118.01203865580112,0.0923297953636117,0
1.5159457721131868,1.8906191364974776,10.11878820858967,1.0948678419673659,65.41783678359447,135.03840296707767,122.03873581206608,0.01499914973094427,0
1.9475642619083244,1.7123668202368154,37.71493368957388,1.9076327781481548,131.46708300729807,79.1915034789319,171.54169794125892,0.03663010534941954,0
2.0272712848874246,0.5361047479242287,35.07654997807813,1.2656070330785472,95.27469468117255,73.89690648806523,129.5232764963729,0.053826559033396344,0
2.7683210908079103,1.2602685913515534,45.410333790127225,1.2011157503861973,149.12119143912926,42.51348593989347,105.0103463048853,0.011977902358612824,0
0.8834108404955628,1.9895181768485044,21.866679067905725,1.5086516029435146,97.88059037382962,88.52151553092965,249.08674614597444,0.09162210328104195,0
3.487108652551348,1.215474991563188,55.6915442171576,0.8918513015274266,114.67452397022026,113.74797966414455,233.0736486650397,0.03584088953850115,1
0.9210760425920819,1.36472703535196,72.3196317266317,0.9871893061824737,57.85405612916113,78.8795318671727,187.95211437382355,0.012565431902851771,0
1.6205115623122832,1.9392833180185145,66.71670121491152,1.898068754357934,198.88071048582165,138.0641587001678,231.56228856707082,0.09942309975038666,0
2.566391139970155,1.6701000003494744,82.33794528122716,1.5177947681554136,126.14155749127637,97.64493406157727,239.0286653763292,0.038025386273576385,1
4.002558751465039,1.052895056161862,50.6807459188373,1.7399557216565085,53.635639124625925,84.28449718149349,194.93840961719204,0.08890884167368356,2
3.723399242869764,2.2437611424258366,56.71825573057554,0.9066676429031444,131.1845988141716,171.46807223064636,168.1755623775224,0.05081270085287929,1
3.2631183464115594,0.44828931822552254,82.9361746773085,1.315685284894808,180.55309989584745,76.79212282033947,229.94030467649512,0.06968133109494992,0
0.8632889768428338,2.4890152990462955,48.49310537373147,1.9570944004842472,165.8828201399304,95.75606681353189,176.5254894751946,0.03169811345836193,1
2.780522193516331,0.34118881726678113,73.14394149096373,0.9780558485423264,155.13600261941812,93.52071039290807,101.55609228515857,0.05525877942793198,0
0.5284878588194387,0.08662742920538531,49.11421318461927,0.7407147144755628,70.91969818985524,73.76776839397476,142.36552007777598,0.03318860731825243,1
1.949079566303589,2.2305463078144734,47.59625750604064,1.2663290123369961,148.66056184812084,70.44674357345833,155.8065617950141,0.09559754931385933,2
2.1262309984208003,0.6501360954965925,78.41850620762443,1.0817316330873143,164.94475670183903,82.33320263387651,239.01273274305123,0.015485087117462167,0
0.2950760532841938,1.8377640872444663,25.735322391959002,0.7393658491800703,135.8628595948245,160.99306379036534,192.0615302919898,0.03472065347543627,1
1.442541687402862,2.0369876685835697,40.47273747474162,1.8328270740550519,183.91235067805275,147.39160421210067,228.79718567530142,0.09037979888948909,1
4.782682389605798,2.1545166580286863,30.17550490722116,1.9860858658306668,91.5484672677328,135.3399319824073,208.79058914278914,0.05320323617565555,1
4.772799778365479,2.4794058773772085,42.31989486708374,1.3528732710349967,86.32170496088759,103.99441896994908,132.6763507088561,0.06400757007137531,0
1.8264025658374428,0.7703972895979978,30.73373401294216,1.662015152560181,180.43546174139692,111.08555784856449,202.18052882091115,0.06865240343460784,1
0.3111905338467879,1.7900961877217851,62.14650679779892,1.7885575543194494,143.80973644871784,77.39943836908445,113.20095510705869,0.016383476059620705,0
0.9775652027080897,0.33272965278802913,81.83537223560607,1.5514730090327404,50.2170830781499,50.404227937028466,149.38478799196952,0.011596486681772657,0
2.0218671878243466,1.046682763824281,80.79517550961117,0.5662340736675968,102.96971127665788,86.34567794086752,217.03561571650846,0.0944056946540176,2
4.744120520049226,2.1275306486158465,42.80508680939132,0.7364513475752267,178.67839787220117,109.38172583893126,184.02795752558882,0.03443525607671927,2
0.7918754113322062,0.9507622128448155,98.98843653048355,0.6064837867270797,54.09792674626149,48.02382651270654,220.32012601194455,0.0442281799391976,1
3.84122763397424,1.4981836823122545,63.44689282352207,0.5148194099630848,50.48718923922633,52.3526622879949,123.29960899950872,0.07138838536511946,0
0.6325444429359912,1.2842449371253535,45.946027160046526,0.9589946131358549,92.18889357876947,76.82353260383942,207.45730151264013,0.03126734893654492,1
4.908162129217256,1.6325812512245106,85.19853513172829,1.0885339407223396,187.1000055513917,91.39125230298663,114.39514144511222,0.07597642331507665,0
1.9699208456347617,2.4335912539998525,75.68866113783767,0.8615445985038885,185.22163722050246,95.06435355661873,172.70170930766125,0.051241796394694304,0
3.898649240605375,0.18655203992843522,77.4347803141694,0.5969069721294814,127.81429187022619,56.504049280320714,153.70088105725333,0.08709488247586519,1
1.7786963057745462,1.456205717878993,27.652541476048444,1.2947946362550165,132.98553067094338,71.61498963487043,174.60089582103717,0.03506865721889342,0
3.175577498078163,2.1644205091631976,52.14918766316996,0.9099789799357125,99.80120169757832,76.63061528890522,103.04068208480632,0.028344023241696874,1
1.04087881522618,1.2293876437836475,87.56453177421425,1.6940557322953436,86.56049930417149,49.468882668174466,141.40873883721198,0.08485195184873849,0
0.8155029945551164,0.2423916055568534,55.36342068658816,0.5120789324379218,172.28327813181772,85.65395808255762,193.37365124724954,0.03936934584935504,1
4.696514283883843,1.4233214134210888,71.51074690789453,1.7637905769314155,65.94422907494621,50.11102018577101,174.95023499377464,0.04706817814004546,1
4.596471661731724,0.8635810325183602,62.91403597308381,1.9321305184189355,123.10315563179536,138.4840980353538,173.32485901500934,0.08143370494191937,2
4.448597807043123,0.42960737407794297,85.81211089465438,1.5742025947303544,145.15958892456268,94.04668731802346,166.84111906231325,0.06720188836371176,2
3.1646239058163084,2.1301345575445088,35.61047557854424,1.6004660978938499,65.55204355565438,85.74533451297245,240.46043470660933,0.04975533013890422,0
4.060514234959763,1.3279188068282481,61.79277500977284,1.9003434674040998,127.94106432085192,57.71310401050496,238.8768486497548,0.03249014580141022,1
0.43828099086573713,2.3365272103287134,21.09112012088236,0.8136069279505237,136.62819318686647,71.71051176228542,141.22464537571003,0.07877808719665878,1
1.740466305264328,2.0247404362775194,72.1189699029521,1.991848352312865,161.3744090761047,72.57872925147731,139.8221519693148,0.026238793104105138,1
1.6371453113100658,1.7477808947454851,75.87710545174409,1.6602218050678128,85.22540737212992,177.92859008226242,174.33273761742038,0.09354516405277853,1
3.214662077567805,0.06231248324501424,13.855358907009858,1.5898560624916906,93.99912549361375,156.94891313118904,96.25306830366533,0.02352844622106975,1
1.8441930900061387,1.0981674687637124,70.82118672651865,1.0416358684929392,135.42817199495502,42.136720828680424,131.51113913047772,0.08244403227525665,0
0.827683230054036,0.5338413900474792,47.322113874920774,1.3186662281084158,197.46896149724213,126.35712270758717,119.24748618619937,0.04818239800553205,2
3.0226886695263646,2.281454882069726,21.16871884987141,1.4808766824100206,82.62397742301717,75.82741349906932,117.97624361719284,0.026740560964016086,1
4.090481211278499,0.4777307624570827,47.791679292862085,1.430514291975824,197.88557406851962,54.6127700347418,188.54593940219553,0.04621410444130941,1
1.9724051228538688,0.7508471265652495,27.480963672602353,1.5574769577163712,157.15137995817219,138.78396683676567,145.3395568385054,0.029939663457994023,1
0.7481167039825604,1.316250080949523,47.40035789109849,0.6235726086176159,173.91231044450348,58.42477692556889,109.09794370891206,0.022239428575226265,0
1.063772166832833,0.6952408665452943,44.590512516267495,1.0334726492475452,63.446190235450885,102.123709134163,230.8872136479191,0.031523985903750266,2
1.2636681953299818,0.564168459333847,76.45524732424518,1.1510000248932157,95.06302811459483,128.5031230775894,228.60527694942502,0.08806586252844274,2
1.5694982056732276,1.5177933465017437,79.67940023497229,0.8909439468124497,58.66044194764716,117.62926586169841,226.61869700047998,0.019534814873184182,1
3.249695845480915,0.26787733074980846,64.6325788946092,0.7589409054038356,105.73204925047628,176.868073762384,146.42664018382476,0.09752856289911017,0
3.0446328742348236,0.1925110088662656,12.041815796420279,0.7083912198692942,197.1934489880078,150.00396583715315,89.68701709677691,0.010449860831890914,2
3.510791321678492,0.9620009732058751,93.79200511638946,1.0495750883848776,65.79095933095077,148.38707265784856,98.14614304205412,0.06924143389521188,2
1.8762597242044148,1.8156279135442628,71.7609952086803,1.2401625508438487,134.35591735567994,89.78335517134437,126.92817356112087,0.08708607863542775,0
4.137588494211894,1.4092765577711728,13.077590492906996,0.594464660219991,50.91059342207185,41.17536889177984,117.39490069847129,0.09405618833140879,2
1.1000295396632256,1.0860473477436083,83.69496092927061,1.9196871418858243,156.9024224066094,142.81753015389637,228.57755542530202,0.02295870341110791,0
2.3982996628389546,1.436091332350227,28.02395392461965,1.6478649842911375,79.57890385580616,179.96249180139412,247.68089066617412,0.07283876468071061,2
4.024599735553009,0.9453561374005204,62.129907061399614,1.5962776597781998,69.43768056871444,96.82307508410618,218.8345225964064,0.019661429454008256,0
0.9827773738898343,2.3435585218086765,51.99709329551684,0.7592907874830904,100.55267182411814,177.97258985399642,204.07431346736203,0.04173503444869903,1
0.6383292573298365,0.1845169827313971,47.7854904119569,1.4057011520182834,165.65664469084723,59.8391353348085,180.0661037876434,0.07587337217562944,2
4.43005144167115,1.6998091236230963,90.07423481119578,1.2945874202130012,65.99196294668162,81.51172922914043,210.88441086057838,0.041137590354676026,2
1.7803553475200602,2.2336425288279886,49.36251624063532,1.9737032686800406,84.47584936980431,63.90177044394589,240.99566307270644,0.03820372554529611,2
3.450963612054257,2.019517536401371,16.780970581583567,1.621507655120237,51.26966324259643,106.5246362097542,182.22859388420378,0.020444915692216736,0
0.22420816089329856,0.5009005353125445,95.19748544934573,1.3636428255743467,195.26222940434272,151.57739621101086,106.28425148337176,0.015979428489527922,2
3.4812297532063035,0.7750195550017066,92.84817081156648,1.7762189997051834,138.82183999832958,87.69263681531355,107.85591393568235,0.02037501921535814,2
1.6488964265801558,1.8067674498324067,71.5989420623439,0.7326414062910642,157.98494545770492,166.87205120126202,179.25667653185965,0.0887927297450702,0
0.37313018257846453,0.2564628699928756,52.11032753188225,0.5228247945364658,147.70747567340217,116.27625786616991,136.68965176341732,0.011007867284283273,2
3.0880825315857736,2.039061164589831,18.357352564916916,1.5353500001217848,71.65468383045115,105.15941792386282,234.7420537916448,0.07235792825817602,2
1.279938698758549,1.8113220142817366,81.16733067197286,0.6474671903558562,139.24099084909912,150.1850179073387,183.97919675211529,0.0791761806899468,0
1.9953554860542122,1.8375362906265895,16.79301229816261,0.6731504599752638,69.71233927118931,54.20208958584984,195.00374428197125,0.061109947371468604,0
0.4948459802039167,0.2955913571555989,16.17408864056311,1.6170210896367958,110.18546809446919,148.32534596949446,80.98952071715344,0.07576978250648338,0
0.8210999303652321,1.8085133347997657,58.36454581954313,0.9058022662009837,135.34447038879395,74.01328002419574,164.80425385064592,0.06870427021225903,2
1.5600884539296347,1.7155544067889266,24.41154161661762,1.4429468233533393,133.8321671153234,79.31375660565325,153.29800263611497,0.05100026401852235,1
0.53982155274477,2.0857601025135337,10.69572406063141,1.8761103891391226,67.86101389741114,123.92352826481118,199.9982156504806,0.04444393850886404,0
4.5630486969629445,0.15191009282835027,48.08020878962076,0.9747117974567875,55.16539544697832,166.2708195064687,145.04857225667217,0.09471987895646562,2
0.12963051160149425,0.10662113774609089,22.349550844905934,0.8257162367598783,169.73514708107206,120.97697296792107,246.0177554208176,0.09747441933134213,1
2.470915072435126,0.963867394702474,24.446387375262212,0.6598443256115776,158.88836554940082,130.85290883122818,193.9345408645883,0.06861442632625267,1
0.703912544849502,0.41453129543042455,16.92195748618012,0.6956935421295891,62.27283568471071,148.72324254473838,192.1861166342402,0.02775689559086246,0
1.607627538441948,1.418041970047044,28.458437835124894,0.5933340430682641,69.11232782023302,76.30546625894814,236.28799460885705,0.05031092461940088,0
4.637691843109501,2.2975048086915346,74.39357617969505,0.6314635682446101,183.88756645844305,155.81271419257996,249.18482176271877,0.05468837410743464,0
0.8923033110425356,1.0091253393183386,82.80345764960123,1.148006883213731,165.369335243267,98.51442086940096,113.62951717455925,0.07821730472145955,0
4.832578366619829,2.12012842431788,50.72802796263706,0.9812975675359545,199.42404443250112,64.59179708876275,217.79063434650377,0.07009994181900875,0
1.1083924472481665,0.05059014256877287,55.589843429327594,1.559841221484497,88.09811738075325,89.01653112455749,107.59431420474468,0.05633329864851057,2
3.7336739314874654,0.46286087647500135,12.938953113478235,1.8053624873705028,123.17044833032223,74.45835564055155,157.69738701921568,0.07123281020084414,2
2.7787185979968276,0.12453767215250977,16.238463523418517,1.6771598047135765,85.46893640935335,72.01990471899043,97.03151873651993,0.012165116206039656,0
4.43394576522412,0.8539605922619182,33.18109530845652,1.2959558849984782,143.42002077159646,79.55884782068325,185.97306633941804,0.07989717896959274,2
2.814566951965342,2.2750645094564317,58.95085786418328,0.6536631743489801,67.3121358636977,65.33031406389253,159.64808777886276,0.02904690106062499,0
2.7193401738659126,0.28753270281752,76.55960338614936,1.5646509259123302,69.08647591145497,133.47824599157002,186.87882121537154,0.06907682256050343,0
1.0577442018051595,1.535703953022311,64.45027552042298,1.0442430870903103,60.7831837107684,121.1988459849164,195.2533279446202,0.020257592692330822,1
0.9145238740531277,1.1561650508426384,45.29150694881094,0.6284755908731152,154.03791233962505,130.78186501768,185.30348250531046,0.020301475233223135,0
4.5907968404660195,2.3492471202962406,20.64916657028244,1.7636996108189384,124.11088661498101,88.12146133594246,129.98495084325344,0.01320918794530318,1
1.7064071743651672,0.35017189921587993,80.26959113984705,1.0073247757737582,142.6596824531945,147.76267636036619,222.2830567314237,0.09192095291381606,2
1.9232030493181902,0.569468233730461,42.740744643915136,0.8273732487673571,181.89515698840384,58.145223733583066,173.78665389377107,0.06441028819226309,0
3.8231359262991034,0.12237782309815853,76.24486130345106,1.8071780969282647,161.0492727133038,119.95913932459042,163.27469944685652,0.042576574260623355,1
1.7602350638717563,1.1131413615968657,56.16809577229077,1.8532008026705074,119.25843772500365,78.56341611450634,247.80084671992864,0.0808999966917378,1
4.765105988531113,0.7306906039334031,76.47958482056427,1.0084562557873398,197.65339825913398,113.86538609766559,128.19634414010108,0.06634739805621989,2
3.715846068094122,2.181269538031286,91.65606053073147,1.0322021289220602,118.43841517129599,85.30920453363348,169.7651518321794,0.06580724661216464,1
3.0274032886097584,1.5321049923345,92.89265644484217,1.3694427913747163,66.86760098502998,150.67164711278133,195.99517836335855,0.05383385149267062,0
4.416386286669287,1.5545223080404693,58.15961020005431,1.6001622407159872,198.89821208790738,164.77805743733325,101.28840859864971,0.01071341008013878,0
0.3430689509124655,1.3531812073591911,56.03575282890749,0.5947238028602952,53.42310950222709,143.96137127202837,140.220753104911,0.03326162557824459,1
1.359607191727123,0.2750333262115425,33.91106189525535,1.3900154857827076,132.4825339231628,64.58171979889455,216.28708171954545,0.019816902514007466,0
2.3786780376824592,1.1402957751271205,94.22198483763623,1.9292300926753723,96.36432330495639,78.48136577437072,120.24889988197111,0.06961688671174986,0
1.2121948434104532,2.4987877147858657,51.21272504796588,0.8931408457699306,125.53282265254772,168.7101291725782,163.85936203361314,0.0323758739608298,1
3.7451354177805447,2.096311762572736,21.483211535863944,1.8632408211454008,133.80694288917823,101.21081787214818,187.2072030171051,0.05051499976460863,2
4.604119352163253,2.238974682709434,48.94344231638949,1.9252525111446404,86.01438444177313,171.76525730889736,194.09760006229203,0.04180872684608947,2
2.176473587661525,2.0669045801539236,21.434792521420356,0.9037304614566346,133.52881336058928,94.94323644071736,203.8127751481304,0.02288788641328276,0
1.7764497405482855,0.3024521489059076,55.227851583136754,1.6313027988280258,163.40916680083063,173.24845248269293,227.21614389730053,0.09625332095944474,1
4.811598587474075,0.6072482224587592,60.514796337059096,0.85816251247934,89.97647558659975,169.60345828266634,146.7861053157184,0.09400773804644943,0
2.2797769208549505,0.05764804582320359,40.398018534422675,1.606416742598199,107.51391999708606,132.47376459812628,200.12742741385554,0.01761473674329765,0
2.496337162201488,0.7935998059513731,16.44855528083362,1.6961299569332389,90.23640397460869,41.2357867846104,204.46969012094274,0.08446288181751968,1
1.8230843744753364,0.3160881357489068,94.91531820699151,0.8708085555659741,173.08395964823035,96.04685547663117,131.04660212158834,0.05395363144447359,2
4.556787517759478,1.2083436959888785,79.60178021350866,1.5738043153748524,158.7473388814395,167.5729181573834,244.586851535979,0.07963622961227662,0
2.887881868081069,1.70896234700606,85.4992972454609,1.7181568082961347,180.6794655827611,163.91544047513605,227.08725949875054,0.023604141782239026,2
3.834655477190059,2.1925379728432888,43.018155485760644,1.0378683081603677,75.5074839352489,66.23429201345591,129.2764258789259,0.021904672399978935,0
4.077852919919343,1.8855820544727007,78.47479270175054,0.7515541639845904,61.03694572396273,95.88554943567436,194.7616750367879,0.09016817508056837,1
1.7750603053945653,2.3495347096573376,53.68356056522748,0.6379468509762704,67.907525578801,156.971389903126,202.02610785807997,0.09080375426569548,1
2.2251022234698623,0.18205081146478258,28.097513956544134,1.3630725554149128,74.15274992363545,120.90289945500761,153.35221816681448,0.0519320946478248,2
4.257511694590697,0.07984059677052653,21.198103921649196,1.96714717897357,129.96239910122034,158.6218926824681,226.8363586099643,0.08831420178534083,0
1.8799512232114703,1.6702783788987212,41.054578238985115,1.734425480033324,195.63681055441472,155.7194338227988,197.33899009653675,0.07007130563532672,1
3.990282153914072,0.7589134050445033,22.37969003276257,1.1537594584018291,103.5853124925173,167.04748097334763,191.88629647596207,0.026650876834989283,0
4.710862380614742,0.6710774894591442,99.84420785836618,1.304931354282438,193.77624040403077,56.41088234724144,117.54286328840209,0.039605883821393385,0
3.1537308280332343,0.8606733648497961,14.427009120881985,0.9192918281177285,55.73011924837696,60.330119803492195,149.333192929429,0.02224545854578029,2
3.733973708514256,0.7110003418362922,49.70292394321689,0.7445988010400953,189.03083042219876,51.59326405566735,153.76682315249948,0.07965538020378397,0
4.044976829001561,1.303019195438889,50.688417015134576,1.2231217373484098,77.17289109574568,170.93763775336043,204.7223864184335,0.09867256522261748,0
4.240694279593548,1.1283636956991248,37.056873572350796,1.1952523492507778,186.87124785790232,106.52273381290505,185.12707269378393,0.05917404939094105,2
2.0357613554983005,1.3054499508728081,61.42164091362508,1.2828949292056402,58.43411451731917,49.005539687542736,94.5963004064654,0.06902779727034035,1
0.3511909499623911,1.6981483481760689,23.497932173639022,1.929206878345911,192.2329171242549,85.01418635196578,132.3086518208308,0.0771483311320273,0
2.0691937290600237,0.9984697469793135,80.55211425285103,1.4058429502171583,80.11973964782912,89.19776975819536,160.41807575846275,0.03018331921874414,0
3.40140552594204,0.6657038334982842,39.920294642287445,1.4086577549335606,95.4071090109741,153.33837528674601,205.24460079568883,0.040240112287009085,1
2.306716890325885,0.4571913151814264,63.22083308187776,0.6920371442916151,123.64135161544371,142.96676490392923,206.4067521135446,0.04710890901918113,2
3.769919439215953,0.9062115928549327,74.40753124602634,1.9947332992652307,107.10813218532128,136.51418693875968,163.39236245717825,0.06351294809309249,1
1.8492139043964533,1.8674258643531216,90.0137905921145,1.659267416352003,150.1291953894725,43.06089736279302,99.87850498431519,0.0865443320333898,0
3.210246291409745,1.9039270297731006,85.22086928069801,1.8158050161410073,196.2211650875116,167.49741149969304,129.79357857338263,0.03287831901309155,0
1.0134570437844754,1.6839181973763153,64.74781252932036,1.1214506177464911,140.96397362074111,70.17773736820382,123.29770498200178,0.052379992065501015,2
3.7719102395602895,0.6233690295018428,44.95538623454982,1.2531921436784375,158.2228114154824,128.06859665697488,212.774489752401,0.07763805200842405,2
2.773910247183827,1.4908113023440095,55.28842030674676,1.2831257137434147,63.20078754585522,48.654666021598686,110.59767338096111,0.017864649955416187,1
1.099915503878343,1.4481896708632778,79.18613140409224,0.7911418089344078,144.17186436050082,51.41365286208763,159.0366078071827,0.05616041124935607,2
1.5303647501392559,1.2364521853688275,88.97909883035257,1.5342337344904358,118.07746655696198,41.3408214582171,194.0221965974463,0.022994173302915255,1
3.768182672050979,1.3974485166404675,19.34037353590047,1.854465085426185,182.86735368794425,119.22987023634629,244.0136460015063,0.05852340070546145,1
2.4647460547414517,1.254887049927987,44.63706362437481,0.7455587272076285,108.23166494646529,128.11315374636666,249.87089863815478,0.07910404851838931,0
1.158554057926054,1.4353680968815652,79.85049385721506,0.6294774102292467,151.91812160748788,47.06472245265203,241.99676440442462,0.03132526699404458,1
4.8396288328144585,1.8029895888217655,48.84865863345649,1.6073283583105133,84.22305923886186,80.66788386696544,202.10119869310097,0.08645306009362344,1
3.604112597102751,0.31858907628842736,39.90049876596555,0.9098027475094731,88.9058800286294,159.20361798492235,206.89494161375558,0.04013236990735751,2
4.789960679445001,1.8865830927651084,47.01904271409426,1.435793812425994,106.41836463834105,54.183171355207975,209.06571659353295,0.027170637720199314,2
2.192814722265682,0.3829210678126058,64.25602721077158,1.543637506988271,95.60953062597541,70.31660303746636,226.6428290128693,0.051879105556376696,0
2.4279916693894306,0.213238596105418,99.98246297204213,0.9828661453727328,88.08182590851123,99.41476918613978,241.80352868487535,0.08884675738946847,0
4.499980559306594,2.4413952312425957,54.36931861940786,1.7227168961386765,57.450305885121395,157.91837436863625,155.77004456845566,0.016203975505669262,0
2.672741767202385,2.3946298337325818,28.764502745883448,1.3249834731713253,175.51194976286885,75.67886762652859,150.80684926716157,0.03948143195949808,1
3.5656666683377694,0.19806953510438197,24.65619177511853,1.8034991119277042,59.64522963369265,179.5991821508679,158.27895860436723,0.0687846852072202,2
1.335647099728097,1.1359709316136575,13.811477272877287,1.6449403288384212,183.10482734044515,89.73665383939397,192.168919147621,0.0421822781826027,1
2.288959696642939,0.5063000988344482,60.29355114264893,1.8028634480561807,68.81980836020904,94.10281218770723,211.82571736722,0.016374159525935402,0
0.7049043424707401,1.2390949979793244,59.01148823399508,0.5302420731768411,59.789260559398855,57.0948685923112,227.99254645322597,0.03987990719024264,2
1.1093021757971124,2.0839342453489893,28.471053410227825,0.8652593911078921,134.45071459710456,135.2277061199143,157.55582822804297,0.08388634475228773,1
0.10462273481139234,2.378998848120081,72.57964658073104,0.6350119106689079,125.36626888620826,74.08512558982741,141.773346450622,0.09712337702545235,2
0.29239875307843516,1.6039190009562667,76.69963374667127,1.1631245257840237,123.68518532478276,128.0414633413065,247.1699444993785,0.013580127765794658,1
4.888690733566953,0.9170688846689519,33.318838484390014,1.8349401824229774,136.17564912520967,71.24208197640972,119.42089557122847,0.061235543587156244,0
1.2875331061701354,1.5281476358292663,40.96897876267629,1.2013103934003038,93.05849091787336,94.30211741170551,117.74082199292113,0.019477308972416327,1
3.35022247656961,0.8144031999657034,99.1424505112531,1.7745695668705912,149.44239101444168,159.93409287361845,201.61926732050426,0.07123568762404053,1
4.211588524118096,2.279067920038548,43.68380210656608,0.9907673570289768,125.36033295607749,143.44682760636982,110.54174025244919,0.010710300340724586,0
2.798236250259165,2.1824811346093007,78.47215045804916,1.0093551092078785,100.2115200435988,61.642725992121285,147.8995299568408,0.011326746313663594,0
0.8504080504113853,1.4176677881851696,50.7452883966946,1.8433425954903164,173.9751000471092,125.0791434323742,129.70575979342283,0.07991918437875166,1
3.6677705429472156,0.8457573426818834,81.40103450748784,1.1387257197675522,159.1581644490065,128.0096912343333,108.68077764868127,0.016699179042756803,1
3.041231909487957,0.768804705178297,79.21209149043831,1.6846482316919995,109.0415512916933,52.679586290260545,178.55023064664192,0.037466350685835786,1
3.6831278878021383,0.13187408702739567,70.09804226786821,0.854965321822852,177.1426677843309,105.21279160703101,143.4969534282869,0.0962236381693448,0
3.8717584519997277,2.0487610850119733,86.93005116660213,1.9232012445164532,188.03873751676613,76.49357539346511,158.57980938423583,0.09867224057027242,0
4.879510801655251,1.1534388719455697,94.52966453899167,1.3618673697958568,130.52994006265436,105.39821998688761,113.29671082033772,0.02452625756974601,0
2.910460072130879,0.846575674580648,62.19849884068755,1.6389853528676028,82.24286752353811,148.7899387852025,210.5373564541986,0.06048117292922652,2
1.7740414521839492,1.204220369744497,31.372201650047113,0.6342735496923282,187.36882348204804,62.156338373444754,133.5010541866268,0.060323394564127,2
3.277476328811162,2.0559080766138975,45.87660654796675,1.238996338745793,78.42194301432758,57.262588782326134,138.2620904345728,0.0507142621479352,0
0.4353594752888681,0.3553048088834269,78.2475142161964,1.851557746601035,57.26348396259037,77.70430931480821,122.86617355701915,0.09322301424375962,2
4.497246859775773,2.151257171192477,68.57951366114825,1.815557943564957,99.12305133096963,173.31856304852164,153.84860726023575,0.07786305182117444,2
0.6849669555571642,2.248896646015467,26.001850470872387,0.5702209358513413,159.04495166915598,144.69538956589528,158.80802663057423,0.07880742421137495,1
1.7064299056405097,2.369434391833026,14.611558703178224,0.9555477036934201,188.49111295303243,42.72382079403652,170.04337577601757,0.03426124885924088,1
4.097152365067992,1.0238455814354381,71.46654341878585,1.16498000971862,145.59284702216598,96.14067794767273,244.48660793692974,0.049088779498147495,1
3.0268306538204883,0.5819939898922962,32.59711216264108,0.7583972215336823,192.775782044999,76.03571707125393,233.7976073677696,0.05386813286279078,2
